coverage,risk,threshold
0.00030627871362940275,0.0,0.0230683993149995
0.0006125574272588055,0.0,0.03999194117054498
0.0009188361408882082,0.0,0.040193411906920516
0.001225114854517611,0.0,0.04381988516168026
0.0015313935681470138,0.0,0.04452503273899466
0.0018376722817764165,0.0,0.04694268157550116
0.0021439509954058193,0.0,0.04825224136194218
0.002450229709035222,0.0,0.04936033041200766
0.0027565084226646246,0.0,0.04956180114838319
0.0030627871362940277,0.0,0.049864007252946506
0.0033690658499234303,0.0,0.051072831671199755
0.003675344563552833,0.0,0.051072831671199755
0.003981623277182236,0.0,0.056814747657902696
0.004287901990811639,0.0,0.05802357207615594
0.004594180704441042,0.0,0.05842651354890702
0.004900459418070444,0.0,0.06205298680366677
0.005206738131699847,0.0,0.06547798932205097
0.005513016845329249,0.0,0.06779490279036969
0.005819295558958652,0.05263157894736842,0.06819784426312078
0.006125574272588055,0.05,0.06950740404956181
0.006431852986217458,0.047619047619047616,0.06980961015412512
0.006738131699846861,0.045454545454545456,0.07001108089050066
0.007044410413476264,0.043478260869565216,0.07081696383600282
0.007350689127105666,0.08333333333333333,0.07242872972700716
0.007656967840735069,0.12,0.07383902488163595
0.007963246554364471,0.15384615384615385,0.07434270172257479
0.008269525267993875,0.14814814814814814,0.0743427017225748
0.008575803981623277,0.14285714285714285,0.07474564319532588
0.00888208269525268,0.13793103448275862,0.07686108592726906
0.009188361408882083,0.13333333333333333,0.077767704240959
0.009494640122511486,0.16129032258064516,0.07867432255464894
0.009800918836140888,0.15625,0.0791779993955878
0.01010719754977029,0.15151515151515152,0.0791779993955878
0.010413476263399694,0.14705882352941177,0.07927873476377556
0.010719754977029096,0.14285714285714285,0.07958094086833888
0.011026033690658498,0.1388888888888889,0.07988314697290218
0.011332312404287902,0.13513513513513514,0.07998388234108995
0.011638591117917305,0.15789473684210525,0.08068902991840436
0.011944869831546707,0.15384615384615385,0.08209932507303315
0.01225114854517611,0.15,0.08350962022766194
0.012557427258805513,0.14634146341463414,0.08491991538229071
0.012863705972434915,0.14285714285714285,0.08643094590510729
0.013169984686064319,0.13953488372093023,0.08653168127329507
0.013476263399693721,0.13636363636363635,0.08673315200967059
0.013782542113323124,0.13333333333333333,0.08683388737785837
0.014088820826952527,0.13043478260869565,0.08693462274604613
0.01439509954058193,0.1276595744680851,0.08753903495517275
0.014701378254211332,0.125,0.0877405056915483
0.015007656967840736,0.12244897959183673,0.08804271179611162
0.015313935681470138,0.12,0.0891508008461771
0.01562021439509954,0.13725490196078433,0.0898559484234915
0.015926493108728942,0.1346153846153846,0.09066183136899365
0.016232771822358345,0.1320754716981132,0.09086330210536919
0.01653905053598775,0.12962962962962962,0.09166918505087136
0.016845329249617153,0.12727272727272726,0.09176992041905913
0.017151607963246555,0.125,0.09197139115543466
0.017457886676875957,0.12280701754385964,0.09338168631006345
0.01776416539050536,0.1206896551724138,0.09398609851919008
0.01807044410413476,0.11864406779661017,0.09448977536012894
0.018376722817764167,0.11666666666666667,0.09479198146469225
0.01868300153139357,0.11475409836065574,0.09549712904200665
0.01898928024502297,0.11290322580645161,0.09559786441019442
0.019295558958652374,0.12698412698412698,0.0960008058829455
0.019601837672281776,0.125,0.09620227661932106
0.019908116385911178,0.12307692307692308,0.0963030119875088
0.02021439509954058,0.12121212121212122,0.09710889493301099
0.020520673813169986,0.11940298507462686,0.09781404251032538
0.020826952526799388,0.11764705882352941,0.09781404251032538
0.02113323124042879,0.11594202898550725,0.09882139619220309
0.021439509954058193,0.11428571428571428,0.10023169134683187
0.021745788667687595,0.11267605633802817,0.10023169134683187
0.022052067381316997,0.1111111111111111,0.10033242671501964
0.022358346094946403,0.1095890410958904,0.10043316208320742
0.022664624808575805,0.10810810810810811,0.10103757429233402
0.022970903522205207,0.10666666666666667,0.10123904502870958
0.02327718223583461,0.10526315789473684,0.10164198650146065
0.02358346094946401,0.1038961038961039,0.10174272186964843
0.023889739663093414,0.10256410256410256,0.10204492797421173
0.02419601837672282,0.10126582278481013,0.10275007555152615
0.02450229709035222,0.1125,0.10285081091971392
0.024808575803981624,0.1111111111111111,0.1029515462879017
0.025114854517611026,0.10975609756097561,0.103253752392465
0.025421133231240428,0.10843373493975904,0.10375742923340385
0.02572741194486983,0.10714285714285714,0.10405963533796718
0.026033690658499236,0.11764705882352941,0.10416037070615493
0.026339969372128638,0.11627906976744186,0.10466404754709378
0.02664624808575804,0.11494252873563218,0.10486551828346931
0.026952526799387443,0.11363636363636363,0.10647728417447366
0.027258805513016845,0.11235955056179775,0.10657801954266144
0.027565084226646247,0.12222222222222222,0.10718243175178806
0.02787136294027565,0.12087912087912088,0.1073839024881636
0.028177641653905055,0.11956521739130435,0.10758537322453914
0.028483920367534457,0.12903225806451613,0.10788757932910244
0.02879019908116386,0.1276595744680851,0.1083912561700413
0.02909647779479326,0.12631578947368421,0.10859272690641682
0.029402756508422664,0.125,0.1101037574292334
0.029709035222052066,0.12371134020618557,0.11030522816560893
0.03001531393568147,0.12244897959183673,0.11111111111111112
0.030321592649310874,0.12121212121212122,0.11221920016117659
0.030627871362940276,0.12,0.1125214062657399
0.030934150076569678,0.1188118811881188,0.11262214163392766
0.03124042879019908,0.11764705882352941,0.11302508310667876
0.031546707503828486,0.11650485436893204,0.11383096605218092
0.031852986217457885,0.11538461538461539,0.11463684899768307
0.03215926493108729,0.11428571428571428,0.11503979047043417
0.03246554364471669,0.11320754716981132,0.11514052583862194
0.032771822358346095,0.11214953271028037,0.11524126120680972
0.0330781010719755,0.1111111111111111,0.11624861488868743
0.0333843797856049,0.11009174311926606,0.11675229172962627
0.033690658499234305,0.10909090909090909,0.11725596857056513
0.033996937212863704,0.10810810810810811,0.11755817467512845
0.03430321592649311,0.10714285714285714,0.1180618515160673
0.03460949464012251,0.10619469026548672,0.11826332225244285
0.034915773353751914,0.10526315789473684,0.11846479298881839
0.03522205206738132,0.10434782608695652,0.11896846982975723
0.03552833078101072,0.11206896551724138,0.11906920519794499
0.035834609494640124,0.1111111111111111,0.11927067593432054
0.03614088820826952,0.11016949152542373,0.11957288203888385
0.03644716692189893,0.1092436974789916,0.11977435277525939
0.036753445635528334,0.10833333333333334,0.11987508814344716
0.03705972434915773,0.10743801652892562,0.12088244182532487
0.03736600306278714,0.10655737704918032,0.12118464792988819
0.03767228177641654,0.10569105691056911,0.12158758940263927
0.03797856049004594,0.10483870967741936,0.1224942077163292
0.03828483920367534,0.104,0.12269567845270475
0.03859111791730475,0.10317460317460317,0.12309861992545583
0.03889739663093415,0.10236220472440945,0.12370303213458245
0.03920367534456355,0.1015625,0.12380376750277022
0.03950995405819296,0.10077519379844961,0.12440817971189684
0.039816232771822356,0.1076923076923077,0.1246096504482724
0.04012251148545176,0.10687022900763359,0.12571773949833787
0.04042879019908116,0.10606060606060606,0.12591921023471342
0.040735068912710566,0.10526315789473684,0.12622141633927672
0.04104134762633997,0.1044776119402985,0.12642288707565227
0.04134762633996937,0.1037037037037037,0.12652362244384002
0.041653905053598776,0.10294117647058823,0.12722877002115443
0.041960183767228175,0.10218978102189781,0.12722877002115443
0.04226646248085758,0.10144927536231885,0.12773244686209329
0.042572741194486986,0.1079136690647482,0.1279339175984688
0.042879019908116385,0.10714285714285714,0.1280346529666566
0.04318529862174579,0.10638297872340426,0.12863906517578322
0.04349157733537519,0.1056338028169014,0.12884053591215874
0.043797856049004595,0.1048951048951049,0.12914274201672207
0.044104134762633994,0.10416666666666667,0.12924347738490985
0.0444104134762634,0.10344827586206896,0.12924347738490985
0.044716692189892805,0.10273972602739725,0.12954568348947315
0.045022970903522204,0.10204081632653061,0.12984788959403645
0.04532924961715161,0.10135135135135136,0.13075450790772639
0.04563552833078101,0.10067114093959731,0.13095597864410194
0.045941807044410414,0.1,0.13186259695779187
0.04624808575803982,0.09933774834437085,0.13266847990329406
0.04655436447166922,0.09868421052631579,0.13337362748060844
0.046860643185298624,0.10457516339869281,0.1334743628487962
0.04716692189892802,0.1038961038961039,0.1334743628487962
0.04747320061255743,0.1032258064516129,0.133575098216984
0.04777947932618683,0.10256410256410256,0.13417951042611062
0.04808575803981623,0.10191082802547771,0.13498539337161278
0.04839203675344564,0.10126582278481013,0.1355898055807394
0.04869831546707504,0.1069182389937107,0.13710083610355597
0.04900459418070444,0.10625,0.13720157147174372
0.04931087289433384,0.10559006211180125,0.13720157147174372
0.04961715160796325,0.10493827160493827,0.13810818978543368
0.049923430321592646,0.10429447852760736,0.13820892515362143
0.05022970903522205,0.10365853658536585,0.139719955676438
0.05053598774885146,0.10303030303030303,0.13982069104462577
0.050842266462480856,0.10843373493975904,0.13982069104462577
0.05114854517611026,0.10778443113772455,0.14032436788556463
0.05145482388973966,0.10714285714285714,0.14052583862194015
0.051761102603369066,0.10650887573964497,0.1418353984083812
0.05206738131699847,0.10588235294117647,0.1421376045129445
0.05237366003062787,0.10526315789473684,0.14284275209025887
0.052679938744257276,0.10465116279069768,0.14294348745844665
0.052986217457886675,0.10404624277456648,0.14294348745844668
0.05329249617151608,0.10344827586206896,0.1431449581948222
0.05359877488514548,0.10285714285714286,0.14405157650851216
0.053905053598774885,0.10227272727272728,0.14515966555857762
0.05421133231240429,0.1016949152542373,0.14546187166314092
0.05451761102603369,0.10112359550561797,0.14566334239951648
0.054823889739663095,0.1005586592178771,0.14576407776770425
0.055130168453292494,0.1,0.14616701924045533
0.0554364471669219,0.09944751381215469,0.14646922534501863
0.0557427258805513,0.0989010989010989,0.14677143144958193
0.056049004594180704,0.09836065573770492,0.14687216681776974
0.05635528330781011,0.09782608695652174,0.14717437292233304
0.05666156202143951,0.10270270270270271,0.1479802558678352
0.056967840735068914,0.10215053763440861,0.1482824619723985
0.05727411944869831,0.10160427807486631,0.14868540344514958
0.05758039816232772,0.10106382978723404,0.1486854034451496
0.057886676875957124,0.10582010582010581,0.1492898156542762
0.05819295558958652,0.10526315789473684,0.14949128639065176
0.05849923430321593,0.1099476439790576,0.14979349249521506
0.05880551301684533,0.109375,0.14989422786340284
0.05911179173047473,0.10880829015544041,0.15019643396796614
0.05941807044410413,0.1134020618556701,0.15049864007252947
0.05972434915773354,0.11282051282051282,0.15059937544071725
0.06003062787136294,0.11224489795918367,0.15150599375440718
0.06033690658499234,0.1116751269035533,0.15160672912259496
0.06064318529862175,0.1111111111111111,0.15180819985897048
0.060949464012251146,0.11557788944723618,0.1518081998589705
0.06125574272588055,0.115,0.15211040596353378
0.06156202143950995,0.11442786069651742,0.15251334743628486
0.061868300153139356,0.11386138613861387,0.1528155535408482
0.06217457886676876,0.11330049261083744,0.15291628890903594
0.06248085758039816,0.11764705882352941,0.15291628890903597
0.06278713629402756,0.11707317073170732,0.15331923038178705
0.06309341500765697,0.11650485436893204,0.15341996574997482
0.06339969372128637,0.11594202898550725,0.15382290722272587
0.06370597243491577,0.1201923076923077,0.15402437795910146
0.06401225114854518,0.11961722488038277,0.1541251133272892
0.06431852986217458,0.11904761904761904,0.15432658406366476
0.06462480857580398,0.11848341232227488,0.1548302609046036
0.06493108728943338,0.1179245283018868,0.1552332023773547
0.06523736600306279,0.12206572769953052,0.15543467311373024
0.06554364471669219,0.12149532710280374,0.15573687921829354
0.06584992343032159,0.12093023255813953,0.15583761458648132
0.066156202143951,0.12037037037037036,0.15644202679560795
0.0664624808575804,0.11981566820276497,0.15664349753198348
0.0667687595712098,0.11926605504587157,0.15694570363654678
0.0670750382848392,0.1187214611872146,0.1572479097411101
0.06738131699846861,0.11818181818181818,0.1572479097411101
0.06768759571209801,0.11764705882352941,0.15815452805480004
0.06799387442572741,0.11711711711711711,0.15865820489573887
0.06830015313935682,0.11659192825112108,0.15885967563211442
0.06860643185298622,0.11607142857142858,0.1589604110003022
0.06891271056661562,0.11555555555555555,0.1589604110003022
0.06921898928024502,0.11946902654867257,0.15926261710486553
0.06952526799387443,0.11894273127753303,0.15926261710486553
0.06983154670750383,0.11842105263157894,0.15926261710486553
0.07013782542113323,0.11790393013100436,0.15946408784124108
0.07044410413476264,0.12173913043478261,0.15966555857761658
0.07075038284839204,0.12121212121212122,0.15976629394580436
0.07105666156202144,0.1206896551724138,0.1613780598368087
0.07136294027565085,0.12017167381974249,0.16137805983680872
0.07166921898928025,0.11965811965811966,0.16147879520499647
0.07197549770290965,0.11914893617021277,0.16198247204593533
0.07228177641653905,0.11864406779661017,0.1620832074141231
0.07258805513016846,0.11814345991561181,0.16258688425506196
0.07289433384379786,0.11764705882352941,0.1626876196232497
0.07320061255742726,0.11715481171548117,0.16288909035962526
0.07350689127105667,0.12083333333333333,0.1631912964641886
0.07381316998468607,0.12448132780082988,0.1641986501460663
0.07411944869831547,0.12396694214876033,0.16500453309156846
0.07442572741194486,0.12345679012345678,0.165206003827944
0.07473200612557428,0.12704918032786885,0.1658104160370706
0.07503828483920368,0.12653061224489795,0.1658104160370706
0.07534456355283307,0.12601626016260162,0.16611262214163391
0.07565084226646249,0.12550607287449392,0.16611262214163394
0.07595712098009189,0.125,0.16631409287800947
0.07626339969372128,0.12449799196787148,0.16631409287800947
0.07656967840735068,0.124,0.16641482824619724
0.0768759571209801,0.12350597609561753,0.16651556361438502
0.0771822358346095,0.12301587301587301,0.16651556361438502
0.0774885145482389,0.1225296442687747,0.1669185050871361
0.0777947932618683,0.1220472440944882,0.16711997582351165
0.0781010719754977,0.12549019607843137,0.16722071119169937
0.0784073506891271,0.125,0.16732144655988715
0.0787136294027565,0.1245136186770428,0.16782512340082603
0.07901990811638591,0.12403100775193798,0.1682280648735771
0.07932618683001531,0.12355212355212356,0.1683288002417649
0.07963246554364471,0.12692307692307692,0.16842953560995266
0.07993874425727412,0.13026819923371646,0.16853027097814044
0.08024502297090352,0.13358778625954199,0.16853027097814044
0.08055130168453292,0.13307984790874525,0.16863100634632822
0.08085758039816232,0.13636363636363635,0.16953762466001812
0.08116385911179173,0.13962264150943396,0.16973909539639367
0.08147013782542113,0.13909774436090225,0.17024277223733253
0.08177641653905053,0.13857677902621723,0.17044424297370808
0.08208269525267994,0.13805970149253732,0.1712501259192102
0.08238897396630934,0.1412639405204461,0.17155233202377354
0.08269525267993874,0.14074074074074075,0.17165306739196132
0.08300153139356815,0.14022140221402213,0.17266042107383903
0.08330781010719755,0.14338235294117646,0.1727611564420268
0.08361408882082695,0.14285714285714285,0.17316409791477785
0.08392036753445635,0.14233576642335766,0.17386924549209226
0.08422664624808576,0.14545454545454545,0.17407071622846781
0.08453292496171516,0.14492753623188406,0.17437292233303112
0.08483920367534456,0.148014440433213,0.17467512843759445
0.08514548238897397,0.1474820143884892,0.17467512843759445
0.08545176110260337,0.14695340501792115,0.17497733454215778
0.08575803981623277,0.15,0.1750780699103455
0.08606431852986217,0.1494661921708185,0.17527954064672105
0.08637059724349158,0.14893617021276595,0.1754810113830966
0.08667687595712098,0.14840989399293286,0.1757832174876599
0.08698315467075038,0.14788732394366197,0.1757832174876599
0.08728943338437979,0.14736842105263157,0.17608542359222323
0.08759571209800919,0.14685314685314685,0.1765891004331621
0.08790199081163859,0.14634146341463414,0.17679057116953764
0.08820826952526799,0.14583333333333334,0.17679057116953764
0.0885145482388974,0.1453287197231834,0.17699204190591314
0.0888208269525268,0.14482758620689656,0.17739498337866424
0.0891271056661562,0.14432989690721648,0.1778986602196031
0.08943338437978561,0.14726027397260275,0.17810013095597865
0.08973966309341501,0.14675767918088736,0.1782008663241664
0.09004594180704441,0.14965986394557823,0.1783016016923542
0.0903522205206738,0.15254237288135594,0.17910748463785633
0.09065849923430322,0.15202702702702703,0.17910748463785633
0.09096477794793262,0.15151515151515152,0.17910748463785633
0.09127105666156202,0.15100671140939598,0.1793089553742319
0.09157733537519143,0.1505016722408027,0.17951042611060744
0.09188361408882083,0.15,0.179711896846983
0.09218989280245023,0.14950166112956811,0.17981263221517074
0.09249617151607964,0.1490066225165563,0.17981263221517074
0.09280245022970904,0.1485148514851485,0.17981263221517074
0.09310872894333844,0.14802631578947367,0.18011483831973407
0.09341500765696784,0.15081967213114755,0.18031630905610962
0.09372128637059725,0.1503267973856209,0.1807192505288607
0.09402756508422665,0.1498371335504886,0.18081998589704842
0.09433384379785605,0.14935064935064934,0.1813236627379873
0.09464012251148546,0.1488673139158576,0.18142439810617508
0.09494640122511486,0.14838709677419354,0.18192807494711394
0.09525267993874426,0.14790996784565916,0.18223028105167724
0.09555895865237365,0.14743589743589744,0.18313689936536717
0.09586523736600307,0.14696485623003194,0.18343910546993047
0.09617151607963247,0.1464968152866242,0.18595748967462478
0.09647779479326186,0.14603174603174604,0.18625969577918808
0.09678407350689128,0.14556962025316456,0.18686410798831468
0.09709035222052068,0.14511041009463724,0.18726704946106576
0.09739663093415007,0.14465408805031446,0.1872670494610658
0.09770290964777947,0.14420062695924765,0.18797219703838017
0.09800918836140889,0.14375,0.18847587387931905
0.09831546707503828,0.14330218068535824,0.18857660924750683
0.09862174578866768,0.14285714285714285,0.18867734461569455
0.0989280245022971,0.14241486068111456,0.18938249219300896
0.0992343032159265,0.14506172839506173,0.18978543366576003
0.0995405819295559,0.14461538461538462,0.18978543366576006
0.09984686064318529,0.1441717791411043,0.1898861690339478
0.1001531393568147,0.1437308868501529,0.19008763977032336
0.1004594180704441,0.14329268292682926,0.19028911050669892
0.1007656967840735,0.14285714285714285,0.19049058124307447
0.10107197549770292,0.14242424242424243,0.19049058124307447
0.10137825421133231,0.1419939577039275,0.19250528860682983
0.10168453292496171,0.14457831325301204,0.19270675934320539
0.10199081163859111,0.14414414414414414,0.19280749471139316
0.10229709035222052,0.1437125748502994,0.19280749471139316
0.10260336906584992,0.14626865671641792,0.1929082300795809
0.10290964777947932,0.14583333333333334,0.19300896544776872
0.10321592649310873,0.14540059347181009,0.1931097008159565
0.10352220520673813,0.14497041420118342,0.19321043618414424
0.10382848392036753,0.14454277286135694,0.19361337765689535
0.10413476263399694,0.14411764705882352,0.19371411302508312
0.10444104134762634,0.1436950146627566,0.19391558376145865
0.10474732006125574,0.14619883040935672,0.19401631912964643
0.10505359877488514,0.1457725947521866,0.19431852523420975
0.10535987748851455,0.14534883720930233,0.19492293744333633
0.10566615620214395,0.14782608695652175,0.19512440817971188
0.10597243491577335,0.14739884393063585,0.19522514354789966
0.10627871362940276,0.14697406340057637,0.19532587891608744
0.10658499234303216,0.14655172413793102,0.19603102649340184
0.10689127105666156,0.14613180515759314,0.19623249722977734
0.10719754977029096,0.1457142857142857,0.19633323259796512
0.10750382848392037,0.1452991452991453,0.19653470333434067
0.10781010719754977,0.14488636363636365,0.19723985091165508
0.10811638591117917,0.14447592067988668,0.1975420570162184
0.10842266462480858,0.1440677966101695,0.1979449984889695
0.10872894333843798,0.14366197183098592,0.19865014606628387
0.10903522205206738,0.14325842696629212,0.1988516168026594
0.10934150076569678,0.14565826330532214,0.19895235217084717
0.10964777947932619,0.1452513966480447,0.19905308753903495
0.10995405819295559,0.14484679665738162,0.1992545582754105
0.11026033690658499,0.14444444444444443,0.19955676437997383
0.1105666156202144,0.14681440443213298,0.2001611765891004
0.1108728943338438,0.1464088397790055,0.2005641180618515
0.1111791730474732,0.14600550964187328,0.20106779490279036
0.1114854517611026,0.14560439560439561,0.20147073637554144
0.11179173047473201,0.14520547945205478,0.20157147174372922
0.11209800918836141,0.14754098360655737,0.20237735468923138
0.11240428790199081,0.14713896457765668,0.20278029616198245
0.11271056661562022,0.14673913043478262,0.20318323763473356
0.11301684532924962,0.14634146341463414,0.20358617910748467
0.11332312404287902,0.14594594594594595,0.2037876498438602
0.11362940275650842,0.14555256064690028,0.2037876498438602
0.11393568147013783,0.14516129032258066,0.2037876498438602
0.11424196018376723,0.1447721179624665,0.2043920620529868
0.11454823889739663,0.1443850267379679,0.20449279742117457
0.11485451761102604,0.144,0.20449279742117457
0.11516079632465544,0.14361702127659576,0.2050972096303012
0.11546707503828484,0.14323607427055704,0.2053994157348645
0.11577335375191425,0.1455026455026455,0.20539941573486453
0.11607963246554365,0.14511873350923482,0.2058023572076156
0.11638591117917305,0.14736842105263157,0.20610456331217888
0.11669218989280244,0.14698162729658792,0.20620529868036666
0.11699846860643186,0.14659685863874344,0.20650750478493
0.11730474732006126,0.1462140992167102,0.20660824015311777
0.11761102603369065,0.14583333333333334,0.20670897552130554
0.11791730474732007,0.14545454545454545,0.20670897552130554
0.11822358346094947,0.14507772020725387,0.2068097108894933
0.11852986217457886,0.14470284237726097,0.20691044625768107
0.11883614088820826,0.14432989690721648,0.20711191699405662
0.11914241960183768,0.14395886889460155,0.20711191699405662
0.11944869831546708,0.14358974358974358,0.20731338773043215
0.11975497702909647,0.1432225063938619,0.20741412309861992
0.12006125574272589,0.14285714285714285,0.20781706457137103
0.12036753445635529,0.1450381679389313,0.20781706457137103
0.12067381316998468,0.1446700507614213,0.20801853530774653
0.12098009188361408,0.14430379746835442,0.2081192706759343
0.1212863705972435,0.14393939393939395,0.20822000604412208
0.1215926493108729,0.14357682619647355,0.20852221214868538
0.12189892802450229,0.14321608040201006,0.2088244182532487
0.1222052067381317,0.14285714285714285,0.20902588898962426
0.1225114854517611,0.1425,0.20942883046237534
0.1228177641653905,0.14214463840399003,0.2098317719351264
0.1231240428790199,0.1417910447761194,0.20983177193512645
0.12343032159264931,0.14392059553349876,0.20983177193512645
0.12373660030627871,0.14356435643564355,0.210033242671502
0.12404287901990811,0.145679012345679,0.21013397803968972
0.12434915773353752,0.14532019704433496,0.21013397803968972
0.12465543644716692,0.14496314496314497,0.2106376548806286
0.12496171516079632,0.14460784313725492,0.2117457439306941
0.12526799387442572,0.14425427872860636,0.2118464792988818
0.12557427258805512,0.14390243902439023,0.21194721466706964
0.12588055130168455,0.1435523114355231,0.21204795003525737
0.12618683001531394,0.14320388349514562,0.21245089150800844
0.12649310872894334,0.14285714285714285,0.21275309761257177
0.12679938744257274,0.14251207729468598,0.21285383298075955
0.12710566615620214,0.14457831325301204,0.21365971592626173
0.12741194486983154,0.14423076923076922,0.21416339276720056
0.12771822358346094,0.14388489208633093,0.21416339276720056
0.12802450229709036,0.14354066985645933,0.21446559887176386
0.12833078101071976,0.1431980906921241,0.21466706960813942
0.12863705972434916,0.14285714285714285,0.21496927571270272
0.12894333843797856,0.14251781472684086,0.21496927571270275
0.12924961715160796,0.14218009478672985,0.21527148181726605
0.12955589586523736,0.14184397163120568,0.21527148181726605
0.12986217457886676,0.14150943396226415,0.2154729525536416
0.13016845329249618,0.14352941176470588,0.2160773647627682
0.13047473200612558,0.14553990610328638,0.21617810013095595
0.13078101071975498,0.1451990632318501,0.21648030623551928
0.13108728943338438,0.14485981308411214,0.21658104160370706
0.13139356814701378,0.1445221445221445,0.21698398307645816
0.13169984686064318,0.14418604651162792,0.21728618918102147
0.13200612557427258,0.14385150812064965,0.21738692454920924
0.132312404287902,0.14351851851851852,0.21758839528558474
0.1326186830015314,0.14318706697459585,0.2175883952855848
0.1329249617151608,0.14285714285714285,0.21768913065377257
0.1332312404287902,0.1425287356321839,0.21768913065377257
0.1335375191424196,0.14220183486238533,0.21809207212652362
0.133843797856049,0.14187643020594964,0.2181928074947114
0.1341500765696784,0.1415525114155251,0.21839427823108695
0.13445635528330782,0.14123006833712984,0.21839427823108695
0.13476263399693722,0.1409090909090909,0.2184950135992747
0.13506891271056662,0.14058956916099774,0.218797219703838
0.13537519142419602,0.14027149321266968,0.21899869044021358
0.13568147013782542,0.14221218961625282,0.21940163191296466
0.13598774885145481,0.14189189189189189,0.21960310264934016
0.1362940275650842,0.14157303370786517,0.2206104563312179
0.13660030627871364,0.1412556053811659,0.22081192706759345
0.13690658499234304,0.14093959731543623,0.221013397803969
0.13721286370597244,0.140625,0.22121486854034447
0.13751914241960184,0.1403118040089087,0.22131560390853225
0.13782542113323124,0.14222222222222222,0.2213156039085323
0.13813169984686063,0.1419068736141907,0.22141633927672008
0.13843797856049003,0.14380530973451328,0.22161781001309558
0.13874425727411946,0.1434878587196468,0.22161781001309558
0.13905053598774886,0.14317180616740088,0.2217185453812834
0.13935681470137826,0.14285714285714285,0.2219200161176589
0.13966309341500766,0.1425438596491228,0.22232295759041
0.13996937212863705,0.1422319474835886,0.22252442832678554
0.14027565084226645,0.14192139737991266,0.22252442832678554
0.14058192955589585,0.14161220043572983,0.22282663443134884
0.14088820826952528,0.14130434782608695,0.22292736979953662
0.14119448698315468,0.14099783080260303,0.22322957590409995
0.14150076569678408,0.1406926406926407,0.22322957590409995
0.14180704441041347,0.14038876889848811,0.22333031127228772
0.14211332312404287,0.1400862068965517,0.22353178200866322
0.14241960183767227,0.13978494623655913,0.223632517376851
0.1427258805513017,0.13948497854077252,0.22373325274503877
0.1430321592649311,0.139186295503212,0.22403545884960208
0.1433384379785605,0.1388888888888889,0.2240354588496021
0.1436447166921899,0.13859275053304904,0.22413619421778988
0.1439509954058193,0.14042553191489363,0.22443840032235318
0.1442572741194487,0.14012738853503184,0.2246398710587287
0.1445635528330781,0.13983050847457626,0.22494207716329204
0.14486983154670752,0.13953488372093023,0.22584869547698197
0.14517611026033692,0.14135021097046413,0.22584869547698197
0.14548238897396631,0.1431578947368421,0.22584869547698197
0.1457886676875957,0.14285714285714285,0.22625163694973305
0.1460949464012251,0.14465408805031446,0.22645310768610857
0.1464012251148545,0.14435146443514643,0.2278634028407374
0.1467075038284839,0.1440501043841336,0.2278634028407374
0.14701378254211334,0.14375,0.22806487357711291
0.14732006125574273,0.14345114345114346,0.22866928578623955
0.14762633996937213,0.14315352697095435,0.22866928578623957
0.14793261868300153,0.14285714285714285,0.2288707565226151
0.14823889739663093,0.14256198347107438,0.22917296262717837
0.14854517611026033,0.1422680412371134,0.2294751687317417
0.14885145482388973,0.1419753086419753,0.22957590409992945
0.14915773353751915,0.14168377823408623,0.22987811020449278
0.14946401225114855,0.1413934426229508,0.22987811020449278
0.14977029096477795,0.1411042944785276,0.2298781102044928
0.15007656967840735,0.14081632653061224,0.23018031630905614
0.15038284839203675,0.14052953156822812,0.23068399314999496
0.15068912710566615,0.1402439024390244,0.23078472851818274
0.15099540581929555,0.13995943204868155,0.2311876699909338
0.15130168453292497,0.1396761133603239,0.23128840535912157
0.15160796324655437,0.1393939393939394,0.23128840535912157
0.15191424196018377,0.13911290322580644,0.23148987609549712
0.15222052067381317,0.13883299798792756,0.23179208220006045
0.15252679938744257,0.13855421686746988,0.231993552936436
0.15283307810107197,0.13827655310621242,0.23209428830462375
0.15313935681470137,0.138,0.23249722977737483
0.1534456355283308,0.1377245508982036,0.23290017125012588
0.1537519142419602,0.13745019920318724,0.23340384809106474
0.1540581929555896,0.13717693836978131,0.2337060541956281
0.154364471669219,0.1388888888888889,0.23380678956381584
0.1546707503828484,0.13861386138613863,0.23380678956381587
0.1549770290964778,0.1383399209486166,0.23390752493200362
0.15528330781010719,0.13806706114398423,0.23410899566837914
0.1555895865237366,0.1377952755905512,0.2343104664047547
0.155895865237366,0.137524557956778,0.23451193714113025
0.1562021439509954,0.13725490196078433,0.2349148786138813
0.1565084226646248,0.136986301369863,0.23491487861388136
0.1568147013782542,0.13671875,0.23501561398206908
0.1571209800918836,0.1364522417153996,0.23511634935025685
0.157427258805513,0.13618677042801555,0.23521708471844463
0.15773353751914243,0.13592233009708737,0.2353178200866324
0.15803981623277183,0.13565891472868216,0.23551929082300793
0.15834609494640123,0.13733075435203096,0.2357207615593835
0.15865237366003063,0.138996138996139,0.23582149692757126
0.15895865237366003,0.13872832369942195,0.23582149692757126
0.15926493108728942,0.13846153846153847,0.23582149692757126
0.15957120980091882,0.1401151631477927,0.23652664450488567
0.15987748851454825,0.13984674329501914,0.23662737987307345
0.16018376722817765,0.13957934990439771,0.23723179208220005
0.16049004594180705,0.13931297709923665,0.23783620429132668
0.16079632465543645,0.14095238095238094,0.23833988113226554
0.16110260336906584,0.14258555133079848,0.23864208723682886
0.16140888208269524,0.14231499051233396,0.23864208723682886
0.16171516079632464,0.14204545454545456,0.23874282260501659
0.16202143950995407,0.14177693761814744,0.23874282260501659
0.16232771822358347,0.14150943396226415,0.23934723481414322
0.16263399693721287,0.14124293785310735,0.23934723481414324
0.16294027565084226,0.14097744360902256,0.23934723481414324
0.16324655436447166,0.14071294559099437,0.23954870555051877
0.16355283307810106,0.1404494382022472,0.2398509116550821
0.1638591117917305,0.14205607476635515,0.240757529968772
0.1641653905053599,0.1417910447761194,0.24085826533695978
0.16447166921898929,0.14152700186219738,0.24126120680971094
0.16477794793261868,0.1412639405204461,0.24176488365064974
0.16508422664624808,0.14285714285714285,0.24176488365064974
0.16539050535987748,0.1425925925925926,0.24176488365064974
0.16569678407350688,0.1423290203327172,0.24196635438702527
0.1660030627871363,0.14206642066420663,0.24206708975521307
0.1663093415007657,0.141804788213628,0.24206708975521307
0.1666156202143951,0.14154411764705882,0.2424700312279641
0.1669218989280245,0.14311926605504588,0.24247003122796415
0.1672281776416539,0.14285714285714285,0.24247003122796415
0.1675344563552833,0.1425959780621572,0.24257076659615193
0.1678407350689127,0.14233576642335766,0.24277223733252748
0.16814701378254213,0.14207650273224043,0.24337664954165406
0.16845329249617153,0.14181818181818182,0.2435781202780296
0.16875957120980092,0.14156079854809436,0.2445854739599073
0.16906584992343032,0.14130434782608695,0.24488768006447062
0.16937212863705972,0.1410488245931284,0.2449884154326584
0.16967840735068912,0.1407942238267148,0.24508915080084617
0.16998468606431852,0.14054054054054055,0.2453913569054095
0.17029096477794795,0.14028776978417265,0.24549209227359725
0.17059724349157734,0.1400359066427289,0.2460965044827239
0.17090352220520674,0.13978494623655913,0.2463987105872872
0.17120980091883614,0.13953488372093023,0.246499445955475
0.17151607963246554,0.1392857142857143,0.24690238742822604
0.17182235834609494,0.13903743315508021,0.247809005741916
0.17212863705972434,0.1387900355871886,0.24790974111010378
0.17243491577335376,0.13854351687388988,0.2481112118464793
0.17274119448698316,0.13829787234042554,0.2481112118464793
0.17304747320061256,0.13982300884955753,0.24831268258285485
0.17335375191424196,0.13957597173144876,0.24841341795104258
0.17366003062787136,0.13932980599647266,0.2485141533192304
0.17396630934150076,0.13908450704225353,0.24861488868741818
0.17427258805513016,0.140597539543058,0.2487156240556059
0.17457886676875958,0.14035087719298245,0.24901783016016923
0.17488514548238898,0.14185639229422067,0.24921930089654476
0.17519142419601838,0.14160839160839161,0.2495215070011081
0.17549770290964778,0.1431064572425829,0.24962224236929587
0.17580398162327718,0.14285714285714285,0.2499244484738592
0.17611026033690658,0.1426086956521739,0.250428125314798
0.17641653905053598,0.1423611111111111,0.2505288606829858
0.1767228177641654,0.1438474870017331,0.25073033141936135
0.1770290964777948,0.14359861591695502,0.25113327289211246
0.1773353751914242,0.14335060449050085,0.25133474362848796
0.1776416539050536,0.14310344827586208,0.2515362143648635
0.177947932618683,0.14457831325301204,0.2515362143648635
0.1782542113323124,0.14432989690721648,0.2518384204694268
0.1785604900459418,0.14408233276157806,0.2522413619421779
0.17886676875957122,0.14383561643835616,0.2527450387831167
0.17917304747320062,0.14358974358974358,0.2530472448876801
0.17947932618683002,0.14334470989761092,0.2531479802558679
0.17978560490045942,0.14310051107325383,0.2533494509922434
0.18009188361408882,0.14285714285714285,0.25345018636043115
0.18039816232771821,0.14261460101867574,0.25365165709680665
0.1807044410413476,0.1423728813559322,0.25395386320137003
0.18101071975497704,0.14213197969543148,0.2542560693059333
0.18131699846860644,0.14189189189189189,0.2543568046741211
0.18162327718223584,0.14165261382799327,0.25445754004230886
0.18192955589586524,0.1414141414141414,0.2546590107786844
0.18223583460949463,0.14285714285714285,0.25486048151505997
0.18254211332312403,0.14261744966442952,0.25496121688324774
0.18284839203675343,0.1423785594639866,0.2551626876196233
0.18315467075038286,0.14214046822742474,0.2553641583559988
0.18346094946401226,0.1419031719532554,0.25556562909237435
0.18376722817764166,0.14166666666666666,0.2560693059333132
0.18407350689127105,0.14309484193011648,0.2562707766696887
0.18437978560490045,0.14285714285714285,0.25667371814243983
0.18468606431852985,0.14262023217247097,0.25677445351062755
0.18499234303215928,0.1423841059602649,0.2567744535106276
0.18529862174578868,0.14214876033057852,0.25697592424700316
0.18560490045941808,0.1419141914191419,0.257479601087942
0.18591117917304747,0.14332784184514002,0.25758033645612977
0.18621745788667687,0.14309210526315788,0.2576810718243175
0.18652373660030627,0.14285714285714285,0.25818474866525637
0.18683001531393567,0.14262295081967213,0.25828548403344415
0.1871362940275651,0.14238952536824878,0.2584869547698197
0.1874425727411945,0.1437908496732026,0.2586884255061952
0.1877488514548239,0.14355628058727568,0.2586884255061952
0.1880551301684533,0.14332247557003258,0.258789160874383
0.1883614088820827,0.14308943089430895,0.25878916087438303
0.1886676875957121,0.14285714285714285,0.25888989624257075
0.1889739663093415,0.14424635332252836,0.2589906316107586
0.18928024502297092,0.14401294498381878,0.2589906316107586
0.18958652373660032,0.14539579967689822,0.259192102347134
0.18989280245022971,0.14516129032258066,0.2594943084516974
0.1901990811638591,0.14492753623188406,0.25959504381988513
0.1905053598774885,0.14469453376205788,0.2596957791880729
0.1908116385911179,0.14606741573033707,0.25969577918807296
0.1911179173047473,0.14583333333333334,0.260098720660824
0.19142419601837674,0.1472,0.2601994560290118
0.19173047473200613,0.14696485623003194,0.26030019139719957
0.19203675344563553,0.1467304625199362,0.2613075450790773
0.19234303215926493,0.1464968152866242,0.2617104865518283
0.19264931087289433,0.14626391096979333,0.26211342802457943
0.19295558958652373,0.14603174603174604,0.2622141633927672
0.19326186830015313,0.14580031695721077,0.2629193109700816
0.19356814701378255,0.14556962025316456,0.2630200463382694
0.19387442572741195,0.14691943127962084,0.26312078170645714
0.19418070444104135,0.14668769716088328,0.26312078170645714
0.19448698315467075,0.14645669291338584,0.26372519391558374
0.19479326186830015,0.14622641509433962,0.2639266646519593
0.19509954058192955,0.14599686028257458,0.2639266646519593
0.19540581929555895,0.14576802507836992,0.2642288707565226
0.19571209800918837,0.14710485133020346,0.2642288707565226
0.19601837672281777,0.146875,0.2643296061247104
0.19632465543644717,0.14664586583463338,0.2644303414928981
0.19663093415007657,0.14641744548286603,0.26523622443840034
0.19693721286370597,0.14618973561430793,0.2659413720157147
0.19724349157733537,0.14751552795031056,0.26624357812027805
0.19754977029096477,0.14728682170542637,0.26624357812027805
0.1978560490045942,0.14705882352941177,0.2664450488566536
0.1981623277182236,0.14837712519319937,0.2665457842248413
0.198468606431853,0.14814814814814814,0.26664651959302915
0.1987748851454824,0.14791987673343607,0.2667472549612169
0.1990811638591118,0.1476923076923077,0.2672509318021557
0.19938744257274119,0.14746543778801843,0.2673516671703435
0.19969372128637058,0.147239263803681,0.26755313790671903
0.2,0.14854517611026033,0.26815755011584563
0.2003062787136294,0.14831804281345565,0.2681575501158457
0.2006125574272588,0.1480916030534351,0.2686612269567845
0.2009188361408882,0.14786585365853658,0.26896343306134785
0.2012251148545176,0.1476407914764079,0.26916490379772334
0.201531393568147,0.1474164133738602,0.2692656391659112
0.2018376722817764,0.1471927162367223,0.26956784527047445
0.20214395099540583,0.14696969696969697,0.26976931600685
0.20245022970903523,0.14674735249621784,0.26997078674322555
0.20275650842266463,0.14803625377643503,0.2703737282159766
0.20306278713629403,0.1478129713423831,0.2703737282159766
0.20336906584992342,0.14759036144578314,0.27138108189785437
0.20367534456355282,0.14736842105263157,0.27168328800241764
0.20398162327718222,0.14864864864864866,0.2717840233706054
0.20428790199081165,0.14842578710644677,0.2718847587387932
0.20459418070444105,0.14820359281437126,0.2718847587387932
0.20490045941807045,0.14798206278026907,0.27208622947516875
0.20520673813169985,0.14776119402985075,0.2722877002115443
0.20551301684532924,0.14903129657228018,0.2723884355797321
0.20581929555895864,0.15029761904761904,0.27248917094791986
0.20612557427258804,0.150074294205052,0.2725899063161076
0.20643185298621747,0.14985163204747776,0.27269064168429535
0.20673813169984687,0.14962962962962964,0.2731943185252342
0.20704441041347627,0.14940828402366865,0.27329505389342196
0.20735068912710566,0.14918759231905465,0.27339578926160973
0.20765696784073506,0.14896755162241887,0.2735972599979853
0.20796324655436446,0.15022091310751104,0.2735972599979853
0.2082695252679939,0.1514705882352941,0.27379873073436084
0.2085758039816233,0.1512481644640235,0.2740002014707364
0.20888208269525269,0.15102639296187684,0.2745038783116753
0.20918836140888208,0.15080527086383602,0.27480608441623855
0.20949464012251148,0.15058479532163743,0.2752090258889896
0.20980091883614088,0.15182481751824817,0.2753097612571774
0.21010719754977028,0.15306122448979592,0.27541049662536515
0.2104134762633997,0.15283842794759825,0.27551123199355293
0.2107197549770291,0.15261627906976744,0.27611564420267953
0.2110260336906585,0.15239477503628446,0.2764178503072429
0.2113323124042879,0.1536231884057971,0.27651858567543064
0.2116385911179173,0.15340086830680175,0.27712299788455724
0.2119448698315467,0.1531791907514451,0.2771229978845573
0.2122511485451761,0.15295815295815296,0.277223733252745
0.21255742725880553,0.15417867435158503,0.27752593935730835
0.21286370597243492,0.1553956834532374,0.27752593935730835
0.21316998468606432,0.15517241379310345,0.2777274100936839
0.21347626339969372,0.1563845050215208,0.2780296161982472
0.21378254211332312,0.15616045845272206,0.278130351566435
0.21408882082695252,0.15593705293276108,0.2785332930391861
0.21439509954058192,0.15571428571428572,0.2786340284073738
0.21470137825421134,0.15549215406562053,0.27913770524831266
0.21500765696784074,0.15527065527065528,0.27923844061650044
0.21531393568147014,0.155049786628734,0.2792384406165005
0.21562021439509954,0.15482954545454544,0.2801450589301904
0.21592649310872894,0.15460992907801419,0.28165608945300696
0.21623277182235834,0.1558073654390935,0.28175682482119474
0.21653905053598774,0.157001414427157,0.2819582955575703
0.21684532924961716,0.15677966101694915,0.282059030925758
0.21715160796324656,0.15655853314527504,0.282059030925758
0.21745788667687596,0.1563380281690141,0.28296564923944795
0.21776416539050536,0.15611814345991562,0.28336859071219905
0.21807044410413476,0.15589887640449437,0.28346932608038683
0.21837672281776416,0.15568022440392706,0.28346932608038683
0.21868300153139356,0.15546218487394958,0.2837715321849501
0.21898928024502298,0.15524475524475526,0.28387226755313794
0.21929555895865238,0.15502793296089384,0.28397300292132566
0.21960183767228178,0.15481171548117154,0.28397300292132566
0.21990811638591118,0.15459610027855153,0.2845774151304523
0.22021439509954058,0.15438108484005564,0.28467815049864004
0.22052067381316998,0.15416666666666667,0.2847788858668278
0.22082695252679937,0.1539528432732316,0.2848796212350156
0.2211332312404288,0.15373961218836565,0.2853832980759545
0.2214395099540582,0.15352697095435686,0.28558476881233
0.2217457886676876,0.15331491712707182,0.2856855041805178
0.222052067381317,0.15310344827586206,0.28598771028508113
0.2223583460949464,0.15426997245179064,0.2863906517578322
0.2226646248085758,0.15405777166437415,0.2863906517578322
0.2229709035222052,0.15384615384615385,0.28679359323058323
0.22327718223583462,0.15363511659807957,0.28679359323058323
0.22358346094946402,0.15342465753424658,0.28709579933514656
0.22388973966309342,0.15321477428180574,0.28709579933514656
0.22419601837672282,0.15300546448087432,0.2872972700715221
0.22450229709035222,0.15279672578444747,0.28749874080789767
0.22480857580398161,0.15258855585831063,0.2879016822806487
0.225114854517611,0.1523809523809524,0.2880024176488365
0.22542113323124044,0.15217391304347827,0.28810315301702427
0.22572741194486984,0.15332428765264586,0.2884053591215876
0.22603369065849924,0.15447154471544716,0.2887075652261509
0.22633996937212864,0.15561569688768606,0.28880830059433865
0.22664624808575803,0.1554054054054054,0.2893119774352775
0.22695252679938743,0.15519568151147098,0.2894127128034653
0.22725880551301683,0.15498652291105122,0.2895134481716531
0.22756508422664626,0.15477792732166892,0.2897149189080286
0.22787136294027566,0.15591397849462366,0.2901178603807797
0.22817764165390506,0.15570469798657718,0.2902185957489674
0.22848392036753445,0.1554959785522788,0.290420066485343
0.22879019908116385,0.15528781793842034,0.2905208018535308
0.22909647779479325,0.15508021390374332,0.29082300795809407
0.22940275650842268,0.15620827770360482,0.29092374332628185
0.22970903522205208,0.156,0.2910244786944696
0.23001531393568148,0.15579227696404793,0.2910244786944696
0.23032159264931087,0.15691489361702127,0.2910244786944696
0.23062787136294027,0.15803452855245684,0.29132668479903295
0.23093415007656967,0.15782493368700265,0.2918303616399718
0.23124042879019907,0.1576158940397351,0.2919310970081596
0.2315467075038285,0.1574074074074074,0.2921325677445351
0.2318529862174579,0.1571994715984148,0.2921325677445351
0.2321592649310873,0.15699208443271767,0.29223330311272283
0.2324655436447167,0.15678524374176547,0.2922333031127229
0.2327718223583461,0.15789473684210525,0.29253550921728616
0.2330781010719755,0.1590013140604468,0.29253550921728616
0.2333843797856049,0.15879265091863518,0.2925355092172862
0.23369065849923432,0.1598951507208388,0.292636244585474
0.23399693721286371,0.15968586387434555,0.2927369799536617
0.2343032159264931,0.15947712418300652,0.2928377153218495
0.2346094946401225,0.15926892950391644,0.29293845069003727
0.2349157733537519,0.16036505867014342,0.29344212753097615
0.2352220520673813,0.16015625,0.2935428628991639
0.2355283307810107,0.1599479843953186,0.2935428628991639
0.23583460949464014,0.15974025974025974,0.2936435982673517
0.23614088820826953,0.15953307392996108,0.29384506900372726
0.23644716692189893,0.15932642487046633,0.2942480104764783
0.23675344563552833,0.1591203104786546,0.2944494812128538
0.23705972434915773,0.16020671834625322,0.29465095194922936
0.23736600306278713,0.16,0.295255364158356
0.23767228177641653,0.15979381443298968,0.2958597763674826
0.23797856049004595,0.15958815958815958,0.29616198247204595
0.23828483920367535,0.15938303341902313,0.29636345320842145
0.23859111791730475,0.15917843388960207,0.2964641885766092
0.23889739663093415,0.15897435897435896,0.2969678654175481
0.23920367534456355,0.1587708066581306,0.2970686007857359
0.23950995405819295,0.1585677749360614,0.29747154225848693
0.23981623277182235,0.1583652618135377,0.29757227762667476
0.24012251148545177,0.15816326530612246,0.29817668983580137
0.24042879019908117,0.15796178343949044,0.29827742520398914
0.24073506891271057,0.15903307888040713,0.29827742520398914
0.24104134762633997,0.1588310038119441,0.2983781605721769
0.24134762633996937,0.15862944162436549,0.2985796313085524
0.24165390505359877,0.15842839036755388,0.29878110204492797
0.24196018376722817,0.15822784810126583,0.29878110204492797
0.2422664624808576,0.15802781289506954,0.2989825727813035
0.242572741194487,0.15782828282828282,0.2989825727813035
0.2428790199081164,0.15762925598991173,0.2990833081494913
0.2431852986217458,0.15869017632241814,0.2993855142540546
0.2434915773353752,0.15849056603773584,0.30049360330412006
0.24379785604900459,0.15829145728643215,0.30059433867230784
0.24410413476263398,0.15809284818067754,0.3006950740404956
0.2444104134762634,0.15789473684210525,0.30089654477687117
0.2447166921898928,0.15769712140175218,0.30089654477687117
0.2450229709035222,0.1575,0.30099728014505894
0.2453292496171516,0.15730337078651685,0.3011987508814345
0.245635528330781,0.15835411471321695,0.30220610456331215
0.2459418070444104,0.1581569115815691,0.3023068399314999
0.2462480857580398,0.15920398009950248,0.3024075752996877
0.24655436447166923,0.15900621118012423,0.3029112521406266
0.24686064318529863,0.1588089330024814,0.30321345824518986
0.24716692189892803,0.15861214374225527,0.3032134582451899
0.24747320061255743,0.15841584158415842,0.30331419361337764
0.24777947932618682,0.15945611866501855,0.30331419361337764
0.24808575803981622,0.15925925925925927,0.303616399717941
0.24839203675344562,0.15906288532675708,0.30472448876800645
0.24869831546707505,0.16009852216748768,0.3050266948725698
0.24900459418070445,0.15990159901599016,0.3050266948725698
0.24931087289433385,0.1597051597051597,0.30512743024075756
0.24961715160796324,0.15950920245398773,0.30532890097713306
0.24992343032159264,0.15931372549019607,0.3053289009771331
0.25022970903522207,0.1591187270501836,0.30593331318625966
0.25053598774885144,0.16014669926650366,0.30593331318625966
0.25084226646248087,0.15995115995115994,0.30593331318625966
0.25114854517611024,0.1597560975609756,0.3059333131862597
0.25145482388973966,0.15956151035322777,0.3061347839226352
0.2517611026033691,0.15936739659367397,0.3066384607635741
0.25206738131699846,0.1591737545565006,0.3070414022363252
0.2523736600306279,0.16019417475728157,0.3076458144454518
0.25267993874425726,0.16,0.3077465498136396
0.2529862174578867,0.15980629539951574,0.3083509620227662
0.25329249617151606,0.1596130592503023,0.30855243275914174
0.2535987748851455,0.1606280193236715,0.3086531681273295
0.2539050535987749,0.16043425814234016,0.3090561096000806
0.2542113323124043,0.1602409638554217,0.30955978644101945
0.2545176110260337,0.16004813477737664,0.309761257177395
0.2548238897396631,0.15985576923076922,0.31016419865014605
0.2551301684532925,0.15966386554621848,0.3103656693865216
0.2554364471669219,0.15947242206235013,0.3103656693865216
0.2557427258805513,0.16047904191616766,0.3104664047547094
0.25604900459418073,0.16028708133971292,0.31056714012289716
0.2563552833078101,0.16009557945041816,0.3107686108592727
0.2566615620214395,0.15990453460620524,0.3107686108592727
0.2569678407350689,0.16090584028605484,0.3108693462274605
0.2572741194486983,0.1619047619047619,0.3108693462274605
0.2575803981623277,0.1629013079667063,0.3109700815956482
0.2578866768759571,0.16270783847980996,0.31097008159564826
0.25819295558958655,0.16370106761565836,0.31107081696383604
0.2584992343032159,0.16350710900473933,0.3112722877002116
0.25880551301684535,0.16331360946745563,0.3114737584365871
0.2591117917304747,0.16312056737588654,0.31157449380477487
0.25941807044410414,0.16292798110979928,0.31167522917296264
0.2597243491577335,0.16273584905660377,0.3119774352775259
0.26003062787136294,0.16372202591283863,0.3125818474866526
0.26033690658499237,0.1635294117647059,0.31268258285484035
0.26064318529862174,0.1645123384253819,0.31278331822302813
0.26094946401225116,0.1643192488262911,0.3131862596957792
0.26125574272588054,0.16412661195779601,0.31318625969577923
0.26156202143950996,0.16510538641686182,0.3133877304321548
0.26186830015313933,0.16608187134502925,0.31348846580034245
0.26217457886676876,0.1658878504672897,0.31358920116853023
0.2624808575803982,0.16569428238039674,0.31368993653671806
0.26278713629402756,0.16666666666666666,0.3137906719049058
0.263093415007657,0.16647264260768335,0.31439508411403244
0.26339969372128635,0.16744186046511628,0.31469729021859577
0.2637059724349158,0.1672473867595819,0.31489876095497127
0.26401225114854515,0.16705336426914152,0.3151002316913468
0.2643185298621746,0.16685979142526072,0.3152009670595346
0.264624808575804,0.16782407407407407,0.3153017024277224
0.2649310872894334,0.1676300578034682,0.315906114636849
0.2652373660030628,0.1674364896073903,0.31600685000503675
0.2655436447166922,0.16724336793540945,0.3166112622141634
0.2658499234303216,0.16705069124423963,0.31671199758235113
0.26615620214395097,0.16800920598388952,0.31681273295053897
0.2664624808575804,0.167816091954023,0.31751788052785335
0.2667687595712098,0.16762342135476463,0.3177193512642289
0.2670750382848392,0.16743119266055045,0.3178200866324166
0.2673813169984686,0.1672394043528064,0.3179208220006044
0.267687595712098,0.16704805491990846,0.3182230281051677
0.2679938744257274,0.16685714285714287,0.3183237634733555
0.2683001531393568,0.16666666666666666,0.3184244988415433
0.2686064318529862,0.16647662485746864,0.31912964641885766
0.26891271056661564,0.1662870159453303,0.31933111715523316
0.269218989280245,0.16609783845278725,0.31983479399617204
0.26952526799387444,0.16590909090909092,0.3200362647325476
0.2698315467075038,0.16572077185017026,0.32013700010073537
0.27013782542113324,0.1655328798185941,0.3204392062052987
0.2704441041347626,0.1664779161947905,0.3205399415734865
0.27075038284839203,0.166289592760181,0.32064067694167425
0.27105666156202146,0.16610169491525423,0.3208421476780498
0.27136294027565083,0.16591422121896163,0.3215472952553642
0.27166921898928026,0.1657271702367531,0.3216480306235519
0.27197549770290963,0.16554054054054054,0.3217487659917397
0.27228177641653906,0.16535433070866143,0.32225244283267857
0.2725880551301684,0.1651685393258427,0.32235317820086634
0.27289433384379785,0.16498316498316498,0.32265538430542967
0.2732006125574273,0.1647982062780269,0.32265538430542967
0.27350689127105665,0.16461366181410975,0.3230583257781807
0.2738131699846861,0.16554809843400448,0.3232597965145562
0.27411944869831545,0.1653631284916201,0.323360531882744
0.2744257274119449,0.16629464285714285,0.32346126725093177
0.27473200612557425,0.16610925306577481,0.3234612672509318
0.2750382848392037,0.16592427616926503,0.3234612672509318
0.2753445635528331,0.1657397107897664,0.3236627379873073
0.27565084226646247,0.16555555555555557,0.3236627379873073
0.2759571209800919,0.16537180910099888,0.3237634733554951
0.27626339969372127,0.16518847006651885,0.3237634733554951
0.2765696784073507,0.16500553709856036,0.3241664148282462
0.27687595712098007,0.16482300884955753,0.324267150196434
0.2771822358346095,0.16464088397790055,0.324267150196434
0.2774885145482389,0.16445916114790288,0.32467009166918503
0.2777947932618683,0.16427783902976847,0.3246700916691851
0.2781010719754977,0.16409691629955947,0.3246700916691851
0.2784073506891271,0.1639163916391639,0.3247708270373728
0.2787136294027565,0.16373626373626374,0.325576709982875
0.2790199081163859,0.16355653128430298,0.3257781807192505
0.2793261868300153,0.16337719298245615,0.3259796514556261
0.27963246554364474,0.16319824753559695,0.32608038682381385
0.2799387442572741,0.16301969365426697,0.32608038682381385
0.28024502297090353,0.1628415300546448,0.3270877405056915
0.2805513016845329,0.16266375545851527,0.3275914173466304
0.28085758039816233,0.1624863685932388,0.3276921527148182
0.2811638591117917,0.16230936819172112,0.32779288808300594
0.28147013782542113,0.16213275299238303,0.32779288808300594
0.28177641653905056,0.16195652173913044,0.327792888083006
0.2820826952526799,0.16178067318132464,0.3284980356603204
0.28238897396630935,0.1616052060737527,0.3285987710285081
0.2826952526799387,0.16143011917659805,0.3285987710285081
0.28300153139356815,0.16125541125541126,0.3286995063966959
0.2833078101071976,0.16108108108108107,0.32880024176488365
0.28361408882082695,0.16090712742980562,0.3288002417648837
0.2839203675344564,0.16073354908306364,0.3290017125012592
0.28422664624808575,0.16163793103448276,0.3291024478694469
0.2845329249617152,0.16146393972012918,0.32930391860582253
0.28483920367534454,0.16129032258064516,0.32940465397401025
0.28514548238897397,0.16219119226638024,0.32950538934219803
0.2854517611026034,0.16201716738197425,0.3300090661831369
0.28575803981623277,0.16184351554126475,0.33010980155132463
0.2860643185298622,0.16167023554603854,0.33051274302407574
0.28637059724349156,0.16149732620320856,0.3306134783922635
0.286676875957121,0.1623931623931624,0.33081494912863907
0.28698315467075036,0.1622198505869797,0.3311171552332024
0.2872894333843798,0.16204690831556504,0.3311171552332024
0.2875957120980092,0.16293929712460065,0.3312178906013901
0.2879019908116386,0.16276595744680852,0.33152009670595345
0.288208269525268,0.16259298618490967,0.3318223028105168
0.2885145482388974,0.1624203821656051,0.33192303817870455
0.2888208269525268,0.1633085896076352,0.33192303817870455
0.2891271056661562,0.1641949152542373,0.33202377354689233
0.2894333843797856,0.16507936507936508,0.33262818575601893
0.28973966309341503,0.1649048625792812,0.3327289211242067
0.2900459418070444,0.16473072861668428,0.3328296564923945
0.29035222052067383,0.16561181434599156,0.33323259796514554
0.2906584992343032,0.1654373024236038,0.33353480406970887
0.29096477794793263,0.16526315789473683,0.3337362748060844
0.291271056661562,0.1650893796004206,0.3339377455424599
0.2915773353751914,0.16596638655462184,0.33403848091064775
0.29188361408882085,0.16684155299055614,0.3342399516470233
0.2921898928024502,0.16666666666666666,0.33444142238339886
0.29249617151607965,0.16649214659685863,0.3345421577515866
0.292802450229709,0.16631799163179917,0.3346428931197744
0.29310872894333845,0.16614420062695925,0.33474362848796213
0.2934150076569678,0.16597077244258873,0.33534804069708873
0.29372128637059725,0.16579770594369134,0.33534804069708873
0.29402756508422667,0.165625,0.33534804069708873
0.29433384379785604,0.16649323621227888,0.33575098216983984
0.29464012251148547,0.16632016632016633,0.33605318827440317
0.29494640122511484,0.1671858774662513,0.33615392364259095
0.29525267993874427,0.16701244813278007,0.33695980658809305
0.29555895865237364,0.16683937823834197,0.33695980658809305
0.29586523736600306,0.16666666666666666,0.33695980658809305
0.2961715160796325,0.16649431230610134,0.3371612773244686
0.29647779479326186,0.16632231404958678,0.33736274806084415
0.2967840735068913,0.16615067079463364,0.3375642187972197
0.29709035222052066,0.16597938144329896,0.3377656895335952
0.2973966309341501,0.16683831101956745,0.33786642490178304
0.29770290964777946,0.16769547325102882,0.33786642490178304
0.2980091883614089,0.16752312435765673,0.3380678956381586
0.2983154670750383,0.1673511293634497,0.3381686310063463
0.2986217457886677,0.1671794871794872,0.33867230784728514
0.2989280245022971,0.1680327868852459,0.3387730432154729
0.2992343032159265,0.16786079836233367,0.3387730432154729
0.2995405819295559,0.16768916155419222,0.3389745139518485
0.2998468606431853,0.16853932584269662,0.339175984688224
0.3001531393568147,0.1683673469387755,0.33947819079278735
0.30045941807044413,0.1692150866462793,0.33967966152916285
0.3007656967840735,0.1690427698574338,0.33998186763372623
0.3010719754977029,0.1688708036622584,0.3406870152110406
0.3013782542113323,0.16869918699186992,0.34078775057922833
0.3016845329249617,0.16852791878172588,0.341392162788355
0.3019908116385911,0.16937119675456389,0.341392162788355
0.3022970903522205,0.1691995947315096,0.3418958396292939
0.30260336906584995,0.16902834008097167,0.3419965749974816
0.3029096477794793,0.1698685540950455,0.3421980457338572
0.30321592649310875,0.1696969696969697,0.342298781102045
0.3035222052067381,0.16952573158425832,0.342298781102045
0.30382848392036754,0.17036290322580644,0.342298781102045
0.3041347626339969,0.1701913393756294,0.3423995164702327
0.30444104134762634,0.1710261569416499,0.3425002518384204
0.30474732006125577,0.17185929648241205,0.34260098720660825
0.30505359877488514,0.1716867469879518,0.34260098720660825
0.30535987748851456,0.17251755265797392,0.34260098720660825
0.30566615620214393,0.17334669338677355,0.34260098720660825
0.30597243491577336,0.17317317317317318,0.342701722574796
0.30627871362940273,0.174,0.3431046640475471
0.30658499234303216,0.17382617382617382,0.3431046640475471
0.3068912710566616,0.17465069860279442,0.3431046640475471
0.30719754977029096,0.17547357926221335,0.343608340888486
0.3075038284839204,0.1752988047808765,0.34391054699304924
0.30781010719754975,0.1761194029850746,0.34471642993855145
0.3081163859111792,0.17594433399602386,0.3450186360431147
0.30842266462480855,0.17576961271102284,0.3455223128840536
0.308728943338438,0.1765873015873016,0.3455223128840536
0.3090352220520674,0.17641228939544104,0.3458245189886169
0.3093415007656968,0.17623762376237623,0.3459252543568047
0.3096477794793262,0.17606330365974282,0.346227460461368
0.3099540581929556,0.17588932806324112,0.3467311373023068
0.310260336906585,0.17670286278381048,0.3467311373023068
0.31056661562021437,0.1765285996055227,0.3468318726704946
0.3108728943338438,0.17635467980295566,0.34683187267049465
0.3111791730474732,0.17618110236220472,0.34683187267049465
0.3114854517611026,0.176007866273353,0.34693260803868237
0.311791730474732,0.17583497053045186,0.34693260803868237
0.3120980091883614,0.17664376840039253,0.34703334340687014
0.3124042879019908,0.17745098039215687,0.3472348141432457
0.3127105666156202,0.1772771792360431,0.34743628487962125
0.3130168453292496,0.1780821917808219,0.34743628487962125
0.31332312404287904,0.17790811339198437,0.34753702024780897
0.3136294027565084,0.1787109375,0.34753702024780897
0.31393568147013784,0.17853658536585365,0.3476377556159968
0.3142419601837672,0.1783625730994152,0.3477384909841845
0.31454823889739664,0.17818889970788704,0.34783922635237235
0.314854517611026,0.17801556420233464,0.34854437392968673
0.31516079632465543,0.17784256559766765,0.34854437392968673
0.31546707503828486,0.17766990291262136,0.34864510929787446
0.31577335375191423,0.1784675072744908,0.34874584466606223
0.31607963246554366,0.17829457364341086,0.3492495215070011
0.31638591117917303,0.1781219748305905,0.34965246297975217
0.31669218989280246,0.17794970986460348,0.3498539337161277
0.3169984686064318,0.17777777777777778,0.34995466908431555
0.31730474732006125,0.1776061776061776,0.35005540445250327
0.3176110260336907,0.17743490838958534,0.35005540445250327
0.31791730474732005,0.17726396917148363,0.35035761055706666
0.3182235834609495,0.17709335899903753,0.35086128739800543
0.31852986217457885,0.17692307692307693,0.351062758134381
0.3188361408882083,0.17675312199807877,0.35116349350256876
0.31914241960183765,0.1765834932821497,0.35116349350256876
0.3194486983154671,0.17737296260786195,0.35126422887075653
0.3197549770290965,0.1772030651340996,0.3514656996071321
0.32006125574272587,0.17703349282296652,0.3518686410798832
0.3203675344563553,0.17686424474187382,0.35237231792082196
0.32067381316998467,0.1766953199617956,0.3525737886571975
0.3209800918836141,0.1765267175572519,0.3526745240253853
0.32128637059724346,0.17635843660629172,0.35317820086632423
0.3215926493108729,0.1761904761904762,0.3532789362345119
0.3218989280245023,0.17602283539486205,0.35348040697088745
0.3222052067381317,0.1758555133079848,0.3535811423390753
0.3225114854517611,0.17568850902184235,0.353681877707263
0.3228177641653905,0.17552182163187854,0.353681877707263
0.3231240428790199,0.17535545023696683,0.35378261307545084
0.3234303215926493,0.17518939393939395,0.35408481918001405
0.3237366003062787,0.1750236518448439,0.3543870252845774
0.32404287901990814,0.17580340264650285,0.35539437896645515
0.3243491577335375,0.17563739376770537,0.3554951143346429
0.32465543644716693,0.17547169811320754,0.35559584970283065
0.3249617151607963,0.176248821866164,0.3555958497028307
0.32526799387442573,0.1760828625235405,0.35599879117558175
0.3255742725880551,0.17591721542803387,0.3560995265437695
0.32588055130168453,0.17669172932330826,0.3560995265437696
0.32618683001531396,0.17652582159624414,0.356300997280145
0.3264931087289433,0.17636022514071295,0.357207615593835
0.32679938744257275,0.17619493908153702,0.357207615593835
0.3271056661562021,0.1760299625468165,0.35730835096202274
0.32741194486983155,0.17680074836295603,0.35730835096202274
0.327718223583461,0.1766355140186916,0.35740908633021046
0.32802450229709035,0.17647058823529413,0.3576105570665861
0.3283307810107198,0.17630597014925373,0.35771129243477384
0.32863705972434915,0.17614165890027958,0.3579127631711494
0.32894333843797857,0.17597765363128492,0.3580134985393371
0.32924961715160794,0.1758139534883721,0.35821496927571267
0.32955589586523737,0.17565055762081785,0.3583157046439005
0.3298621745788668,0.17548746518105848,0.3584164400120882
0.33016845329249617,0.17532467532467533,0.35892011685302716
0.3304747320061256,0.17516218721038,0.35942379369396593
0.33078101071975496,0.175,0.359423793693966
0.3310872894333844,0.17483811285846437,0.35982673516671704
0.33139356814701376,0.1756007393715342,0.35992747053490487
0.3316998468606432,0.17543859649122806,0.3604311473758437
0.3320061255742726,0.1752767527675277,0.3610355595849703
0.332312404287902,0.17603686635944701,0.3610355595849703
0.3326186830015314,0.17587476979742173,0.36123703032134585
0.3329249617151608,0.1766329346826127,0.36194217789866023
0.3332312404287902,0.17738970588235295,0.36204291326684795
0.3335375191424196,0.17722681359044995,0.36234511937141134
0.333843797856049,0.1779816513761468,0.36294953158053794
0.33415007656967843,0.1778185151237397,0.36294953158053794
0.3344563552833078,0.17765567765567766,0.3631510023169135
0.33476263399693723,0.17749313815187556,0.3632517376851012
0.3350689127105666,0.1773308957952468,0.36335247305328894
0.33537519142419603,0.1771689497716895,0.36345320842147677
0.3356814701378254,0.177007299270073,0.36345320842147677
0.3359877488514548,0.17684594348222424,0.3636546791578523
0.33629402756508425,0.1766848816029144,0.3639568852624156
0.3366003062787136,0.17652411282984531,0.3643598267351667
0.33690658499234305,0.17636363636363636,0.3645612974715422
0.3372128637059724,0.17620345140781107,0.36456129747154226
0.33751914241960185,0.17695099818511797,0.36466203283973003
0.3378254211332312,0.1767905711695376,0.3647627682079178
0.33813169984686064,0.1766304347826087,0.36516570968066886
0.33843797856049007,0.17647058823529413,0.36546791578523213
0.33874425727411944,0.1763110307414105,0.3664752694671099
0.33905053598774887,0.17615176151761516,0.36677747557167323
0.33935681470137824,0.17689530685920576,0.36707968167623656
0.33966309341500767,0.17673579801623085,0.3674826231489876
0.33996937212863704,0.17657657657657658,0.36758335851717544
0.34027565084226646,0.17641764176417643,0.36808703535811427
0.3405819295558959,0.17625899280575538,0.36828850609448976
0.34088820826952526,0.1761006289308176,0.3684899768308654
0.3411944869831547,0.17684021543985637,0.3686914475672409
0.34150076569678406,0.17668161434977578,0.3688929183036163
0.3418070444104135,0.17652329749103943,0.3694973305127431
0.34211332312404286,0.17636526410026857,0.3694973305127431
0.3424196018376723,0.17620751341681573,0.3696988012491185
0.3427258805513017,0.17605004468275245,0.36979953661730636
0.3430321592649311,0.1767857142857143,0.37010174272186963
0.3433384379785605,0.17662801070472792,0.3702024780900574
0.3436447166921899,0.17647058823529413,0.37040394882643296
0.3439509954058193,0.176313446126447,0.37070615493099623
0.3442572741194487,0.17704626334519574,0.37070615493099623
0.3445635528330781,0.17777777777777778,0.371713508612874
0.34486983154670753,0.17761989342806395,0.3718142439810617
0.3451761102603369,0.1774622892635315,0.37191497934924955
0.3454823889739663,0.1773049645390071,0.3721164500856251
0.3457886676875957,0.1771479185119575,0.3722171854538128
0.3460949464012251,0.17699115044247787,0.3727208622947517
0.3464012251148545,0.1768346595932803,0.37282159766293943
0.3467075038284839,0.17667844522968199,0.37302306839931504
0.34701378254211335,0.176522506619594,0.37332527450387837
0.3473200612557427,0.1763668430335097,0.37362748060844164
0.34762633996937214,0.1762114537444934,0.3740304220811927
0.3479326186830015,0.176056338028169,0.374332628185756
0.34823889739663094,0.1759014951627089,0.3744333635539438
0.3485451761102603,0.1757469244288225,0.37473556965850713
0.34885145482388974,0.17559262510974538,0.3748363050266949
0.34915773353751917,0.17543859649122806,0.376548806285887
0.34946401225114854,0.175284837861525,0.37685101239045027
0.34977029096477796,0.17513134851138354,0.3769517477586381
0.35007656967840733,0.17497812773403323,0.3777576307041402
0.35038284839203676,0.17482517482517482,0.3780598368087036
0.35068912710566613,0.17554585152838428,0.3782613075450791
0.35099540581929556,0.17539267015706805,0.3782613075450791
0.351301684532925,0.17523975588491716,0.37846277828145464
0.35160796324655436,0.1750871080139373,0.37886571975420563
0.3519142419601838,0.17493472584856398,0.3795708673315201
0.35222052067381315,0.17478260869565218,0.3795708673315201
0.3525267993874426,0.17549956559513466,0.3795708673315201
0.35283307810107195,0.1753472222222222,0.37997380880427123
0.3531393568147014,0.17519514310494363,0.38007454417245895
0.3534456355283308,0.17504332755632582,0.3801752795406467
0.3537519142419602,0.1748917748917749,0.38037675027702217
0.3540581929555896,0.17474048442906576,0.3803767502770223
0.35436447166921897,0.17458945548833188,0.3803767502770223
0.3546707503828484,0.17530224525043178,0.3807796917497733
0.35497702909647777,0.17601380500431407,0.3807796917497734
0.3552833078101072,0.17586206896551723,0.38108189785433666
0.3555895865237366,0.17571059431524547,0.3811826332225245
0.355895865237366,0.1764199655765921,0.38128336859071216
0.3562021439509954,0.176268271711092,0.38138410395890004
0.3565084226646248,0.17611683848797252,0.3814848393270877
0.3568147013782542,0.1759656652360515,0.38148483932708777
0.3571209800918836,0.1758147512864494,0.3816863100634633
0.357427258805513,0.17652099400171378,0.3819885161680266
0.35773353751914244,0.17636986301369864,0.3821899869044021
0.3580398162327718,0.1770744225834046,0.3823914576407777
0.35834609494640124,0.17692307692307693,0.3824921930089655
0.3586523736600306,0.17677198975234842,0.3825929283771532
0.35895865237366004,0.1766211604095563,0.3828951344817166
0.3592649310872894,0.17647058823529413,0.3829958698499043
0.35957120980091883,0.17632027257240204,0.38319734058627986
0.35987748851454826,0.17617021276595746,0.3833988113226554
0.36018376722817763,0.17687074829931973,0.38390248816359424
0.36049004594180706,0.17757009345794392,0.384003223531782
0.36079632465543643,0.1774193548387097,0.38410395889996973
0.36110260336906586,0.17726887192536048,0.38430542963634534
0.3614088820826952,0.17796610169491525,0.38460763574090867
0.36171516079632465,0.17781541066892464,0.3848091064772841
0.3620214395099541,0.17766497461928935,0.3848091064772842
0.36232771822358345,0.17751479289940827,0.3850105772136598
0.3626339969372129,0.17736486486486486,0.38521204795003533
0.36294027565084225,0.1780590717299578,0.38541351868641077
0.3632465543644717,0.17790893760539628,0.3855142540545986
0.36355283307810105,0.17775905644481887,0.3856149894227863
0.36385911179173047,0.1776094276094276,0.3860179308955374
0.3641653905053599,0.1774600504625736,0.38601793089553743
0.36447166921898927,0.1773109243697479,0.3861186662637252
0.3647779479326187,0.17716204869857263,0.3865216077364762
0.36508422664624807,0.17701342281879195,0.3868238138410396
0.3653905053598775,0.1777032690695725,0.3868238138410396
0.36569678407350686,0.17755443886097153,0.3869245492092273
0.3660030627871363,0.1774058577405858,0.38702528457741514
0.3663093415007657,0.17725752508361203,0.387126019945603
0.3666156202143951,0.177109440267335,0.3872267553137907
0.3669218989280245,0.17779632721202004,0.3873274906819784
0.3672281776416539,0.17848206839032527,0.3878311675229173
0.3675344563552833,0.17833333333333334,0.3882341089956684
0.3678407350689127,0.1781848459616986,0.3882341089956684
0.3681470137825421,0.17803660565723795,0.3886370504684195
0.36845329249617154,0.1778886118038238,0.3886370504684195
0.3687595712098009,0.1777408637873754,0.38873778583660723
0.36906584992343033,0.17759336099585063,0.38873778583660723
0.3693721286370597,0.17744610281923714,0.3890399919411706
0.36967840735068913,0.17729908864954433,0.38914072730935834
0.36998468606431856,0.1771523178807947,0.3893421980457339
0.37029096477794793,0.17783291976840365,0.38964440415029716
0.37059724349157736,0.17768595041322313,0.38974513951848494
0.3709035222052067,0.17753922378199835,0.39014808099123605
0.37120980091883615,0.1782178217821782,0.39014808099123605
0.3715160796324655,0.17807089859851608,0.3903495517276116
0.37182235834609495,0.17792421746293247,0.39135690540948925
0.3721286370597244,0.17777777777777778,0.39175984688224036
0.37243491577335375,0.17763157894736842,0.39236425909136696
0.3727411944869832,0.17748562037797863,0.39266646519593024
0.37304747320061254,0.17733990147783252,0.39276720056411807
0.37335375191424197,0.17719442165709598,0.3929686713004936
0.37366003062787134,0.17704918032786884,0.39306940666868134
0.37396630934150077,0.1769041769041769,0.39337161277324467
0.3742725880551302,0.176759410801964,0.39337161277324467
0.37457886676875957,0.17743254292722813,0.39347234814143245
0.374885145482389,0.1772875816993464,0.3941774957187469
0.37519142419601836,0.17714285714285713,0.39447970182331016
0.3754977029096478,0.17781402936378465,0.3945804371914979
0.37580398162327716,0.17766911165444174,0.39468117255968566
0.3761102603369066,0.1775244299674267,0.39478190792787343
0.376416539050536,0.17819365337672904,0.39478190792787354
0.3767228177641654,0.17804878048780487,0.39488264329606126
0.3770290964777948,0.17790414297319251,0.3950841140324368
0.3773353751914242,0.17775974025974026,0.3953863201370001
0.3776416539050536,0.17761557177615572,0.39548705550518787
0.377947932618683,0.1774716369529984,0.39548705550518787
0.3782542113323124,0.17732793522267207,0.395889996977939
0.37856049004594183,0.17718446601941748,0.3959907323461267
0.3788667687595712,0.1778496362166532,0.3960914677143145
0.37917304747320063,0.1777059773828756,0.39619220308250225
0.37947932618683,0.17836965294592413,0.3966958799234412
0.37978560490045943,0.17903225806451614,0.3966958799234412
0.3800918836140888,0.1788879935535858,0.39699808602800446
0.3803981623277182,0.178743961352657,0.39719955676437996
0.38070444104134765,0.17860016090104586,0.3974010275007555
0.381010719754977,0.17926045016077172,0.39760249823713106
0.38131699846860645,0.1791164658634538,0.39790470434169434
0.3816232771822358,0.1797752808988764,0.39810617507806995
0.38192955589586525,0.17963111467522053,0.39840838118263316
0.3822358346094946,0.1794871794871795,0.39881132265538427
0.38254211332312404,0.1801441152922338,0.39941573486451093
0.38284839203675347,0.18,0.39941573486451093
0.38315467075038284,0.17985611510791366,0.39941573486451093
0.38346094946401227,0.17971246006389777,0.3996172056008865
0.38376722817764164,0.17956903431763768,0.399818676337262
0.38407350689127107,0.18022328548644337,0.399818676337262
0.38437978560490044,0.1800796812749004,0.3999194117054498
0.38468606431852986,0.17993630573248406,0.3999194117054498
0.3849923430321593,0.17979315831344472,0.40012088244182537
0.38529862174578866,0.17965023847376788,0.4002216178100131
0.3856049004594181,0.17950754567116758,0.40042308854638864
0.38591117917304746,0.17936507936507937,0.40082603001913975
0.3862174578866769,0.17922283901665345,0.40082603001913975
0.38652373660030626,0.179080824088748,0.4016319129646419
0.3868300153139357,0.1789390340459224,0.4016319129646419
0.3871362940275651,0.1787974683544304,0.4016319129646419
0.3874425727411945,0.17865612648221343,0.40183338370101734
0.3877488514548239,0.17851500789889416,0.40213558980558073
0.3880551301684533,0.17916337805840568,0.4023370605419563
0.3883614088820827,0.17902208201892744,0.40263926664651956
0.3886676875957121,0.17888100866824272,0.40263926664651956
0.3889739663093415,0.17874015748031497,0.4027400020147074
0.3892802450229709,0.17859952793076317,0.4028407373828952
0.3895865237366003,0.17845911949685533,0.40354588496020954
0.3898928024502297,0.17831893165750196,0.40364662032839727
0.3901990811638591,0.1781789638932496,0.4038480910647728
0.3905053598774885,0.1780392156862745,0.4041502971693362
0.3908116385911179,0.1786833855799373,0.40475470937846275
0.3911179173047473,0.1793265465935787,0.4048554447466506
0.39142419601837675,0.17918622848200313,0.4049561801148383
0.3917304747320061,0.17904612978889758,0.40515765085121386
0.39203675344563554,0.17890625,0.40515765085121386
0.3923430321592649,0.17876658860265418,0.40525838621940163
0.39264931087289434,0.1794071762870515,0.4053591215875894
0.3929555895865237,0.18004676539360873,0.4054598569557772
0.39326186830015314,0.17990654205607476,0.405963533796716
0.39356814701378257,0.17976653696498054,0.40606426916490374
0.39387442572741194,0.1796267496111975,0.40606426916490374
0.39418070444104136,0.1794871794871795,0.4062657399012793
0.39448698315467073,0.1793478260869565,0.4066686813740304
0.39479326186830016,0.1799844840961986,0.40676941674221817
0.39509954058192953,0.17984496124031008,0.40727309358315705
0.39540581929555896,0.17970565453137102,0.40747456431953255
0.3957120980091884,0.17956656346749225,0.40747456431953255
0.39601837672281776,0.1794276875483372,0.4079782411604715
0.3963246554364472,0.18006182380216385,0.4084819180014103
0.39663093415007655,0.1799227799227799,0.4087841241059736
0.396937212863706,0.17978395061728394,0.40898559484234914
0.39724349157733535,0.18041634541249035,0.4091870655787247
0.3975497702909648,0.1802773497688752,0.4091870655787247
0.3978560490045942,0.18013856812933027,0.4092878009469125
0.3981623277182236,0.18076923076923077,0.40928780094691253
0.398468606431853,0.180630284396618,0.409489271683288
0.39877488514548237,0.18049155145929338,0.40999294852422685
0.3990811638591118,0.18035303146584805,0.4101944192606024
0.39938744257274117,0.18098159509202455,0.41079883146972906
0.3996937212863706,0.18084291187739462,0.4108995668379168
0.4,0.1807044410413476,0.41100030220610456
0.4003062787136294,0.180566182096404,0.4112017729424801
0.4006125574272588,0.1811926605504587,0.41170544978341894
0.4009188361408882,0.18105423987776928,0.4120076558879822
0.4012251148545176,0.18167938931297709,0.4120076558879823
0.401531393568147,0.18154080854309687,0.41210839125617005
0.4018376722817764,0.18140243902439024,0.4126120680971089
0.40214395099540584,0.18126428027418126,0.4136194217789866
0.4024502297090352,0.1811263318112633,0.4141230986199254
0.40275650842266464,0.18098859315589352,0.41422383398811324
0.403062787136294,0.18085106382978725,0.41432456935630096
0.40336906584992344,0.18147304479878512,0.4144253047244888
0.4036753445635528,0.18133535660091046,0.4144253047244888
0.40398162327718223,0.18119787717968158,0.4146267754608643
0.40428790199081166,0.18106060606060606,0.4151304523018031
0.40459418070444103,0.1809235427706283,0.4151304523018032
0.40490045941807046,0.18078668683812404,0.41523118766999095
0.40520673813169983,0.18065003779289493,0.415231187669991
0.40551301684532925,0.18126888217522658,0.4153319230381787
0.4058192955589586,0.18188679245283018,0.4161378059836809
0.40612557427258805,0.1817496229260935,0.4161378059836809
0.4064318529862175,0.18236623963828183,0.4162385413518687
0.40673813169984685,0.1822289156626506,0.4166414828246197
0.4070444104134763,0.18209179834462003,0.4171451596655586
0.40735068912710565,0.18270676691729323,0.4172458950337464
0.4076569678407351,0.1825694966190834,0.41774957187468525
0.40796324655436444,0.1831831831831832,0.4179510426110607
0.40826952526799387,0.18304576144036008,0.4183539840838118
0.4085758039816233,0.18290854572713644,0.4184547194519996
0.40888208269525267,0.18277153558052434,0.4184547194519996
0.4091883614088821,0.18263473053892215,0.41845471945199963
0.40949464012251147,0.1824981301421092,0.41845471945199963
0.4098009188361409,0.18236173393124067,0.4188576609247507
0.41010719754977026,0.18297236743838685,0.4201672207111917
0.4104134762633997,0.1828358208955224,0.42026795607937945
0.4107197549770291,0.18269947800149142,0.420469426815755
0.4110260336906585,0.1825633383010432,0.4205701621839428
0.4113323124042879,0.18242740134028296,0.42107383902488166
0.4116385911179173,0.18229166666666666,0.42117457439306943
0.4119448698315467,0.1821561338289963,0.421376045129445
0.4122511485451761,0.18202080237741455,0.4214767804976327
0.4125574272588055,0.18188567186340016,0.421778986602196
0.41286370597243494,0.18175074183976261,0.42198045733857154
0.4131699846860643,0.18235730170496664,0.42208119270675937
0.41347626339969373,0.18296296296296297,0.4222826634431349
0.4137825421133231,0.18282753515914138,0.42238339881132264
0.41408882082695253,0.18269230769230768,0.4224841341795104
0.41439509954058196,0.18255728011825573,0.4225848695476982
0.41470137825421133,0.18242245199409157,0.4225848695476982
0.41500765696784075,0.18228782287822878,0.42268560491588597
0.4153139356814701,0.18215339233038347,0.4228870756522616
0.41562021439509955,0.18201915991156964,0.42329001712501263
0.4159264931087289,0.18188512518409425,0.4233907524932003
0.41623277182235835,0.1817512877115526,0.4234914878613882
0.4165390505359878,0.18235294117647058,0.4235922232295759
0.41684532924961715,0.18221895664952242,0.4238944293341393
0.4171516079632466,0.18208516886930984,0.423995164702327
0.41745788667687594,0.18195157740278797,0.42409590007051473
0.41776416539050537,0.18181818181818182,0.4241966354387025
0.41807044410413474,0.18168498168498168,0.4242973708068903
0.41837672281776417,0.1815519765739385,0.42449884154326584
0.4186830015313936,0.18141916605705927,0.42480104764782917
0.41898928024502297,0.18128654970760233,0.42480104764782917
0.4192955589586524,0.18115412710007306,0.4250025183842047
0.41960183767228176,0.18175182481751825,0.42510325375239244
0.4199081163859112,0.18161925601750548,0.42550619522514355
0.42021439509954056,0.1814868804664723,0.42560693059333127
0.42052067381317,0.18135469774217042,0.426614284275209
0.4208269525267994,0.1819505094614265,0.4267150196433968
0.4211332312404288,0.18181818181818182,0.42681575501158453
0.4214395099540582,0.1816860465116279,0.42731943185252347
0.4217457886676876,0.1822803195352215,0.42742016722071113
0.422052067381317,0.18287373004354138,0.4278231086934623
0.4223583460949464,0.18274111675126903,0.4284275209025889
0.4226646248085758,0.18333333333333332,0.4284275209025889
0.42297090352220523,0.18392469225199132,0.42933413921627883
0.4232771822358346,0.1837916063675832,0.42943487458446655
0.42358346094946403,0.1836587129428778,0.42953560995265433
0.4238897396630934,0.1842485549132948,0.42973708068902994
0.4241960183767228,0.18411552346570398,0.42983781605721766
0.4245022970903522,0.1847041847041847,0.430140022161781
0.4248085758039816,0.18457101658255226,0.43034149289815654
0.42511485451761105,0.1851585014409222,0.4309459051072832
0.4254211332312404,0.18502519798416125,0.431046640475471
0.42572741194486985,0.18489208633093526,0.431449581948222
0.4260336906584992,0.1854780733285406,0.43195325878916085
0.42633996937212865,0.1853448275862069,0.4322554648937242
0.426646248085758,0.18592964824120603,0.43245693563009974
0.42695252679938744,0.18651362984218078,0.43255767099828746
0.42725880551301687,0.1863799283154122,0.4325576709982875
0.42756508422664624,0.18624641833810887,0.43285987710285084
0.42787136294027567,0.18611309949892627,0.4330613478392263
0.42817764165390504,0.1859799713876967,0.4331620832074141
0.42848392036753447,0.18584703359542531,0.4333635539437896
0.42879019908116384,0.18571428571428572,0.4334642893119775
0.42909647779479326,0.18629550321199143,0.4347738490984184
0.4294027565084227,0.1861626248216833,0.43487458446660626
0.42970903522205206,0.18674269422665715,0.43507605520298176
0.4300153139356815,0.1866096866096866,0.43537826130754514
0.43032159264931086,0.18647686832740212,0.43547899667573287
0.4306278713629403,0.18634423897581792,0.43568046741210836
0.43093415007656966,0.18621179815209665,0.4363856149894228
0.4312404287901991,0.18607954545454544,0.4373929686713005
0.4315467075038285,0.18665720369056069,0.43779591014405156
0.4318529862174579,0.18723404255319148,0.43819885161680266
0.4321592649310873,0.18710134656272148,0.4382995869849904
0.4324655436447167,0.18696883852691218,0.43890399919411704
0.4327718223583461,0.1875442321302194,0.43890399919411704
0.4330781010719755,0.18741159830268742,0.4400120882441825
0.4333843797856049,0.1879858657243816,0.4401128236123703
0.4336906584992343,0.18785310734463276,0.44021355898055803
0.4339969372128637,0.18772053634438957,0.4404150297169336
0.4343032159264931,0.18758815232722145,0.44071723582149697
0.4346094946401225,0.18745595489781536,0.4408179711896847
0.4349157733537519,0.18732394366197183,0.4409187065578725
0.4352220520673813,0.18789584799437017,0.44101944192606024
0.4355283307810107,0.1877637130801688,0.4412209126624358
0.43583460949464015,0.1876317638791286,0.4413216480306235
0.4361408882082695,0.1875,0.4413216480306235
0.43644716692189894,0.18736842105263157,0.441523118766999
0.4367534456355283,0.18723702664796635,0.4415231187669992
0.43705972434915774,0.18710581639803783,0.44172458950337457
0.4373660030627871,0.1876750700280112,0.4417245895033746
0.43767228177641654,0.18754373687893633,0.4421275309761257
0.43797856049004597,0.1874125874125874,0.4425304724488768
0.43828483920367534,0.18798043326345212,0.44253047244887683
0.43859111791730476,0.1878491620111732,0.4426312078170646
0.43889739663093413,0.18771807397069085,0.44293341392162794
0.43920367534456356,0.18758716875871687,0.44333635539437893
0.43950995405819293,0.18745644599303135,0.4437392968671301
0.43981623277182236,0.1873259052924791,0.4440415029716933
0.4401225114854518,0.1871955462769659,0.44414223833988115
0.44042879019908115,0.1870653685674548,0.44454517981263225
0.4407350689127106,0.18693537178596248,0.4448473859171955
0.44104134762633995,0.18680555555555556,0.4448473859171956
0.4413476263399694,0.18667591950034698,0.4452503273899466
0.44165390505359875,0.18654646324549237,0.4454517981263222
0.4419601837672282,0.1864171864171864,0.4455525334945099
0.4422664624808576,0.18628808864265928,0.4456532688626977
0.442572741194487,0.186159169550173,0.4460562103354488
0.4428790199081164,0.18672199170124482,0.4464591518081999
0.44318529862174577,0.18659295093296477,0.4465598871763876
0.4434915773353752,0.18646408839779005,0.4465598871763876
0.44379785604900457,0.18702553485162182,0.44666062254457545
0.444104134762634,0.18689655172413794,0.4468620932809509
0.4444104134762634,0.18676774638180565,0.4473657701218898
0.4447166921898928,0.18663911845730027,0.44746650549007755
0.4450229709035222,0.18651066758430832,0.4475672408582653
0.4453292496171516,0.18638239339752408,0.4476679762264531
0.445635528330781,0.18625429553264605,0.448171653067392
0.4459418070444104,0.18681318681318682,0.44827238843557976
0.4462480857580398,0.18668496911461907,0.4484738591719553
0.44655436447166924,0.18655692729766804,0.448574594540143
0.4468606431852986,0.1864290610006854,0.4485745945401431
0.44716692189892804,0.1863013698630137,0.4486753299083308
0.4474732006125574,0.1861738535249829,0.44887680064470636
0.44777947932618684,0.18604651162790697,0.4489775360128941
0.4480857580398162,0.18591934381408065,0.4489775360128941
0.44839203675344563,0.1864754098360656,0.44917900674926975
0.44869831546707506,0.1863481228668942,0.44927974211745747
0.44900459418070443,0.18622100954979537,0.44927974211745747
0.44931087289433386,0.18609406952965235,0.44958194822202074
0.44961715160796323,0.18664850136239783,0.45028709579933524
0.44992343032159265,0.1865214431586113,0.4503878311675229
0.450229709035222,0.18639455782312925,0.4504885665357106
0.45053598774885145,0.18626784500339905,0.4506900372720863
0.4508422664624809,0.18614130434782608,0.4508915080084617
0.45114854517611025,0.18601493550577053,0.4508915080084617
0.4514548238897397,0.1865671641791045,0.4510929787448373
0.45176110260336905,0.1864406779661017,0.4513951848494006
0.4520673813169985,0.18631436314363142,0.4519995970585273
0.45237366003062784,0.18618821936357483,0.45210033242671505
0.45267993874425727,0.18673883626522328,0.4522010677949028
0.4529862174578867,0.18661257606490872,0.45290621537221715
0.45329249617151607,0.1864864864864865,0.4530069507404049
0.4535987748851455,0.1863605671843349,0.45300695074040503
0.45390505359877487,0.1862348178137652,0.45340989221315603
0.4542113323124043,0.1867835468644639,0.45351062758134386
0.45451761102603366,0.18733153638814015,0.4536113629495316
0.4548238897396631,0.1872053872053872,0.45371209831771936
0.4551301684532925,0.18707940780619112,0.4541150397904705
0.4554364471669219,0.18762609280430398,0.45482018736778485
0.4557427258805513,0.1875,0.4550216581041604
0.4560490045941807,0.18737407656145064,0.4551223934723481
0.4563552833078101,0.18791946308724833,0.4552231288405359
0.45666156202143954,0.18846411804158283,0.455626070313287
0.4569678407350689,0.18833780160857908,0.45582754104966255
0.45727411944869834,0.18821165438714,0.4560290117860381
0.4575803981623277,0.18808567603748327,0.4560290117860381
0.45788667687595713,0.18862876254180602,0.45612974715422583
0.4581929555895865,0.18850267379679145,0.45623048252241366
0.45849923430321593,0.18904475617902472,0.456935630099728
0.45880551301684536,0.18891855807743657,0.45693563009972804
0.4591117917304747,0.1894596397598399,0.45723783620429126
0.45941807044410415,0.19,0.4573385715724791
0.4597243491577335,0.189873417721519,0.45733857157247915
0.46003062787136295,0.18974700399467376,0.45733857157247915
0.4603369065849923,0.19028609447771125,0.45743930694066687
0.46064318529862175,0.1908244680851064,0.45754004230885464
0.4609494640122512,0.19136212624584717,0.45834592525435686
0.46125574272588055,0.19189907038512616,0.4589503374634834
0.46156202143951,0.19177173191771732,0.4592525435680468
0.46186830015313934,0.19230769230769232,0.4594540143044223
0.46217457886676877,0.19218025182239895,0.45975622040898556
0.46248085758039814,0.19271523178807948,0.4597562204089856
0.46278713629402757,0.19324950363997354,0.4599576911453611
0.463093415007657,0.19378306878306878,0.46015916188173667
0.46339969372128637,0.19365499008592202,0.46046136798629994
0.4637059724349158,0.19418758256274768,0.4605621033544878
0.46401225114854516,0.19471947194719472,0.4605621033544878
0.4643185298621746,0.1945910290237467,0.4606628387226755
0.46462480857580396,0.1951219512195122,0.4606628387226755
0.4649310872894334,0.19499341238471674,0.46167019240455326
0.4652373660030628,0.19486504279131006,0.4618716631409288
0.4655436447166922,0.19539473684210526,0.46257681071824314
0.4658499234303216,0.19592373438527286,0.46257681071824325
0.466156202143951,0.19579500657030224,0.4630804875591821
0.4664624808575804,0.1963230466185161,0.4631812229273698
0.4667687595712098,0.1968503937007874,0.4638863705046841
0.4670750382848392,0.19737704918032786,0.46439004734562306
0.46738131699846863,0.19790301441677588,0.46439004734562306
0.467687595712098,0.19842829076620824,0.46499445955474966
0.46799387442572743,0.19895287958115182,0.4654981363956885
0.4683001531393568,0.1988227599738391,0.4655988717638763
0.4686064318529862,0.19934640522875818,0.46610254860481515
0.4689127105666156,0.1998693664271718,0.46620328397300287
0.469218989280245,0.2003916449086162,0.4664047547093784
0.46952526799387445,0.20026092628832354,0.46650549007756625
0.4698315467075038,0.20078226857887874,0.466606225445754
0.47013782542113325,0.2006514657980456,0.46680769618212953
0.4704441041347626,0.201171875,0.467009166918505
0.47075038284839205,0.20169160702667535,0.46710990228669286
0.4710566615620214,0.20156046814044212,0.46710990228669286
0.47136294027565084,0.20207927225471084,0.4674121083912562
0.47166921898928027,0.20194805194805196,0.46751284375944396
0.47197549770290964,0.20246593121349774,0.4676135791276317
0.47228177641653907,0.20233463035019456,0.4678150498640073
0.47258805513016844,0.20285158781594298,0.4681172559685705
0.47289433384379786,0.202720207253886,0.46821799133675834
0.47320061255742724,0.20258899676375405,0.46831872670494606
0.47350689127105666,0.20245795601552394,0.4683187267049462
0.4738131699846861,0.20297349709114415,0.4684194620731339
0.47411944869831546,0.20284237726098192,0.46862093280950945
0.4744257274119449,0.2027114267269206,0.46862093280950945
0.47473200612557426,0.2032258064516129,0.46922534501863605
0.4750382848392037,0.20309477756286268,0.46932608038682383
0.47534456355283305,0.2029639175257732,0.46962828649138705
0.4756508422664625,0.2034771410173857,0.4698297572277627
0.4759571209800919,0.20398970398970398,0.46993049259595043
0.4762633996937213,0.2045016077170418,0.4707363755414526
0.4765696784073507,0.20501285347043702,0.47103858164601586
0.4768759571209801,0.20552344251766216,0.47124005238239147
0.4771822358346095,0.20539152759948653,0.47124005238239147
0.4774885145482389,0.20525978191148173,0.47134078775057925
0.4777947932618683,0.20512820512820512,0.47174372922333024
0.4781010719754977,0.20499679692504805,0.4719451999597059
0.4784073506891271,0.20486555697823303,0.47204593532789363
0.4787136294027565,0.20473448496481125,0.47214667069608135
0.4790199081163859,0.20524296675191817,0.47214667069608146
0.4793261868300153,0.20575079872204474,0.4722474060642691
0.4796324655436447,0.20561941251596424,0.4722474060642692
0.4799387442572741,0.20548819400127633,0.47254961216883246
0.48024502297090355,0.20535714285714285,0.47254961216883246
0.4805513016845329,0.20522625876354367,0.47305328900977134
0.48085758039816234,0.2050955414012739,0.47385917195527344
0.4811638591117917,0.20496499045194144,0.47395990732346127
0.48147013782542114,0.20483460559796438,0.474060642691649
0.4817764165390505,0.20470438652256834,0.4740606426916491
0.48208269525267994,0.20520965692503176,0.4741613780598368
0.48238897396630936,0.20507936507936508,0.4745643195325879
0.48269525267993874,0.2049492385786802,0.47456431953258793
0.48300153139356816,0.20545339251743816,0.47456431953258793
0.48330781010719753,0.20532319391634982,0.47456431953258793
0.48361408882082696,0.2051931602279924,0.47466505490077565
0.48392036753445633,0.20569620253164558,0.47486652563715115
0.48422664624808576,0.20619860847564833,0.47526946710990225
0.4845329249617152,0.20606826801517067,0.47597461468721664
0.48483920367534455,0.2065698041692988,0.47597461468721675
0.485145482388974,0.20707070707070707,0.47637755615996774
0.48545176110260335,0.20694006309148266,0.4764782915281556
0.4857580398162328,0.2068095838587642,0.4765790268963433
0.48606431852986215,0.2066792690611216,0.4765790268963433
0.4863705972434916,0.20717884130982367,0.4771834391054699
0.486676875957121,0.20704845814977973,0.47728417447365773
0.4869831546707504,0.2069182389937107,0.47768711594640884
0.4872894333843798,0.20741671904462602,0.4778885866827843
0.48759571209800917,0.20728643216080403,0.47829152815553533
0.4879019908116386,0.2071563088512241,0.4793996172056009
0.48820826952526797,0.20702634880803011,0.47980255867835203
0.4885145482388974,0.20689655172413793,0.47990329404653975
0.4888208269525268,0.20739348370927319,0.480205500151103
0.4891271056661562,0.20788979336255478,0.480205500151103
0.4894333843797856,0.2083854818523154,0.48060844162385413
0.489739663093415,0.20825515947467166,0.48091064772841746
0.4900459418070444,0.20875,0.481112118464793
0.4903522205206738,0.20861961274203622,0.48121285383298074
0.4906584992343032,0.20848938826466917,0.48131358920116857
0.49096477794793264,0.2083593262632564,0.4819180014102951
0.491271056661562,0.20885286783042395,0.4822202075148585
0.49157733537519144,0.2087227414330218,0.4823209428830462
0.4918836140888208,0.20859277708592777,0.482421678251234
0.49218989280245024,0.20846297448662104,0.48272388435579733
0.4924961715160796,0.208955223880597,0.48272388435579733
0.49280245022970903,0.20944686140459912,0.48302609046036066
0.49310872894333846,0.2093167701863354,0.4831268258285484
0.49341500765696783,0.20918684047175667,0.48332829656492393
0.49372128637059726,0.20967741935483872,0.48373123803767504
0.4940275650842266,0.20954742715437075,0.48383197340586276
0.49433384379785605,0.2100371747211896,0.4844363856149894
0.4946401225114854,0.21052631578947367,0.48463785635136497
0.49494640122511485,0.2103960396039604,0.485040797824116
0.4952526799387443,0.21026592455163884,0.4852422685604916
0.49555895865237365,0.21013597033374537,0.4853430039286794
0.4958652373660031,0.2100061766522545,0.4857459454014304
0.49617151607963245,0.20987654320987653,0.48594741613780595
0.4964777947932619,0.21036397285626157,0.4861488868741815
0.49678407350689124,0.21023427866831074,0.48624962224236934
0.49709035222052067,0.21010474430067777,0.48635035761055706
0.4973966309341501,0.20997536945812809,0.48685403445149594
0.49770290964777947,0.20984615384615385,0.4870555051878715
0.4980091883614089,0.2097170971709717,0.4871562405560593
0.49831546707503827,0.2095881991395206,0.4875591820288103
0.4986217457886677,0.21007371007371006,0.48765991739699804
0.49892802450229706,0.20994475138121546,0.4877606527651858
0.4992343032159265,0.2098159509202454,0.48796212350156143
0.4995405819295559,0.20968730839975475,0.48866727107887575
0.4998468606431853,0.21017156862745098,0.4887680064470636
0.5001531393568147,0.21004286589099816,0.4888687418152513
0.5004594180704441,0.20991432068543453,0.48886874181525136
0.5007656967840735,0.20978593272171253,0.4891709479198146
0.5010719754977029,0.20965770171149145,0.48967462476075346
0.5013782542113323,0.209529627367135,0.48977536012894124
0.5016845329249617,0.2094017094017094,0.4899768308653168
0.5019908116385912,0.2092739475289811,0.49017830160169235
0.5022970903522205,0.20914634146341463,0.4905812430744434
0.5026033690658499,0.20901889092017062,0.4905812430744434
0.5029096477794793,0.2095006090133983,0.490782713810819
0.5032159264931088,0.209373097991479,0.4908834491790068
0.5035222052067382,0.20924574209245742,0.49108491991538233
0.5038284839203675,0.20911854103343466,0.4913871260199456
0.5041347626339969,0.20959902794653706,0.49148786138813333
0.5044410413476264,0.20947176684881602,0.4919915382290722
0.5047473200612558,0.2099514563106796,0.4919915382290722
0.5050535987748851,0.2104305639781686,0.49209227359726
0.5053598774885145,0.2109090909090909,0.4923944797018234
0.505666156202144,0.21078134463961234,0.49320036264732553
0.5059724349157734,0.2106537530266344,0.49320036264732553
0.5062787136294028,0.21052631578947367,0.49360330412007664
0.5065849923430321,0.21100362756952842,0.4938047748564521
0.5068912710566615,0.2108761329305136,0.49420771632920313
0.507197549770291,0.2107487922705314,0.49440918706557874
0.5075038284839204,0.2112251056125528,0.4945099224337665
0.5078101071975498,0.21109770808202655,0.4945099224337665
0.5081163859111791,0.2115732368896926,0.4954165407474564
0.5084226646248086,0.21144578313253012,0.4959202175883953
0.508728943338438,0.21131848284166166,0.49602095295658305
0.5090352220520674,0.2111913357400722,0.4962224236929586
0.5093415007656967,0.2110643415514131,0.4962224236929586
0.5096477794793262,0.21153846153846154,0.4962224236929586
0.5099540581929556,0.2114114114114114,0.4962224236929586
0.510260336906585,0.2118847539015606,0.4963231590611464
0.5105666156202144,0.21175764847030593,0.49672610053389743
0.5108728943338438,0.21163069544364507,0.49672610053389743
0.5111791730474732,0.21150389454763333,0.496927571270273
0.5114854517611026,0.21137724550898204,0.4974312481112118
0.511791730474732,0.21125074805505686,0.4974312481112118
0.5120980091883615,0.2111244019138756,0.4978341895839629
0.5124042879019908,0.2109982068141064,0.4978341895839629
0.5127105666156202,0.2114695340501792,0.4979349249521507
0.5130168453292496,0.21134328358208956,0.49803566032033847
0.513323124042879,0.21121718377088305,0.49823713105671397
0.5136294027565084,0.2110912343470483,0.49853933716127735
0.5139356814701378,0.21156138259833135,0.49853933716127735
0.5142419601837672,0.2114353782013103,0.49864007252946513
0.5145482388973966,0.2119047619047619,0.4990430140022162
0.5148545176110261,0.21237358715050564,0.499143749370404
0.5151607963246554,0.21284185493460167,0.4992444847385917
0.5154670750382848,0.21271538918597743,0.49924448473859173
0.5157733537519142,0.21258907363420426,0.49934522010677945
0.5160796324655437,0.21246290801186943,0.499546690843155
0.5163859111791731,0.2129300118623962,0.4996474262113428
0.5166921898928024,0.21280379371665678,0.49984889694771834
0.5169984686064318,0.2126777251184834,0.5002518384204694
0.5173047473200613,0.21314387211367672,0.5003525737886573
0.5176110260336907,0.2136094674556213,0.5005540445250327
0.51791730474732,0.21407451212300413,0.5006547798932205
0.5182235834609494,0.21453900709219859,0.5007555152614083
0.5185298621745789,0.21500295333727112,0.5011584567341593
0.5188361408882083,0.21487603305785125,0.5012591921023472
0.5191424196018377,0.2153392330383481,0.5012591921023472
0.519448698315467,0.21521226415094338,0.5014606628387227
0.5197549770290965,0.2150854449027696,0.5015613982069105
0.5200612557427259,0.2149587750294464,0.501762868943286
0.5203675344563553,0.214832254267216,0.5019643396796615
0.5206738131699847,0.21470588235294116,0.5022665457842249
0.520980091883614,0.21457965902410348,0.5025687518887881
0.5212863705972435,0.2144535840188014,0.5025687518887881
0.5215926493108729,0.2143276570757487,0.5028709579933515
0.5218989280245023,0.2142018779342723,0.5032738994661026
0.5222052067381318,0.21466275659824047,0.5032738994661026
0.5225114854517611,0.21512309495896834,0.5036768409388536
0.5228177641653905,0.21558289396602226,0.5036768409388537
0.5231240428790199,0.2154566744730679,0.5037775763070413
0.5234303215926494,0.21533060269163254,0.504381988516168
0.5237366003062787,0.21578947368421053,0.5043819885161681
0.5240428790199081,0.21566335476329632,0.5044827238843558
0.5243491577335375,0.2155373831775701,0.5044827238843558
0.524655436447167,0.21541155866900175,0.5046841946207313
0.5249617151607964,0.21528588098016335,0.5050871360934824
0.5252679938744257,0.21574344023323616,0.5053893421980457
0.5255742725880551,0.21561771561771562,0.5053893421980457
0.5258805513016845,0.2160745486313337,0.5057922836707968
0.526186830015314,0.2159487776484284,0.5061952251435479
0.5264931087289434,0.21582315299592786,0.5061952251435479
0.5267993874425727,0.21569767441860466,0.5070011080890501
0.5271056661562021,0.2155723416618245,0.5070011080890501
0.5274119448698316,0.21602787456445993,0.5072025788254256
0.527718223583461,0.2159024956471271,0.5072025788254256
0.5280245022970903,0.21577726218097448,0.5076055202981767
0.5283307810107197,0.21565217391304348,0.5079077264027401
0.5286370597243492,0.2161066048667439,0.5084114032436787
0.5289433384379786,0.21656050955414013,0.5084114032436787
0.529249617151608,0.21643518518518517,0.5085121386118666
0.5295558958652373,0.21688837478311163,0.5085121386118666
0.5298621745788668,0.21676300578034682,0.5086128739800544
0.5301684532924962,0.21663778162911612,0.5087136093482422
0.5304747320061256,0.21651270207852194,0.5087136093482422
0.530781010719755,0.21696480092325446,0.50881434471643
0.5310872894333843,0.21683967704728951,0.5097209630301198
0.5313935681470138,0.21729106628242076,0.5100231691346832
0.5316998468606432,0.2171658986175115,0.5104261106074343
0.5320061255742726,0.21704087507196315,0.510526845975622
0.5323124042879019,0.21749136939010358,0.510526845975622
0.5326186830015314,0.21736630247268546,0.510526845975622
0.5329249617151608,0.217816091954023,0.5106275813438098
0.5332312404287902,0.2176909821941413,0.5107283167119975
0.5335375191424196,0.21814006888633755,0.511433464289312
0.533843797856049,0.21801491681009752,0.5118364057620631
0.5341500765696784,0.21788990825688073,0.5120378764984386
0.5344563552833078,0.2177650429799427,0.5125415533393775
0.5347626339969372,0.21764032073310424,0.5128437594439407
0.5350689127105667,0.21751574127074985,0.5130452301803162
0.535375191424196,0.21739130434782608,0.5132467009166919
0.5356814701378254,0.21726700971983992,0.5137503777576308
0.5359877488514548,0.21714285714285714,0.514052583862194
0.5362940275650843,0.21701884637350086,0.514052583862194
0.5366003062787136,0.21689497716894976,0.5142540545985695
0.536906584992343,0.21734169994295494,0.5142540545985695
0.5372128637059724,0.21721778791334093,0.5147577314395084
0.5375191424196019,0.2170940170940171,0.5149592021758839
0.5378254211332313,0.21697038724373577,0.5151606729122594
0.5381316998468606,0.2174160500853728,0.5154628790168228
0.53843797856049,0.21786120591581343,0.5154628790168229
0.5387442572741195,0.21773735076748152,0.5155636143850105
0.5390505359877489,0.21761363636363637,0.5157650851213861
0.5393568147013783,0.2174900624645088,0.5164702326987006
0.5396630934150076,0.21736662883087401,0.5167724388032638
0.539969372128637,0.21781055019852524,0.5169739095396394
0.5402756508422665,0.21768707482993196,0.5173768510123904
0.5405819295558959,0.21756373937677054,0.5176790571169537
0.5408882082695252,0.217440543601359,0.5177797924851415
0.5411944869831546,0.21731748726655348,0.5177797924851415
0.5415007656967841,0.2171945701357466,0.5177797924851415
0.5418070444104135,0.21707179197286602,0.5177797924851416
0.5421133231240429,0.2175141242937853,0.5179812632215172
0.5424196018376722,0.21739130434782608,0.5181827339578926
0.5427258805513017,0.2178329571106095,0.5184849400624559
0.5430321592649311,0.21771009588268472,0.518887881535207
0.5433384379785605,0.2181510710259301,0.519290823007958
0.5436447166921899,0.2180281690140845,0.5192908230079581
0.5439509954058193,0.21846846846846846,0.5195930291125214
0.5442572741194487,0.21834552616769837,0.5196937644807093
0.5445635528330781,0.21822272215973004,0.5198952352170847
0.5448698315467075,0.2181000562113547,0.5198952352170847
0.5451761102603369,0.21853932584269664,0.5199959705852725
0.5454823889739663,0.2184166198764739,0.5202981766898358
0.5457886676875957,0.21829405162738497,0.5203989120580236
0.5460949464012251,0.21817162086371283,0.5203989120580236
0.5464012251148546,0.218609865470852,0.5208018535307747
0.5467075038284839,0.2184873949579832,0.5209025888989625
0.5470137825421133,0.21836506159014557,0.5209025888989625
0.5473200612557427,0.21824286513710128,0.5211040596353379
0.5476263399693722,0.2186800894854586,0.5211040596353379
0.5479326186830016,0.21855785354946897,0.521507001108089
0.5482388973966309,0.21843575418994413,0.5216077364762768
0.5485451761102603,0.21831379117811278,0.5219099425808401
0.5488514548238898,0.21875,0.5222121486854036
0.5491577335375192,0.21862799776910205,0.522413619421779
0.5494640122511485,0.21850613154960982,0.5225143547899668
0.5497702909647779,0.21838440111420612,0.5227158255263423
0.5500765696784073,0.2182628062360802,0.5228165608945301
0.5503828483920368,0.21814134668892599,0.5230180316309055
0.5506891271056662,0.21802002224694106,0.52372317920822
0.5509954058192955,0.2178988326848249,0.5238239145764078
0.5513016845329249,0.21777777777777776,0.5238239145764078
0.5516079632465544,0.21765685730149917,0.5238239145764078
0.5519142419601838,0.21753607103218647,0.5240253853127833
0.5522205206738132,0.21741541874653356,0.5245290621537222
0.5525267993874425,0.21729490022172948,0.5248312682582855
0.552833078101072,0.21717451523545706,0.5249320036264732
0.5531393568147014,0.21760797342192692,0.5251334743628489
0.5534456355283308,0.2180409518539015,0.5254356804674121
0.5537519142419601,0.2179203539823009,0.5257378865719754
0.5540581929555896,0.2183526810392482,0.5263422987811021
0.554364471669219,0.21823204419889503,0.5266445048856654
0.5546707503828484,0.21866372170071782,0.5267452402538532
0.5549770290964778,0.2185430463576159,0.5269467109902286
0.5552833078101072,0.21897407611693326,0.5271481817266043
0.5555895865237366,0.21885336273428888,0.5272489170947919
0.555895865237366,0.218732782369146,0.527651858567543
0.5562021439509954,0.21861233480176212,0.5281555354084819
0.5565084226646249,0.21849201981287836,0.5284577415130453
0.5568147013782542,0.21837183718371836,0.5288606829857962
0.5571209800918836,0.2182517866959868,0.5290621537221719
0.557427258805513,0.21813186813186813,0.5290621537221719
0.5577335375191425,0.21801208127402527,0.5291628890903596
0.5580398162327718,0.21789242590559824,0.5291628890903597
0.5583460949464012,0.21777290181020295,0.5294650951949229
0.5586523736600306,0.21765350877192982,0.529465095194923
0.55895865237366,0.21808219178082192,0.5295658305631107
0.5592649310872895,0.21796276013143484,0.5296665659312985
0.5595712098009188,0.21839080459770116,0.5296665659312985
0.5598774885145482,0.21827133479212255,0.5301702427722373
0.5601837672281776,0.21869874248223073,0.530270978140425
0.5604900459418071,0.2191256830601093,0.5303717135086129
0.5607963246554365,0.21900600764609504,0.5305731842449884
0.5611026033690658,0.21943231441048036,0.5305731842449884
0.5614088820826952,0.2193126022913257,0.5306739196131761
0.5617151607963247,0.21919302071973829,0.5308753903495518
0.5620214395099541,0.21907356948228882,0.5311775964541151
0.5623277182235834,0.21949891067538127,0.5312783318223028
0.5626339969372128,0.21992378878606422,0.5313790671904906
0.5629402756508423,0.22034820457018497,0.5314798025586783
0.5632465543644717,0.22022838499184338,0.5315805379268661
0.5635528330781011,0.22065217391304348,0.5316812732950539
0.5638591117917304,0.22053231939163498,0.5318827440314294
0.5641653905053599,0.22041259500542887,0.5319834793996172
0.5644716692189893,0.2202930005425936,0.5323864208723683
0.5647779479326187,0.22017353579175705,0.5323864208723683
0.5650842266462481,0.22005420054200542,0.5324871562405561
0.5653905053598774,0.2199349945828819,0.5326886269769316
0.5656967840735069,0.2198159177043855,0.5327893623451193
0.5660030627871363,0.22023809523809523,0.5328900977133072
0.5663093415007657,0.22011898323418064,0.5330915684496826
0.5666156202143952,0.22,0.5331923038178704
0.5669218989280245,0.22042139384116693,0.5339981867633726
0.5672281776416539,0.22084233261339092,0.5344011282361237
0.5675344563552833,0.22126281705342687,0.534703334340687
0.5678407350689127,0.22168284789644013,0.535207011181626
0.5681470137825421,0.22210242587601078,0.5353077465498136
0.5684532924961715,0.22198275862068967,0.5355092172861892
0.5687595712098009,0.22186322024771135,0.5358114233907525
0.5690658499234303,0.2217438105489774,0.5358114233907525
0.5693721286370598,0.22162452931683702,0.5361136294953158
0.5696784073506891,0.22204301075268817,0.5362143648635036
0.5699846860643185,0.22246104245029555,0.5365165709680669
0.5702909647779479,0.22234156820622986,0.5365165709680669
0.5705972434915774,0.2222222222222222,0.5366173063362546
0.5709035222052068,0.22210300429184548,0.5367180417044425
0.5712098009188361,0.2225201072386059,0.5367180417044425
0.5715160796324655,0.22240085744908897,0.5368187770726303
0.571822358346095,0.22228173540439208,0.5371209831771936
0.5721286370597244,0.2221627408993576,0.5372217185453813
0.5724349157733537,0.22204387372926698,0.5373224539135691
0.5727411944869831,0.22245989304812835,0.5375239246499447
0.5730474732006126,0.22287546766435062,0.5375239246499447
0.573353751914242,0.22275641025641027,0.5378261307545079
0.5736600306278714,0.2226374799786439,0.5381283368590712
0.5739663093415007,0.22305229455709713,0.538229072227259
0.5742725880551302,0.22293333333333334,0.538229072227259
0.5745788667687596,0.22281449893390193,0.5383298075954467
0.574885145482389,0.22269579115610016,0.5384305429636346
0.5751914241960184,0.22257720979765708,0.5391356905409489
0.5754977029096477,0.22299095263437999,0.5395386320137
0.5758039816232772,0.22340425531914893,0.5397401027500756
0.5761102603369066,0.22328548644338117,0.5397401027500756
0.576416539050536,0.22369819341126462,0.5400423088546389
0.5767228177641653,0.22357939458311205,0.5407474564319533
0.5770290964777948,0.2234607218683652,0.5410496625365165
0.5773353751914242,0.223342175066313,0.5410496625365165
0.5776416539050536,0.22322375397667021,0.5411503979047043
0.577947932618683,0.22310545839957605,0.5412511332728921
0.5782542113323124,0.22351694915254236,0.541754810113831
0.5785604900459418,0.22339862361037585,0.5418555454820188
0.5788667687595712,0.22380952380952382,0.5419562808502065
0.5791730474732006,0.2236911686938128,0.542157751586582
0.5794793261868301,0.22357293868921777,0.5422584869547699
0.5797856049004594,0.22345483359746435,0.5423592223229576
0.5800918836140888,0.2238648363252376,0.5426614284275209
0.5803981623277182,0.2237467018469657,0.5428628991638965
0.5807044410413477,0.22362869198312235,0.5429636345320842
0.581010719754977,0.22403795466526094,0.5433665760048353
0.5813169984686064,0.2244467860906217,0.543970988213962
0.5816232771822358,0.22432859399684044,0.5440717235821497
0.5819295558958653,0.22421052631578947,0.5442731943185253
0.5822358346094947,0.22409258285113098,0.5444746650549007
0.582542113323124,0.22397476340694006,0.5445754004230885
0.5828483920367534,0.22438255386232264,0.5445754004230886
0.5831546707503829,0.22426470588235295,0.5449783418958396
0.5834609494640123,0.2241469816272966,0.5451798126322152
0.5837672281776417,0.22402938090241342,0.5453812833685907
0.584073506891271,0.22443628736234925,0.5453812833685907
0.5843797856049004,0.22431865828092243,0.5454820187367785
0.5846860643185299,0.22420115243583028,0.5457842248413418
0.5849923430321593,0.22408376963350785,0.5458849602095296
0.5852986217457886,0.2239665096807954,0.5459856955777174
0.585604900459418,0.2243723849372385,0.5462879016822807
0.5859111791730475,0.2247778358599059,0.5466908431550317
0.5862174578866769,0.22466039707419017,0.5467915785232195
0.5865237366003063,0.2245430809399478,0.546993049259595
0.5868300153139356,0.2244258872651357,0.5473959907323461
0.5871362940275651,0.22483046426708397,0.548302609046036
0.5874425727411945,0.22471324296141815,0.5484033444142238
0.5877488514548239,0.22511724856696197,0.5487055505187871
0.5880551301684533,0.225,0.5489070212551627
0.5883614088820827,0.22488287350338365,0.5491084919915382
0.5886676875957121,0.2247658688865765,0.5491084919915382
0.5889739663093415,0.22464898595943839,0.549209227359726
0.5892802450229709,0.22505197505197505,0.5493099627279138
0.5895865237366003,0.22493506493506493,0.549612168832477
0.5898928024502297,0.22481827622014539,0.5500151103052281
0.5901990811638591,0.2252205500778412,0.550115845673416
0.5905053598774885,0.22562240663900415,0.5504180517779792
0.590811638591118,0.22602384655261792,0.5508209932507303
0.5911179173047473,0.22590673575129533,0.5509217286189181
0.5914241960183767,0.22630761263593993,0.5511231993552936
0.5917304747320061,0.2261904761904762,0.5511231993552936
0.5920367534456356,0.22607346094154165,0.5512239347234814
0.592343032159265,0.22595656670113753,0.5513246700916693
0.5926493108728943,0.22583979328165374,0.5517276115644202
0.5929555895865237,0.2262396694214876,0.5517276115644203
0.5932618683001532,0.22612287041817244,0.5519290823007958
0.5935681470137826,0.2260061919504644,0.5523320237735468
0.5938744257274119,0.2264053635894791,0.5524327591417347
0.5941807044410413,0.2268041237113402,0.552734965246298
0.5944869831546707,0.22668727460072127,0.552734965246298
0.5947932618683002,0.22708547888774458,0.5539437896645513
0.5950995405819296,0.22696860524961399,0.55444746650549
0.5954058192955589,0.22685185185185186,0.5548504079782411
0.5957120980091883,0.22724935732647814,0.5551526140828045
0.5960183767228178,0.22713257965056527,0.5554548201873678
0.5963246554364472,0.22701592193117617,0.5556562909237434
0.5966309341500766,0.2268993839835729,0.5556562909237434
0.5969372128637059,0.22678296562339662,0.5557570262919311
0.5972434915773354,0.22666666666666666,0.5558577616601189
0.5975497702909648,0.2265504869297796,0.5560592323964945
0.5978560490045942,0.22694672131147542,0.5561599677646821
0.5981623277182235,0.22734254992319508,0.5561599677646822
0.598468606431853,0.2277379733879222,0.55626070313287
0.5987748851454824,0.22813299232736572,0.5564621738692456
0.5990811638591118,0.2285276073619632,0.5565629092374332
0.5993874425727412,0.228921819110884,0.5565629092374332
0.5996937212863706,0.2293156281920327,0.556663644605621
0.6,0.22919857069933638,0.5566636446056211
0.6003062787136294,0.22908163265306122,0.5571673214465599
0.6006125574272588,0.22896481387047424,0.5573687921829354
0.6009188361408883,0.22884811416921508,0.5577717336556866
0.6012251148545176,0.22924095771777891,0.5580739397602499
0.601531393568147,0.22912423625254583,0.5581746751284377
0.6018376722817764,0.22900763358778625,0.5582754104966253
0.6021439509954059,0.2288911495422177,0.5584768812330009
0.6024502297090352,0.22877478393492628,0.5585776166011888
0.6027565084226646,0.22916666666666666,0.5586783519693764
0.603062787136294,0.22905027932960895,0.5587790873375642
0.6033690658499234,0.22893401015228426,0.5589805580739398
0.6036753445635529,0.22932521562658548,0.5590812934421275
0.6039816232771822,0.22920892494929007,0.5591820288103152
0.6042879019908116,0.22959959452610237,0.5593834995466909
0.604594180704441,0.22998986828774062,0.5596857056512542
0.6049004594180705,0.23037974683544304,0.5597864410194419
0.6052067381316999,0.23026315789473684,0.5599879117558174
0.6055130168453292,0.2306525037936267,0.5603908532285685
0.6058192955589586,0.23053589484327602,0.5608945300695074
0.6061255742725881,0.23092470944921678,0.5608945300695074
0.6064318529862175,0.2308080808080808,0.5613982069104463
0.6067381316998468,0.23119636547198386,0.5623048252241362
0.6070444104134762,0.23107971745711403,0.562405560592324
0.6073506891271057,0.23096318709026728,0.5630099728014506
0.6076569678407351,0.23084677419354838,0.5631107081696384
0.6079632465543645,0.23073047858942067,0.563211443537826
0.6082695252679938,0.23061430010070494,0.563211443537826
0.6085758039816233,0.23100150981378964,0.5635136496423895
0.6088820826952527,0.23088531187122738,0.5638158557469527
0.6091883614088821,0.23076923076923078,0.5639165911151406
0.6094946401225115,0.23065326633165828,0.564118061851516
0.6098009188361408,0.23053741838272224,0.5645210033242672
0.6101071975497703,0.23042168674698796,0.5646217386924549
0.6104134762633997,0.2303060712493728,0.5646217386924549
0.6107197549770291,0.23069207622868607,0.5649239447970182
0.6110260336906586,0.23107769423558897,0.565024680165206
0.6113323124042879,0.23146292585170342,0.565024680165206
0.6116385911179173,0.2313470205307962,0.565024680165206
0.6119448698315467,0.23173173173173173,0.5651254155333937
0.6122511485451761,0.23161580790395198,0.5651254155333938
0.6125574272588055,0.232,0.5652261509015816
0.6128637059724349,0.23238380809595202,0.5656290923743326
0.6131699846860643,0.23276723276723277,0.5657298277425203
0.6134762633996937,0.2326510234648028,0.5662335045834593
0.6137825421133232,0.23253493013972057,0.5665357106880226
0.6140888208269525,0.23241895261845386,0.5667371814243981
0.6143950995405819,0.23230309072781655,0.5667371814243981
0.6147013782542113,0.23218734429496762,0.5668379167925859
0.6150076569678408,0.23207171314741035,0.567240858265337
0.6153139356814702,0.23195619711299154,0.567643799738088
0.6156202143950995,0.23184079601990049,0.5677445351062759
0.6159264931087289,0.23172550969666833,0.5683489473154024
0.6162327718223584,0.23161033797216699,0.5684496826835902
0.6165390505359878,0.23199205166418282,0.5684496826835902
0.6168453292496171,0.23187686196623636,0.5685504180517779
0.6171516079632465,0.23225806451612904,0.5687518887881535
0.617457886676876,0.2326388888888889,0.5692555656290924
0.6177641653905054,0.23252354982647497,0.5692555656290924
0.6180704441041348,0.232408325074331,0.5693563009972801
0.6183767228177641,0.23278850916295196,0.5695577717336556
0.6186830015313936,0.23267326732673269,0.5700614485745945
0.618989280245023,0.23255813953488372,0.5701621839427823
0.6192955589586524,0.23293768545994065,0.5708673315200967
0.6196018376722818,0.2328225407810183,0.5710688022564723
0.6199081163859111,0.2327075098814229,0.5723783620429133
0.6202143950995406,0.23308641975308642,0.5725798327792888
0.62052067381317,0.23346495557749258,0.5725798327792888
0.6208269525267994,0.23334977799703996,0.5725798327792888
0.6211332312404287,0.23372781065088757,0.5730835096202277
0.6214395099540582,0.23361261705273534,0.5730835096202277
0.6217457886676876,0.2334975369458128,0.5731842449884154
0.622052067381317,0.23338257016248154,0.5731842449884155
0.6223583460949464,0.23375984251968504,0.5735871864611665
0.6226646248085758,0.2341367437284801,0.5742923340384809
0.6229709035222052,0.23402163225172073,0.5745945401430442
0.6232771822358346,0.2339066339066339,0.5748967462476076
0.623583460949464,0.2337917485265226,0.575098216983983
0.6238897396630935,0.23367697594501718,0.5757026291931097
0.6241960183767228,0.23356231599607458,0.5758033645612975
0.6245022970903522,0.23344776851397744,0.5759040999294852
0.6248085758039816,0.2338235294117647,0.5767099828749874
0.6251148545176111,0.23370896619304263,0.576911453611363
0.6254211332312404,0.2335945151811949,0.5770121889795506
0.6257274119448698,0.2339696524718551,0.5778180719250529
0.6260336906584992,0.23385518590998042,0.5779188072932406
0.6263399693721287,0.23374083129584353,0.5785232195023673
0.6266462480857581,0.23362658846529813,0.5785232195023673
0.6269525267993874,0.2335124572545188,0.5788254256069306
0.6272588055130168,0.2333984375,0.5789261609751183
0.6275650842266463,0.2337725719863348,0.5790268963433062
0.6278713629402757,0.23365853658536587,0.5792283670796817
0.6281776416539051,0.23354461238420282,0.5792283670796817
0.6284839203675344,0.23391812865497075,0.5793291024478694
0.6287901990811638,0.23429128105211885,0.579530573184245
0.6290964777947933,0.23466407010710807,0.5795305731842451
0.6294027565084227,0.23503649635036497,0.5797320439206205
0.629709035222052,0.23540856031128404,0.5801349853933716
0.6300153139356814,0.23529411764705882,0.5802357207615594
0.6303215926493109,0.23517978620019436,0.5803364561297472
0.6306278713629403,0.23506556580864496,0.5803364561297472
0.6309341500765697,0.23495145631067962,0.5804371914979349
0.631240428790199,0.2348374575448811,0.5815452805480005
0.6315467075038285,0.23520853540252182,0.5816460159161881
0.6318529862174579,0.2350945225399903,0.5818474866525637
0.6321592649310873,0.23498062015503876,0.582149692757127
0.6324655436447167,0.23486682808716708,0.5822504281253148
0.6327718223583461,0.23475314617618587,0.5823511634935026
0.6330781010719755,0.23463957426221577,0.582552634229878
0.6333843797856049,0.23452611218568664,0.5825526342298781
0.6336906584992343,0.2344127597873369,0.5826533695980659
0.6339969372128637,0.23429951690821257,0.5827541049662537
0.6343032159264931,0.23466924191211974,0.5832577818071925
0.6346094946401225,0.23455598455598456,0.5833585171753803
0.6349157733537519,0.23492522913651712,0.5840636647526947
0.6352220520673814,0.23529411764705882,0.584365870857258
0.6355283307810107,0.23566265060240965,0.5845673415936335
0.6358346094946401,0.23603082851637766,0.5846680769618213
0.6361408882082695,0.23591718825228694,0.5850710184345723
0.636447166921899,0.2358036573628489,0.5853732245391358
0.6367534456355284,0.23617123617123617,0.5857761660118869
0.6370597243491577,0.2360576923076923,0.5859776367482623
0.6373660030627871,0.2359442575684767,0.5860783721164501
0.6376722817764165,0.23631123919308358,0.5864813135892012
0.637978560490046,0.23619779164666346,0.5865820489573889
0.6382848392036753,0.23656429942418425,0.5867835196937645
0.6385911179173047,0.23645083932853717,0.5872871965347034
0.6388973966309341,0.23633748801534035,0.5875894026392666
0.6392036753445636,0.23622424532822234,0.58789160874383
0.639509954058193,0.23659003831417624,0.5881938148483933
0.6398162327718223,0.2369554810914313,0.5884960209529565
0.6401225114854517,0.23684210526315788,0.5884960209529566
0.6404287901990812,0.23720707795313248,0.5888989624257077
0.6407350689127106,0.23709369024856597,0.5889996977938955
0.64104134762634,0.23698041089345437,0.5893019038984587
0.6413476263399693,0.23734479465138492,0.5894026392666465
0.6416539050535988,0.23770883054892603,0.589604110003022
0.6419601837672282,0.23807251908396945,0.5898055807393976
0.6422664624808576,0.23843586075345732,0.590007051475773
0.6425727411944869,0.23832221163012393,0.5902085222121487
0.6428790199081164,0.2386850881372082,0.590510728316712
0.6431852986217458,0.23857142857142857,0.5906114636848998
0.6434915773353752,0.23893384102808188,0.590913669789463
0.6437978560490046,0.23882017126546146,0.5921224942077163
0.644104134762634,0.23870660960532572,0.5924247003122797
0.6444104134762634,0.2390684410646388,0.5924247003122797
0.6447166921898928,0.23895486935866983,0.5927269064168429
0.6450229709035222,0.23884140550807217,0.5927269064168429
0.6453292496171517,0.2387280493592786,0.5930291125214063
0.645635528330781,0.23861480075901328,0.593129847889594
0.6459418070444104,0.23850165955429115,0.5932305832577818
0.6462480857580398,0.23838862559241705,0.5934320539941573
0.6465543644716693,0.2382756987209853,0.5937342600987207
0.6468606431852986,0.23863636363636365,0.5941372015714718
0.647166921898928,0.2389966871746332,0.5944394076760351
0.6474732006125574,0.23935666982024598,0.5946408784124105
0.6477794793261868,0.23924349881796692,0.5948423491487862
0.6480857580398163,0.2391304347826087,0.5951445552533494
0.6483920367534456,0.23948984411903637,0.595346025989725
0.648698315467075,0.23937677053824363,0.5957489674624761
0.6490045941807044,0.2392638036809816,0.5958497028306639
0.6493108728943339,0.23962264150943396,0.5960511735670394
0.6496171516079633,0.23950966525223952,0.5961519089352272
0.6499234303215926,0.23986804901036757,0.5963533796716027
0.650229709035222,0.2397550635892605,0.5963533796716027
0.6505359877488515,0.2396421845574388,0.5967563211443538
0.6508422664624809,0.23952941176470588,0.5968570565125415
0.6511485451761102,0.2398871119473189,0.5978644101944193
0.6514548238897396,0.2397743300423131,0.597965145562607
0.6517611026033691,0.23966165413533835,0.5985695577717336
0.6520673813169985,0.23954908407703146,0.5988717638762969
0.6523736600306279,0.23943661971830985,0.5988717638762969
0.6526799387442572,0.2397935241670577,0.5989724992444847
0.6529862174578867,0.2401500938086304,0.5994761760854236
0.6532924961715161,0.24050632911392406,0.5994761760854236
0.6535987748851455,0.24039362699156513,0.5997783821899869
0.6539050535987749,0.24074941451990634,0.5998791175581747
0.6542113323124042,0.2406367041198502,0.6000805882945502
0.6545176110260337,0.24052409920449228,0.6002820590309258
0.6548238897396631,0.24087932647333957,0.6002820590309258
0.6551301684532925,0.24123422159887797,0.6009872066082402
0.655436447166922,0.2411214953271028,0.601087941976428
0.6557427258805513,0.24100887435777674,0.6012894127128035
0.6560490045941807,0.24089635854341737,0.6013901480809912
0.6563552833078101,0.24125058329444704,0.6020952956583057
0.6566615620214395,0.24113805970149255,0.6021960310264934
0.6569678407350689,0.2414918414918415,0.6021960310264934
0.6572741194486983,0.2418452935694315,0.6024982371310567
0.6575803981623277,0.24173265020959478,0.6025989724992444
0.6578866768759571,0.24162011173184358,0.6030019139719957
0.6581929555895866,0.2415076779897627,0.6032033847083711
0.6584992343032159,0.24186046511627907,0.6032033847083711
0.6588055130168453,0.24174802417480243,0.6033041200765589
0.6591117917304747,0.24210037174721188,0.6035055908129344
0.6594180704441042,0.24198792382721784,0.60370706154931
0.6597243491577336,0.24233983286908078,0.60370706154931
0.6600306278713629,0.24269141531322505,0.6039085322856855
0.6603369065849923,0.24304267161410018,0.6040092676538732
0.6606431852986218,0.2429299953639314,0.6042107383902489
0.6609494640122512,0.2432808155699722,0.6047144152311876
0.6612557427258805,0.24316813339509033,0.6048151505993754
0.6615620214395099,0.24305555555555555,0.6048151505993754
0.6618683001531394,0.24294308190652475,0.605016621335751
0.6621745788667688,0.2432932469935245,0.605016621335751
0.6624808575803982,0.2431807674526121,0.6052180920721265
0.6627871362940275,0.24306839186691312,0.6058225042812532
0.663093415007657,0.24295612009237874,0.6060239750176287
0.6633996937212864,0.24284395198522624,0.6060239750176287
0.6637059724349158,0.24319335486848176,0.6062254457540042
0.6640122511485452,0.24308118081180813,0.6074342701722575
0.6643185298621745,0.2429691101890272,0.6074342701722576
0.664624808575804,0.24285714285714285,0.607635740908633
0.6649310872894334,0.24274527867342238,0.6080386823813841
0.6652373660030628,0.2430939226519337,0.6081394177495719
0.6655436447166921,0.24344224574321216,0.6084416238541351
0.6658499234303216,0.24379024839006438,0.6084416238541351
0.666156202143951,0.24367816091954023,0.6086430945905107
0.6664624808575804,0.24402573529411764,0.6087438299586986
0.6667687595712098,0.243913642627469,0.6090460360632618
0.6670750382848392,0.24380165289256198,0.6091467714314495
0.6673813169984686,0.24368976594768244,0.6096504482723885
0.667687595712098,0.24357798165137615,0.6096504482723885
0.6679938744257274,0.24392480513525905,0.609851919008764
0.6683001531393569,0.24381301558203483,0.6102548604815151
0.6686064318529862,0.24370132844709116,0.6104563312178906
0.6689127105666156,0.24358974358974358,0.610657801954266
0.669218989280245,0.24347826086956523,0.6107585373224539
0.6695252679938745,0.2433668801463861,0.6108592726906418
0.6698315467075038,0.24371284865112025,0.6109600080588294
0.6701378254211332,0.24360146252285192,0.6121688324770828
0.6704441041347626,0.24349017816354498,0.6122695678452704
0.6707503828483921,0.24383561643835616,0.6127732446862094
0.6710566615620215,0.24418073938840712,0.6128739800543971
0.6713629402756508,0.24406934306569342,0.6129747154225847
0.6716692189892802,0.24395804833561333,0.6131761861589604
0.6719754977029097,0.24430264357338194,0.6132769215271482
0.6722817764165391,0.24464692482915718,0.613377656895336
0.6725880551301685,0.24453551912568305,0.6139820691044625
0.6728943338437978,0.24442421483841603,0.614284275209026
0.6732006125574272,0.24476797088262056,0.614687216681777
0.6735068912710567,0.24465666211914508,0.6147879520499647
0.6738131699846861,0.245,0.6155938349954668
0.6741194486983154,0.2448886869604725,0.6155938349954669
0.6744257274119448,0.24477747502270664,0.6161982472045935
0.6747320061255743,0.2451202905129369,0.6161982472045936
0.6750382848392037,0.24500907441016334,0.6166011886773446
0.6753445635528331,0.24489795918367346,0.6172056008864713
0.6756508422664624,0.24478694469628287,0.6175078069910346
0.6759571209800919,0.24467603081105574,0.6178100130955979
0.6762633996937213,0.24456521739130435,0.6179107484637857
0.6765696784073507,0.24445450430058852,0.6187166314092879
0.6768759571209801,0.24434389140271492,0.6192203082502267
0.6771822358346095,0.24468566259611035,0.6193210436184143
0.6774885145482389,0.2445750452079566,0.6196232497229778
0.6777947932618683,0.24446452779032987,0.6196232497229778
0.6781010719754977,0.24480578139114725,0.6197239850911654
0.678407350689127,0.2451467268623025,0.6197239850911656
0.6787136294027565,0.2450361010830325,0.6197239850911656
0.6790199081163859,0.2449255751014885,0.6197239850911656
0.6793261868300153,0.2448151487826871,0.6198247204593533
0.6796324655436448,0.24470482199188823,0.6200261911957288
0.6799387442572741,0.24504504504504504,0.6200261911957289
0.6802450229709035,0.2453849617289509,0.6204291326684799
0.6805513016845329,0.24527452745274528,0.6204291326684799
0.6808575803981624,0.2451641925326136,0.6205298680366677
0.6811638591117918,0.24505395683453238,0.6212350156139821
0.6814701378254211,0.2453932584269663,0.6220408985594842
0.6817764165390505,0.24528301886792453,0.6220408985594842
0.68208269525268,0.24517287831162998,0.6227460461367986
0.6823889739663094,0.24506283662477557,0.6239548705550518
0.6826952526799387,0.24540152534768955,0.6240556059232397
0.6830015313935681,0.2452914798206278,0.6241563412914274
0.6833078101071975,0.24518153294486777,0.6241563412914274
0.683614088820827,0.24507168458781362,0.6242570766596153
0.6839203675344564,0.24540976265114195,0.6245592827641785
0.6842266462480857,0.2457475380483438,0.6253651657096807
0.6845329249617151,0.24563758389261744,0.6253651657096807
0.6848392036753446,0.24597495527728086,0.6254659010778685
0.685145482388974,0.24586499776486365,0.6258688425506196
0.6854517611026034,0.24620196604110814,0.6259695779188074
0.6857580398162327,0.24609200535953552,0.6263725193915585
0.6860643185298622,0.24598214285714284,0.6265739901279339
0.6863705972434916,0.2458723784024989,0.627379873073436
0.686676875957121,0.24620874219446923,0.6275813438098116
0.6869831546707503,0.24654480606330806,0.6276820791779995
0.6872894333843798,0.2464349376114082,0.627883549914375
0.6875957120980092,0.24632516703786192,0.6287901682280649
0.6879019908116386,0.2466607301869991,0.6290923743326282
0.688208269525268,0.24655095683133066,0.6291931097008159
0.6885145482388974,0.24688612099644128,0.6292938450690037
0.6888208269525268,0.24722098710538018,0.6293945804371915
0.6891271056661562,0.24755555555555556,0.6294953158053792
0.6894333843797856,0.24744557974233675,0.6294953158053792
0.6897396630934151,0.24733570159857904,0.6303011987508814
0.6900459418070444,0.24766977363515313,0.6303011987508814
0.6903522205206738,0.24755989352262645,0.630502669487257
0.6906584992343032,0.24789356984478936,0.6306034048554446
0.6909647779479327,0.24822695035460993,0.6307041402236325
0.691271056661562,0.24811696942844483,0.631812229273698
0.6915773353751914,0.24800708591674048,0.631812229273698
0.6918836140888208,0.24833997343957503,0.6320137000100736
0.6921898928024502,0.2482300884955752,0.6322151707464491
0.6924961715160797,0.248562582927908,0.632718847587388
0.692802450229709,0.248894783377542,0.632718847587388
0.6931087289433384,0.24922669023420238,0.6328195829555757
0.6934150076569678,0.2495583038869258,0.6333232597965145
0.6937212863705973,0.24944812362030905,0.6334239951647024
0.6940275650842267,0.24933804060017653,0.63352473053289
0.694333843797856,0.24922805469783854,0.6337262012692656
0.6946401225114854,0.24911816578483245,0.6337262012692656
0.6949464012251149,0.24944909651829,0.6338269366374535
0.6952526799387443,0.2497797356828194,0.6339276720056412
0.6955589586523736,0.24966974900924702,0.6342298781102045
0.695865237366003,0.24955985915492956,0.6347335549511434
0.6961715160796325,0.24945006599208094,0.6347335549511434
0.6964777947932619,0.2497801231310466,0.6351364964238945
0.6967840735068913,0.2501098901098901,0.6351364964238945
0.6970903522205206,0.2504393673110721,0.6354387025284578
0.69739663093415,0.2503293807641634,0.6360431147375843
0.6977029096477795,0.25065847234416155,0.6361438501057721
0.6980091883614089,0.2505484861781483,0.6365467915785232
0.6983154670750383,0.25043859649122807,0.6367482623148987
0.6986217457886676,0.2503288031565103,0.6367482623148987
0.6989280245022971,0.2502191060473269,0.6368489976830866
0.6992343032159265,0.2505475251861586,0.6369497330512743
0.6995405819295559,0.2508756567425569,0.6371512037876498
0.6998468606431854,0.25076586433260395,0.6372519391558376
0.7001531393568147,0.25065616797900264,0.6377556159967764
0.7004594180704441,0.2505465675557499,0.637957086733152
0.7007656967840735,0.2508741258741259,0.6388637050468419
0.701071975497703,0.2512013979903888,0.638863705046842
0.7013782542113323,0.25109170305676853,0.6395688526241563
0.7016845329249617,0.25141859450021825,0.6397703233605317
0.7019908116385911,0.2513089005235602,0.6400725294650952
0.7022970903522205,0.2511993022241605,0.6403747355696585
0.70260336906585,0.25108979947689625,0.6403747355696585
0.7029096477794793,0.2514161220043573,0.6409791477787851
0.7032159264931087,0.25174216027874563,0.641482824619724
0.7035222052067381,0.25163256421419244,0.6416842953560995
0.7038284839203676,0.2519582245430809,0.6416842953560996
0.704134762633997,0.2518486298390605,0.6417850307242873
0.7044410413476263,0.25217391304347825,0.6422887075652263
0.7047473200612557,0.2524989135158627,0.642792384406165
0.7050535987748852,0.2523892267593397,0.6437997380880427
0.7053598774885146,0.25227963525835867,0.644504885665357
0.7056661562021439,0.2526041666666667,0.6447063564017327
0.7059724349157733,0.2529284164859002,0.6455122393472349
0.7062787136294028,0.25281873373807456,0.6460159161881737
0.7065849923430322,0.2531426094495015,0.6462173869245492
0.7068912710566616,0.2530329289428076,0.646318122292737
0.7071975497702909,0.2529233434387181,0.6464188576609247
0.7075038284839203,0.2528138528138528,0.6464188576609248
0.7078101071975498,0.25270445694504545,0.6464188576609248
0.7081163859111792,0.25259515570934254,0.6465195930291125
0.7084226646248086,0.25248594898400345,0.6474262113428025
0.7087289433384379,0.25280898876404495,0.6474262113428025
0.7090352220520674,0.2531317494600432,0.6475269467109902
0.7093415007656968,0.25345423143350604,0.6477284174473658
0.7096477794793262,0.25334484246870953,0.6478291528155535
0.7099540581929555,0.2532355478861087,0.6479298881837413
0.710260336906585,0.2535575679172057,0.6482320942883045
0.7105666156202144,0.253448275862069,0.6484335650246801
0.7108728943338438,0.25333907798362776,0.6486350357610556
0.7111791730474732,0.25366063738156763,0.6491387126019946
0.7114854517611026,0.2535514421007318,0.6492394479701824
0.711791730474732,0.2538726333907057,0.6494409187065578
0.7120980091883614,0.2537634408602151,0.6495416540747456
0.7124042879019908,0.25365434221840066,0.6495416540747457
0.7127105666156203,0.2539750752041255,0.649843860179309
0.7130168453292496,0.2542955326460481,0.6499445955474967
0.713323124042879,0.2541863460712752,0.6499445955474967
0.7136294027565084,0.25407725321888414,0.6500453309156845
0.7139356814701379,0.25396825396825395,0.6501460662838723
0.7142419601837672,0.2538593481989708,0.651556361438501
0.7145482388973966,0.25375053579082724,0.6517578321748766
0.714854517611026,0.2536418166238218,0.6519593029112521
0.7151607963246555,0.2535331905781585,0.6523622443840033
0.7154670750382849,0.2534246575342466,0.6530673919613177
0.7157733537519142,0.25331621737270005,0.6535710688022566
0.7160796324655436,0.25320786997433703,0.6538732749068198
0.716385911179173,0.2535271483539974,0.6542762163795709
0.7166921898928025,0.2534188034188034,0.6542762163795709
0.7169984686064319,0.2533105510465613,0.6544776871159463
0.7173047473200612,0.25362937660119556,0.6545784224841342
0.7176110260336906,0.253947930004268,0.654679157852322
0.7179173047473201,0.253839590443686,0.6549813639568853
0.7182235834609495,0.2537313432835821,0.6551828346932608
0.7185298621745788,0.2536231884057971,0.6555857761660119
0.7188361408882082,0.2535151256923732,0.6556865115341997
0.7191424196018377,0.25340715502555367,0.6558879822705752
0.7194486983154671,0.25372498935717325,0.6559887176387629
0.7197549770290965,0.25361702127659574,0.6563916591115141
0.7200612557427258,0.25393449595916634,0.6567946005842651
0.7203675344563553,0.2542517006802721,0.6567946005842652
0.7206738131699847,0.2541436464088398,0.6573990127933917
0.7209800918836141,0.2544604927782498,0.6580034250025184
0.7212863705972435,0.25477707006369427,0.6582048957388938
0.7215926493108729,0.2546689303904924,0.6584063664752694
0.7218989280245023,0.2549851506151888,0.6585071018434573
0.7222052067381317,0.2548770144189991,0.6585071018434573
0.7225114854517611,0.2551928783382789,0.6590107786843961
0.7228177641653905,0.25508474576271184,0.6594137201571472
0.7231240428790199,0.2554002541296061,0.6596151908935227
0.7234303215926493,0.25529212531752754,0.6596151908935227
0.7237366003062787,0.2556072788827761,0.6598166616298983
0.7240428790199082,0.255922165820643,0.6607232799435883
0.7243491577335375,0.2558139534883721,0.6611262214163393
0.7246554364471669,0.25612848689771767,0.6613276921527148
0.7249617151607963,0.25644275454161386,0.6617306336254659
0.7252679938744258,0.2563344594594595,0.662536516570968
0.7255742725880552,0.2566483748417054,0.6626372519391558
0.7258805513016845,0.2569620253164557,0.6630401934119069
0.7261868300153139,0.25685364824968365,0.6632416641482825
0.7264931087289433,0.25674536256323777,0.6633423995164702
0.7267993874425728,0.25663716814159293,0.6635438702528457
0.7271056661562021,0.2565290648694187,0.6636446056210336
0.7274119448698315,0.25642105263157894,0.6637453409892213
0.7277182235834609,0.2563131313131313,0.6640475470937847
0.7280245022970904,0.2562053007993269,0.6644504885665357
0.7283307810107198,0.25651808242220353,0.6644504885665357
0.7286370597243491,0.2568306010928962,0.6646519593029113
0.7289433384379785,0.25672268907563023,0.6646519593029113
0.729249617151608,0.25703485930281395,0.6649541654074745
0.7295558958652374,0.25692695214105793,0.6649541654074745
0.7298621745788668,0.25681913554343266,0.6651556361438501
0.7301684532924961,0.2571308724832215,0.6653571068802256
0.7304747320061256,0.2574423480083857,0.6654578422484133
0.730781010719755,0.25775356244761105,0.6655585776166012
0.7310872894333844,0.25806451612903225,0.6655585776166012
0.7313935681470137,0.2583752093802345,0.6659615190893523
0.7316998468606432,0.25826705734616995,0.6660622544575401
0.7320061255742726,0.2585774058577406,0.6660622544575401
0.732312404287902,0.2584692597239649,0.6661629898257279
0.7326186830015314,0.25877926421404684,0.6663644605621034
0.7329249617151607,0.2590890096113665,0.6663644605621034
0.7332312404287902,0.25898078529657476,0.6664651959302911
0.7335375191424196,0.2588726513569937,0.6667674020348544
0.733843797856049,0.2587646076794658,0.6671703435076055
0.7341500765696785,0.2586566541510221,0.6674725496121688
0.7344563552833078,0.2585487906588824,0.6675732849803566
0.7347626339969372,0.25885785744060025,0.6684799032940466
0.7350689127105666,0.25875,0.6687821093986098
0.735375191424196,0.25864223240316536,0.6690843155031732
0.7356814701378254,0.2585345545378851,0.6691850508713609
0.7359877488514548,0.25842696629213485,0.6691850508713609
0.7362940275650842,0.25873544093178036,0.6694872569759243
0.7366003062787136,0.25904365904365906,0.6696887277122997
0.7369065849923431,0.2589359933499584,0.6703938752896142
0.7372128637059724,0.2588284171167428,0.6704946106578019
0.7375191424196018,0.25872093023255816,0.6707968167623651
0.7378254211332312,0.2590286425902864,0.6707968167623651
0.7381316998468607,0.25933609958506226,0.6708975521305529
0.7384379785604901,0.2592285358772294,0.6709982874987408
0.7387442572741194,0.2595356550580431,0.6714012289714919
0.7390505359877488,0.259428097803564,0.6715019643396797
0.7393568147013783,0.2593206296603148,0.6722071119169941
0.7396630934150077,0.25921325051759836,0.6723078472851819
0.7399693721286371,0.2595198675496689,0.6724085826533696
0.7402756508422664,0.25941249482829953,0.6728115241261207
0.7405819295558959,0.2597187758478081,0.6728115241261207
0.7408882082695253,0.2600248036378669,0.6728115241261207
0.7411944869831547,0.2603305785123967,0.6730129948624962
0.741500765696784,0.26063610078479965,0.6731137302306841
0.7418070444104135,0.26094137076796037,0.6732144655988718
0.7421133231240429,0.2612463887742468,0.6732144655988718
0.7424196018376723,0.2615511551155115,0.6733152009670595
0.7427258805513017,0.2618556701030928,0.6739196131761861
0.743032159264931,0.26215993404781535,0.6743225546489372
0.7433384379785605,0.2624639472599918,0.6743225546489372
0.7436447166921899,0.2623558484349259,0.6749269668580639
0.7439509954058193,0.2622478386167147,0.6757328498035661
0.7442572741194488,0.26213991769547323,0.6762365266445048
0.7445635528330781,0.26244343891402716,0.6763372620126926
0.7448698315467075,0.26274671052631576,0.6767402034854438
0.7451761102603369,0.2626387176325524,0.6768409388536315
0.7454823889739663,0.2629416598192276,0.6771431449581948
0.7457886676875957,0.2632443531827515,0.6772438803263826
0.7460949464012251,0.26354679802955666,0.6773446156945703
0.7464012251148545,0.2634386540828888,0.677445351062758
0.7467075038284839,0.263740771123872,0.6777475571673214
0.7470137825421134,0.26363263632636325,0.6778482925355092
0.7473200612557427,0.2635245901639344,0.6780497632718848
0.7476263399693721,0.26382630069643587,0.6781504986400725
0.7479326186830015,0.26371826371826373,0.6781504986400725
0.748238897396631,0.26401964797380273,0.6784527047446359
0.7485451761102604,0.263911620294599,0.6784527047446359
0.7488514548238897,0.26380368098159507,0.6785534401128236
0.7491577335375191,0.26369582992641044,0.6785534401128236
0.7494640122511486,0.26358806702084187,0.6788556462173868
0.749770290964778,0.26348039215686275,0.678855646217387
0.7500765696784073,0.263781135157207,0.6789563815855747
0.7503828483920367,0.2640816326530612,0.6792585876901379
0.7506891271056662,0.26397388820889434,0.6792585876901381
0.7509954058192956,0.2642740619902121,0.6795607937947014
0.751301684532925,0.2645739910313901,0.6795607937947014
0.7516079632465543,0.2644661776691117,0.6798629998992647
0.7519142419601837,0.26476578411405294,0.6801652060038279
0.7522205206738132,0.26506514657980457,0.6801652060038279
0.7525267993874426,0.26495726495726496,0.6802659413720157
0.752833078101072,0.2648494711147274,0.6803666767402036
0.7531393568147013,0.2651484343228955,0.6807696182129547
0.7534456355283308,0.26504065040650404,0.6807696182129547
0.7537519142419602,0.2649329540837058,0.6816762365266446
0.7540581929555896,0.2652315190901706,0.6821799133675833
0.7543644716692189,0.26512383272431994,0.6822806487357712
0.7546707503828484,0.26542207792207795,0.6823813841039588
0.7549770290964778,0.2657200811359026,0.6826835902085223
0.7552833078101072,0.2660178426601784,0.6829857963130855
0.7555895865237366,0.26631536278881235,0.6834894731540243
0.755895865237366,0.26661264181523503,0.6834894731540245
0.7562021439509954,0.2665046577561766,0.6835902085222121
0.7565084226646248,0.26680161943319836,0.6838924146267754
0.7568147013782542,0.2670983407527317,0.6841946207313386
0.7571209800918837,0.26739482200647247,0.6847990329404654
0.757427258805513,0.267691063485645,0.6847990329404654
0.7577335375191424,0.2675828617623282,0.6848997683086532
0.7580398162327718,0.2678787878787879,0.6851012390450287
0.7583460949464013,0.26777059773828754,0.6855041805177798
0.7586523736600306,0.26806620912394025,0.6863100634632819
0.75895865237366,0.2679580306698951,0.6868137403042208
0.7592649310872894,0.2678499394917305,0.6872166817769719
0.7595712098009189,0.267741935483871,0.6873174171451598
0.7598774885145483,0.26803708182184605,0.6875188878815351
0.7601837672281776,0.26833199033037874,0.6875188878815353
0.760490045941807,0.2686266612968184,0.6878210939860985
0.7607963246554365,0.2689210950080515,0.6880225647224741
0.7611026033690659,0.269215291750503,0.6882240354588496
0.7614088820826953,0.26910699919549474,0.6888284476679764
0.7617151607963246,0.2689987937273824,0.6897350659816661
0.762021439509954,0.2692926045016077,0.6898358013498539
0.7623277182235835,0.2691844114102049,0.6898358013498539
0.7626339969372129,0.26907630522088355,0.6899365367180418
0.7629402756508422,0.2693697310317142,0.6901380074544172
0.7632465543644716,0.26926163723916535,0.6904402135589806
0.7635528330781011,0.2691536301644605,0.6909438903999194
0.7638591117917305,0.2694466720128308,0.6911453611362949
0.7641653905053599,0.2693386773547094,0.6912460965044828
0.7644716692189892,0.2692307692307692,0.6914475672408583
0.7647779479326187,0.26912294753704447,0.6916490379772339
0.7650842266462481,0.2690152121697358,0.6919512440817971
0.7653905053598775,0.2693077230892357,0.6920519794499849
0.7656967840735069,0.2692,0.6922534501863603
0.7660030627871363,0.2694922031187525,0.6923541855545482
0.7663093415007657,0.26938449240607515,0.6923541855545482
0.7666156202143951,0.2696763883339992,0.6928578623954871
0.7669218989280245,0.26956869009584666,0.6932608038682382
0.7672281776416539,0.2698602794411178,0.6936637453409892
0.7675344563552833,0.26975259377494015,0.6936637453409892
0.7678407350689127,0.2700438771439968,0.6938652160773647
0.7681470137825421,0.2699362041467305,0.6940666868137403
0.7684532924961716,0.26982861697887606,0.6940666868137404
0.7687595712098009,0.2701195219123506,0.6942681575501158
0.7690658499234303,0.27001194743130225,0.694671099022867
0.7693721286370597,0.2703025477707006,0.6951747758638057
0.7696784073506892,0.27019498607242337,0.6952755112319936
0.7699846860643186,0.27008750994431185,0.6955777173365568
0.7702909647779479,0.2699801192842942,0.6956784527047447
0.7705972434915773,0.26987281399046104,0.696383600282059
0.7709035222052067,0.26976559396106475,0.6966858063866224
0.7712098009188362,0.26965845909451946,0.6969880124911857
0.7715160796324655,0.2695514092894006,0.6970887478593735
0.7718223583460949,0.2698412698412698,0.6971894832275612
0.7721286370597243,0.2697342324474415,0.6971894832275612
0.7724349157733538,0.2700237906423473,0.6976931600685
0.7727411944869832,0.2699167657550535,0.6987005137503778
0.7730474732006125,0.27020602218700474,0.6996071320640677
0.7733537519142419,0.2700990099009901,0.6997078674322554
0.7736600306278714,0.27038796516231195,0.7000100735368188
0.7739663093415008,0.2702809655718243,0.7000100735368188
0.7742725880551302,0.27056962025316456,0.7000100735368188
0.7745788667687595,0.2708580466587584,0.700312279641382
0.774885145482389,0.2707509881422925,0.7005137503777576
0.7751914241960184,0.27064401422362705,0.7009166918505088
0.7754977029096478,0.27093206951026855,0.7014203686914476
0.7758039816232771,0.2708251085669167,0.7015211040596353
0.7761102603369066,0.27071823204419887,0.7018233101641987
0.776416539050536,0.2710059171597633,0.7019240455323864
0.7767228177641654,0.27129337539432175,0.7022262516369496
0.7770290964777948,0.2711864406779661,0.7023269870051375
0.7773353751914241,0.2710795902285264,0.7024277223733253
0.7776416539050536,0.27136667979519496,0.7024277223733253
0.777947932618683,0.27125984251968505,0.702629193109701
0.7782542113323124,0.2715466351829988,0.7028306638460764
0.7785604900459419,0.27143981117230526,0.7028306638460764
0.7788667687595712,0.27133307117577665,0.7029313992142642
0.7791730474732006,0.2716194968553459,0.7032336053188275
0.77947932618683,0.2719056974459725,0.7033343406870153
0.7797856049004595,0.2717989002356638,0.7035358114233907
0.7800918836140888,0.2716921868865332,0.703838017527954
0.7803981623277182,0.271585557299843,0.703838017527954
0.7807044410413476,0.27187132208709297,0.7040394882643296
0.781010719754977,0.27176470588235296,0.7041402236325175
0.7813169984686065,0.2716581732653861,0.7041402236325175
0.7816232771822358,0.27155172413793105,0.7044424297370807
0.7819295558958652,0.27144535840188017,0.7045431651052684
0.7822358346094946,0.2713390759592796,0.7045431651052686
0.7825421133231241,0.2716242661448141,0.7049461065780195
0.7828483920367535,0.2715179968701095,0.7050468419462073
0.7831546707503828,0.27141181071568243,0.7053490480507706
0.7834609494640122,0.2716966379984363,0.705651254155334
0.7837672281776417,0.2715904650254006,0.7061549309962727
0.7840735068912711,0.271484375,0.7061549309962727
0.7843797856049005,0.27137836782506836,0.7063564017326484
0.7846860643185298,0.2716627634660422,0.7067593432053995
0.7849923430321593,0.27155676941084667,0.706960813941775
0.7852986217457887,0.2714508580343214,0.7072630200463382
0.7856049004594181,0.27134502923976606,0.7074644907827138
0.7859111791730474,0.2712392829306313,0.7080689029918403
0.7862174578866769,0.27113361901051813,0.708270373728216
0.7865237366003063,0.27141744548286606,0.708270373728216
0.7868300153139357,0.27131179447255743,0.7084718444645914
0.7871362940275651,0.2715953307392996,0.7085725798327793
0.7874425727411944,0.2718786464410735,0.7088747859373425
0.7877488514548239,0.2717729393468118,0.7091769920419058
0.7880551301684533,0.2716673144189662,0.7093784627782814
0.7883614088820827,0.2715617715617716,0.7093784627782814
0.7886676875957122,0.27184466019417475,0.7098821396192202
0.7889739663093415,0.2717391304347826,0.7099828749874081
0.7892802450229709,0.2716336825766395,0.710486551828347
0.7895865237366003,0.27152831652443754,0.7107887579329102
0.7898928024502297,0.27142303218301667,0.7110909640374735
0.7901990811638591,0.2713178294573643,0.711393170142037
0.7905053598774885,0.27160015497869044,0.7116953762466002
0.7908116385911179,0.2714949651432998,0.7116953762466002
0.7911179173047473,0.27177700348432055,0.7118968469829757
0.7914241960183768,0.27167182662538697,0.712199053087539
0.7917304747320061,0.2715667311411992,0.71260199456029
0.7920367534456355,0.27184841453982983,0.71260199456029
0.7923430321592649,0.2717433320448396,0.7128034652966656
0.7926493108728944,0.27202472952086554,0.713105671401229
0.7929555895865238,0.2719196601004249,0.7132064067694168
0.7932618683001531,0.2722007722007722,0.71350861287398
0.7935681470137825,0.2720957159397916,0.7137100836103555
0.793874425727412,0.27237654320987653,0.7137100836103557
0.7941807044410414,0.27227150019282687,0.7139115543467311
0.7944869831546707,0.27216653816499614,0.7140122897149189
0.7947932618683001,0.2720616570327553,0.7142137604512944
0.7950995405819296,0.2723420647149461,0.7146167019240455
0.795405819295559,0.2726222564497497,0.7151203787649845
0.7957120980091884,0.27251732101616627,0.715221114133172
0.7960183767228177,0.2727972297037322,0.7154225848695477
0.7963246554364471,0.27307692307692305,0.715724790974111
0.7966309341500766,0.27297193387158786,0.716631409287801
0.796937212863706,0.27286702536510377,0.7167321446559888
0.7972434915773354,0.27276219746446406,0.7167321446559888
0.7975497702909647,0.2726574500768049,0.7169336153923642
0.7978560490045942,0.272552783109405,0.7170343507605521
0.7981623277182236,0.2724481964696853,0.7170343507605521
0.798468606431853,0.2727272727272727,0.7172358214969276
0.7987748851454823,0.2726226993865031,0.7175380276014908
0.7990811638591118,0.27290149482560366,0.7176387629696787
0.7993874425727412,0.2731800766283525,0.7180417044424298
0.7996937212863706,0.27307545001914973,0.7182431751788053
0.8,0.2729709035222052,0.7184446459151808
0.8003062787136294,0.27324913892078073,0.7194519995970584
0.8006125574272588,0.27314460596786533,0.7194519995970584
0.8009188361408882,0.2734225621414914,0.7197542057016219
0.8012251148545176,0.2733180428134557,0.7200564118061852
0.8015313935681471,0.27321360336262895,0.720157147174373
0.8018376722817764,0.27310924369747897,0.7210637654880628
0.8021439509954058,0.2730049637266132,0.7214667069608139
0.8024502297090352,0.2732824427480916,0.7215674423290017
0.8027565084226647,0.27317817626859975,0.7217689130653772
0.803062787136294,0.2734553775743707,0.7217689130653772
0.8033690658499234,0.2733511246664125,0.721869648433565
0.8036753445635528,0.2736280487804878,0.7223733252745038
0.8039816232771823,0.27390476190476193,0.7225747960108794
0.8042879019908117,0.2738004569687738,0.7226755313790671
0.804594180704441,0.2736962314427103,0.7226755313790671
0.8049004594180704,0.273972602739726,0.7226755313790671
0.8052067381316999,0.27424876378851276,0.7230784728518183
0.8055130168453293,0.27452471482889734,0.7232799435881939
0.8058192955589587,0.274420372481946,0.7233806789563816
0.806125574272588,0.27469604863221886,0.723682885060945
0.8064318529862174,0.2749715153816939,0.7237836204291327
0.8067381316998469,0.2748671222475323,0.7240858265336959
0.8070444104134763,0.27514231499051234,0.7254961216883248
0.8073506891271056,0.27503793626707135,0.7256975924247003
0.807656967840735,0.2749336367083807,0.7256975924247003
0.8079632465543645,0.27520849128127367,0.7258990631610759
0.8082695252679939,0.2754831375521031,0.7277122997884558
0.8085758039816233,0.27575757575757576,0.7277122997884558
0.8088820826952526,0.27565316168118137,0.7280145058930191
0.8091883614088821,0.27592732778198337,0.7280145058930191
0.8094946401225115,0.2762012864169504,0.7282159766293946
0.8098009188361409,0.2760968229954614,0.7284174473657701
0.8101071975497703,0.2763705103969754,0.7285181827339579
0.8104134762633997,0.2762660619803477,0.7288203888385212
0.8107197549770291,0.27616169248205513,0.729424801047648
0.8110260336906585,0.27605740181268884,0.7295255364158356
0.8113323124042879,0.2759531898829747,0.7300292132567744
0.8116385911179173,0.27622641509433965,0.7301299486249623
0.8119448698315467,0.27612221803093173,0.7302306839931499
0.8122511485451761,0.27601809954751133,0.7303314193613377
0.8125574272588055,0.2759140595552205,0.7308350962022766
0.812863705972435,0.27581009796533534,0.7311373023068399
0.8131699846860643,0.27570621468926554,0.7313387730432156
0.8134762633996937,0.2756024096385542,0.7314395084114033
0.8137825421133231,0.27587504704554006,0.7317417145159665
0.8140888208269526,0.2761474793077502,0.7326483328296565
0.814395099540582,0.27641970665663784,0.7330512743024076
0.8147013782542113,0.27631578947368424,0.7331520096705954
0.8150076569678407,0.2765877489665539,0.733756421879722
0.8153139356814701,0.2768595041322314,0.7338571572479097
0.8156202143950996,0.2767555388659407,0.7339578926160976
0.8159264931087289,0.2766516516516517,0.7339578926160976
0.8162327718223583,0.27654784240150093,0.7339578926160976
0.8165390505359877,0.2768192048012003,0.7340586279842852
0.8168453292496172,0.27671541057367827,0.7341593633524731
0.8171516079632466,0.27698650674662667,0.7344615694570363
0.8174578866768759,0.2768827276133383,0.7347637755615996
0.8177641653905053,0.27715355805243447,0.7347637755615998
0.8180704441041348,0.2770497940846125,0.7351667170343509
0.8183767228177642,0.2773203592814371,0.7352674524025385
0.8186830015313936,0.2772166105499439,0.7353681877707263
0.8189892802450229,0.2774869109947644,0.7355696585071018
0.8192955589586524,0.2777570093457944,0.7355696585071018
0.8196018376722818,0.27765321375186847,0.7355696585071018
0.8199081163859112,0.27754949570414644,0.7358718646116652
0.8202143950995405,0.27781926811053026,0.736375541452604
0.82052067381317,0.2780888391190743,0.7364762768207918
0.8208269525267994,0.2783582089552239,0.7365770121889795
0.8211332312404288,0.278254382693025,0.7365770121889795
0.8214395099540582,0.27815063385533184,0.7368792182935429
0.8217457886676875,0.2784196794632874,0.7368792182935429
0.822052067381317,0.27831594634873325,0.7369799536617306
0.8223583460949464,0.2782122905027933,0.7370806890299185
0.8226646248085758,0.27848101265822783,0.7376851012390451
0.8229709035222053,0.278377372534425,0.7387931902891105
0.8232771822358346,0.27827380952380953,0.7389946610254859
0.823583460949464,0.2781703235403496,0.739397602498237
0.8238897396630934,0.27806691449814125,0.7399012793391759
0.8241960183767228,0.2779635823114084,0.7400020147073637
0.8245022970903522,0.27823179791976227,0.7400020147073638
0.8248085758039816,0.2784998143334571,0.740304220811927
0.825114854517611,0.27839643652561247,0.7404049561801148
0.8254211332312404,0.2782931354359926,0.7406064269164904
0.8257274119448699,0.27818991097922846,0.7409086330210536
0.8260336906584992,0.27845754542083795,0.7410093683892415
0.8263399693721286,0.27835433654558933,0.7418152513347437
0.826646248085758,0.27862171174509076,0.7423189281756825
0.8269525267993875,0.2788888888888889,0.7423189281756825
0.8272588055130169,0.2787856349500185,0.7423189281756825
0.8275650842266462,0.27905255366395265,0.7430240757529969
0.8278713629402756,0.27894931557528674,0.7431248111211847
0.8281776416539051,0.27921597633136097,0.7433262818575601
0.8284839203675345,0.27948243992606286,0.7435277525939358
0.8287901990811639,0.27974870657797485,0.7442329001712501
0.8290964777947932,0.2796453638714444,0.7446358416440012
0.8294027565084227,0.2795420974889217,0.7446358416440012
0.8297090352220521,0.2798080472499077,0.7446358416440013
0.8300153139356815,0.27970479704797047,0.7448373123803768
0.8303215926493108,0.2799704905938768,0.7456431953258789
0.8306278713629403,0.28023598820059,0.7458446660622545
0.8309341500765697,0.280501290084777,0.7458446660622545
0.8312404287901991,0.28076639646278556,0.7459454014304422
0.8315467075038285,0.28066298342541435,0.746549813639569
0.8318529862174578,0.280559646539028,0.7467512843759443
0.8321592649310873,0.28082443871917556,0.7467512843759444
0.8324655436447167,0.28072111846946285,0.7470534904805076
0.8327718223583461,0.2809856564913571,0.7470534904805076
0.8330781010719756,0.28125,0.7473556965850711
0.8333843797856049,0.28114663726571115,0.7482623148987609
0.8336906584992343,0.2814107274063189,0.7487659917396998
0.8339969372128637,0.28130738156445095,0.7491689332124509
0.8343032159264931,0.2815712187958884,0.749571874685202
0.8346094946401225,0.2818348623853211,0.7496726100533898
0.8349157733537519,0.2817314746881878,0.7497733454215775
0.8352220520673813,0.2816281628162816,0.7498740807897653
0.8355283307810107,0.28189149560117305,0.749974816157953
0.8358346094946402,0.2817882008061561,0.7500755515261407
0.8361408882082695,0.28205128205128205,0.7508814344716429
0.8364471669218989,0.2823141706334676,0.7514858466807697
0.8367534456355283,0.28257686676427524,0.7519895235217086
0.8370597243491578,0.28247347237467985,0.7522917296262718
0.8373660030627872,0.28237015362106804,0.7522917296262719
0.8376722817764165,0.2826325411334552,0.7525939357308351
0.8379785604900459,0.28289473684210525,0.7529968772035862
0.8382848392036754,0.28279137742053345,0.7532990833081494
0.8385911179173048,0.28268809349890434,0.7537020247809005
0.8388973966309341,0.28258488499452356,0.7537020247809005
0.8392036753445635,0.28284671532846717,0.7539034955172762
0.839509954058193,0.283108354615104,0.7541049662536516
0.8398162327718224,0.2830051057622174,0.7542057016218395
0.8401225114854518,0.2832664965366387,0.7545079077264027
0.8404287901990811,0.28352769679300294,0.755313790671905
0.8407350689127105,0.28342440801457197,0.7554145260400927
0.84104134762634,0.28368536052439913,0.7558174675128436
0.8413476263399694,0.2835820895522388,0.7558174675128436
0.8416539050535988,0.28347889374090246,0.7558174675128438
0.8419601837672281,0.2833757730083667,0.756220408985595
0.8422664624808576,0.2832727272727273,0.7566233504583458
0.842572741194487,0.2831697564521992,0.7568248211947215
0.8428790199081164,0.28343023255813954,0.7570262919310969
0.8431852986217457,0.2833272793316382,0.7573284980356604
0.8434915773353752,0.28322440087145967,0.7575299687720358
0.8437978560490046,0.2831215970961887,0.7582351163493503
0.844104134762634,0.28338171262699563,0.758335851717538
0.8444104134762634,0.28327892636924196,0.7584365870857258
0.8447166921898928,0.28353879622915157,0.7595446761357912
0.8450229709035222,0.2834360275462124,0.7595446761357914
0.8453292496171516,0.2833333333333333,0.7595446761357914
0.845635528330781,0.283230713509598,0.7600483529767302
0.8459418070444105,0.2834902244750181,0.7603505590812935
0.8462480857580398,0.28338762214983715,0.760552029817669
0.8465543644716692,0.28364688856729375,0.7606527651858568
0.8468606431852986,0.28390596745027125,0.7607535005540446
0.8471669218989281,0.28380332610267534,0.7613579127631711
0.8474732006125574,0.2837007589447055,0.7614586481313589
0.8477794793261868,0.28395953757225434,0.7614586481313589
0.8480857580398162,0.28421812928855184,0.7619623249722977
0.8483920367534457,0.28411552346570396,0.7620630603404855
0.8486983154670751,0.28401299169974736,0.7621637957086733
0.8490045941807044,0.2839105339105339,0.7626674725496122
0.8493108728943338,0.28416877028489,0.7637755615996777
0.8496171516079633,0.28442682047584716,0.7645814445451798
0.8499234303215927,0.2843243243243243,0.7645814445451798
0.8502297090352221,0.2842219020172911,0.7652865921224943
0.8505359877488514,0.284119553474973,0.7652865921224943
0.8508422664624808,0.2843772498200144,0.7654880628588696
0.8511485451761103,0.28427491903562435,0.7660924750679964
0.8514548238897397,0.2841726618705036,0.7660924750679964
0.851761102603369,0.28443006112909025,0.766193210436184
0.8520673813169984,0.28468727534148097,0.7663946811725597
0.8523736600306279,0.2845849802371542,0.7669990933816863
0.8526799387442573,0.2848419540229885,0.7672005641180619
0.8529862174578867,0.2850987432675045,0.7674020348544374
0.853292496171516,0.28499641062455133,0.7683086531681272
0.8535987748851455,0.28489415141729457,0.7685101239045028
0.8539050535987749,0.2851506456241033,0.769316006850005
0.8542113323124043,0.285048404446038,0.7695174775863807
0.8545176110260337,0.2849462365591398,0.7697189483227561
0.8548238897396631,0.285202436402723,0.7697189483227561
0.8551301684532925,0.2851002865329513,0.7698196836909439
0.8554364471669219,0.2853562477622628,0.7706255666364461
0.8557427258805513,0.2852541159627774,0.7713307142137605
0.8560490045941807,0.2855098389982111,0.7714314495819482
0.8563552833078101,0.2854077253218884,0.7714314495819483
0.8566615620214395,0.2856632105827672,0.7718343910546993
0.8569678407350689,0.28556111508220156,0.7721365971592626
0.8572741194486984,0.2854590925330475,0.7722373325274504
0.8575803981623277,0.28535714285714286,0.772841744736577
0.8578866768759571,0.28561228132809713,0.773345421577516
0.8581929555895865,0.28551034975017847,0.7739498337866424
0.858499234303216,0.28540849090260434,0.7742520398912057
0.8588055130168454,0.2856633380884451,0.775460864309459
0.8591117917304747,0.28556149732620323,0.7767704240959001
0.8594180704441041,0.28545972915181755,0.777274100936839
0.8597243491577335,0.2853580334877093,0.7779792485141535
0.860030627871363,0.28561253561253563,0.7787851314596553
0.8603369065849923,0.2858668565325739,0.7794902790369699
0.8606431852986217,0.28612099644128114,0.7794902790369699
0.8609494640122511,0.28601921024546423,0.7794902790369699
0.8612557427258806,0.28627311522048365,0.7795910144051575
0.86156202143951,0.286526839672947,0.7795910144051575
0.8618683001531393,0.2867803837953092,0.7796917497733453
0.8621745788667687,0.2866785079928952,0.779893220509721
0.8624808575803982,0.28657670454545453,0.7799939558779087
0.8627871362940276,0.28647497337593186,0.7807998388234109
0.863093415007657,0.2863733144073811,0.7813035156643497
0.8633996937212863,0.2866264632848528,0.7815049864007252
0.8637059724349158,0.2865248226950355,0.7817064571371009
0.8640122511485452,0.28642325416518966,0.7817064571371009
0.8643185298621746,0.28632175761871015,0.7823108693462274
0.8646248085758039,0.28622033297910027,0.7827138108189785
0.8649310872894334,0.2864730878186969,0.7828145461871664
0.8652373660030628,0.2863716814159292,0.7832174876599174
0.8655436447166922,0.28662420382165604,0.7835196937644806
0.8658499234303216,0.2865228157056951,0.7841241059736074
0.866156202143951,0.28677510608203677,0.7847285181827339
0.8664624808575804,0.2870272180982679,0.7847285181827339
0.8667687595712098,0.2872791519434629,0.7848292535509218
0.8670750382848392,0.2875309078064288,0.7859373426009872
0.8673813169984687,0.2874293785310734,0.7862395487055505
0.867687595712098,0.2873279209318743,0.7865417548101138
0.8679938744257274,0.28757939308398023,0.7868439609146772
0.8683001531393568,0.2878306878306878,0.7870454316510527
0.8686064318529862,0.2880818053596615,0.7870454316510527
0.8689127105666156,0.28798026083891437,0.787347637755616
0.869218989280245,0.2878787878787879,0.7879520499647427
0.8695252679938744,0.28812962310672774,0.7881535207011181
0.8698315467075038,0.2880281690140845,0.788254256069306
0.8701378254211333,0.28827877507919747,0.7883549914374935
0.8704441041347626,0.2881773399014778,0.7889594036466203
0.870750382848392,0.28807597608160396,0.7891608743829958
0.8710566615620214,0.2879746835443038,0.789160874382996
0.8713629402756509,0.28787346221441124,0.7892616097511836
0.8716692189892803,0.2881236823612087,0.7895638158557469
0.8719754977029096,0.2880224798033017,0.7895638158557471
0.872281776416539,0.28792134831460675,0.7898660219603103
0.8725880551301685,0.28782028782028785,0.7903696988012491
0.8728943338437979,0.2880701754385965,0.7907726402740002
0.8732006125574273,0.28831988775868117,0.790873375642188
0.8735068912710566,0.28856942496493687,0.7915785232195024
0.8738131699846861,0.2888187872415002,0.7920822000604412
0.8741194486983155,0.2887175893482831,0.7925858769013802
0.8744257274119449,0.2886164623467601,0.7925858769013802
0.8747320061255742,0.28851540616246496,0.7926866122695678
0.8750382848392037,0.2887644382219111,0.7926866122695678
0.8753445635528331,0.28901329601119663,0.7933917598468821
0.8756508422664625,0.2892619797131864,0.7935932305832578
0.8759571209800919,0.2895104895104895,0.7935932305832578
0.8762633996937212,0.2897588255854596,0.7937947013196333
0.8765696784073507,0.29000698812019565,0.7942983781605722
0.8768759571209801,0.2902549772965421,0.7947013196333232
0.8771822358346095,0.2901536312849162,0.7954064672106377
0.877488514548239,0.2904013961605585,0.7956079379470132
0.8777947932618683,0.290648988136776,0.7959101440515765
0.8781010719754977,0.2905476107429369,0.7962123501561399
0.8784073506891271,0.2907949790794979,0.7964138208925154
0.8787136294027565,0.2910421749738585,0.7964138208925154
0.8790199081163859,0.2912891986062718,0.7971189684698298
0.8793261868300153,0.29118773946360155,0.7973204392062053
0.8796324655436447,0.29108635097493035,0.7977233806789563
0.8799387442572741,0.29098503306648105,0.7978241160471442
0.8802450229709036,0.29123173277661796,0.797924851415332
0.8805513016845329,0.2911304347826087,0.797924851415332
0.8808575803981623,0.29102920723226705,0.7981263221517075
0.8811638591117917,0.29127563434132775,0.7984285282562708
0.8814701378254212,0.29152189020152885,0.798730734360834
0.8817764165390506,0.2914206321639458,0.798730734360834
0.8820826952526799,0.29131944444444446,0.7989322050972096
0.8823889739663093,0.2915654286706005,0.7993351465699607
0.8826952526799388,0.2918112421929216,0.7994358819381485
0.8830015313935682,0.2917100242802636,0.7997380880427118
0.8833078101071975,0.2919556171983356,0.8000402941472751
0.8836140888208269,0.2922010398613518,0.8003425002518384
0.8839203675344564,0.2920997920997921,0.800543970988214
0.8842266462480858,0.2923449948042951,0.8019542661428427
0.8845329249617152,0.29259002770083103,0.802256472247406
0.8848392036753445,0.29283489096573206,0.8025586783519693
0.885145482388974,0.2930795847750865,0.8028608844565327
0.8854517611026034,0.29332410930473884,0.8036667674020349
0.8857580398162328,0.29356846473029047,0.8036667674020349
0.8860643185298622,0.2934669892844798,0.8037675027702226
0.8863705972434915,0.29336558396682794,0.8045733857157248
0.886676875957121,0.29360967184801384,0.8045733857157248
0.8869831546707504,0.2935082872928177,0.8048755918202882
0.8872894333843798,0.2934069727304108,0.8065880930794802
0.8875957120980091,0.29365079365079366,0.8066888284476681
0.8879019908116386,0.29354949982752676,0.8069910345522313
0.888208269525268,0.29379310344827586,0.8070917699204191
0.8885145482388974,0.2936918304033092,0.8073939760249823
0.8888208269525268,0.2939352170916609,0.8075954467613579
0.8891271056661562,0.29383396486393387,0.8081998589704846
0.8894333843797856,0.293732782369146,0.8083005943386722
0.889739663093415,0.29363166953528397,0.8085020650750478
0.8900459418070444,0.2935306262904336,0.8087035358114235
0.8903522205206739,0.2937736498108015,0.808905006547799
0.8906584992343032,0.2936726272352132,0.8091064772841744
0.8909647779479326,0.2939154348573393,0.8092072126523622
0.891271056661562,0.2941580756013746,0.8095094187569255
0.8915773353751915,0.29440054963929924,0.8097108894933011
0.8918836140888208,0.29429945054945056,0.8098116248614889
0.8921898928024502,0.2941984208719533,0.8103153017024276
0.8924961715160796,0.29444063143445437,0.8107182431751788
0.892802450229709,0.29468267581475127,0.8111211846479298
0.8931087289433385,0.29492455418381347,0.8112219200161177
0.8934150076569678,0.2951662667123757,0.8114233907524931
0.8937212863705972,0.295407813570939,0.8122292736979954
0.8940275650842266,0.2953066118533744,0.8124307444343709
0.8943338437978561,0.29554794520547945,0.8124307444343709
0.8946401225114855,0.2954467648065731,0.8126322151707465
0.8949464012251148,0.29534565366187543,0.812833685907122
0.8952526799387442,0.2955867259664728,0.8129344212753097
0.8955589586523737,0.2954856361149111,0.8136395688526242
0.8958652373660031,0.2953846153846154,0.8137403042208119
0.8961715160796324,0.29562542720437457,0.8140425103253751
0.8964777947932618,0.29552442774171506,0.8143447164299387
0.8967840735068913,0.2957650273224044,0.8145461871663141
0.8970903522205207,0.29600546261522703,0.8147476579026897
0.8973966309341501,0.29590443686006823,0.8147476579026897
0.8977029096477794,0.29580348004094165,0.8156542762163795
0.8980091883614089,0.296043656207367,0.8157550115845673
0.8983154670750383,0.29594272076372313,0.8158557469527551
0.8986217457886677,0.2961826857532379,0.8158557469527551
0.8989280245022971,0.29642248722316866,0.815956482320943
0.8992343032159265,0.2963215258855586,0.8161579530573184
0.8995405819295559,0.296220633299285,0.8161579530573184
0.8998468606431853,0.29611980939414567,0.8173667774755717
0.9001531393568147,0.29601905410003404,0.8173667774755717
0.900459418070444,0.29625850340136056,0.8175682482119472
0.9007656967840735,0.29615776946616795,0.8178704543165106
0.9010719754977029,0.2963970088375255,0.8181726604210738
0.9013782542113323,0.2966360856269113,0.8184748665256372
0.9016845329249618,0.296875,0.8186763372620126
0.9019908116385911,0.29711375212224106,0.8187770726302004
0.9022970903522205,0.2970128988458927,0.8191800141029516
0.9026033690658499,0.29691211401425177,0.8194822202075148
0.9029096477794794,0.2968113975576662,0.819784426312078
0.9032159264931088,0.2970498474059003,0.8203888385212048
0.9035222052067381,0.29694915254237286,0.8204895738893926
0.9038284839203675,0.29718739410369366,0.820691044625768
0.904134762633997,0.29742547425474253,0.8208925153621437
0.9044410413476264,0.2973247544869624,0.8209932507303314
0.9047473200612557,0.2972241029113067,0.8213961922030825
0.9050535987748851,0.29746192893401013,0.8213961922030825
0.9053598774885145,0.2976995940460081,0.8216983983076459
0.905666156202144,0.2979370984105512,0.8220006044122091
0.9059724349157734,0.2978363759296822,0.8226050166213358
0.9062787136294027,0.2977357215275431,0.8227057519895236
0.9065849923430321,0.2976351351351351,0.8232094288304624
0.9068912710566616,0.2978723404255319,0.8232094288304624
0.907197549770291,0.2977717758271438,0.8233101641986501
0.9075038284839204,0.29800877489031385,0.8253248715624055
0.9078101071975497,0.29790823211875844,0.8258285484033444
0.9081163859111792,0.2981450252951096,0.82603001913972
0.9084226646248086,0.2980445043830074,0.8266344313488466
0.908728943338438,0.2982810920121335,0.8270373728215977
0.9090352220520673,0.29851752021563344,0.8272388435579732
0.9093415007656968,0.2987537891545975,0.8274403142943486
0.9096477794793262,0.29865319865319867,0.8275410496625365
0.9099540581929556,0.29888926287445305,0.8279439911352876
0.910260336906585,0.2991251682368775,0.8281454618716632
0.9105666156202143,0.29902455432223346,0.8282461972398508
0.9108728943338438,0.2992602555480834,0.8286491387126019
0.9111791730474732,0.2994957983193277,0.8286491387126019
0.9114854517611026,0.29939516129032256,0.8288506094489776
0.911791730474732,0.299630500503863,0.8291528155535408
0.9120980091883614,0.29986568166554733,0.8298579631308552
0.9124042879019908,0.3001007049345418,0.829958698499043
0.9127105666156202,0.30033557046979864,0.8304623753399819
0.9130168453292496,0.3002348205300235,0.8304623753399819
0.9133231240428791,0.3004694835680751,0.8306638460763573
0.9136294027565084,0.30070398927254444,0.830865316812733
0.9139356814701378,0.30093833780160856,0.8309660521809207
0.9142419601837672,0.30117252931323285,0.8319734058627984
0.9145482388973967,0.3014065639651708,0.8321748765991739
0.914854517611026,0.3013056578506863,0.8322756119673618
0.9151607963246554,0.30120481927710846,0.8327792888083007
0.9154670750382848,0.3014386082301773,0.8332829656492394
0.9157733537519143,0.3016722408026756,0.8336859071219905
0.9160796324655437,0.30190571715145437,0.8341895839629294
0.916385911179173,0.30213903743315507,0.8342903193311172
0.9166921898928024,0.3023722018042098,0.834793996172056
0.9169984686064319,0.30227120908483635,0.8350962022766194
0.9173047473200613,0.3025041736227045,0.8354991437493705
0.9176110260336907,0.3027369826435247,0.8363050266948727
0.91791730474732,0.302635969302636,0.8364057620630604
0.9182235834609495,0.30253502334889926,0.8370101742721868
0.9185298621745789,0.302434144714905,0.837010174272187
0.9188361408882083,0.30233333333333334,0.8373123803767503
0.9191424196018376,0.30223258913695433,0.8374131157449382
0.919448698315467,0.3021319120586276,0.8376145864813136
0.9197549770290965,0.302031302031302,0.8382189986904401
0.9200612557427259,0.3022636484687084,0.8385212047950036
0.9203675344563553,0.3021630615640599,0.8390248816359424
0.9206738131699846,0.3023952095808383,0.8390248816359424
0.9209800918836141,0.3026272031925507,0.8394278231086935
0.9212863705972435,0.3028590425531915,0.8395285584768812
0.9215926493108729,0.30309072781655033,0.84093885363151
0.9218989280245024,0.30332225913621264,0.8410395889996978
0.9222052067381317,0.3035536366655596,0.8411403243678857
0.9225114854517611,0.30378486055776893,0.8419462073133878
0.9228177641653905,0.3040159309658148,0.8419462073133878
0.92312404287902,0.3042468480424685,0.8421476780497633
0.9234303215926493,0.3044776119402985,0.8422484134179511
0.9237366003062787,0.30437665782493367,0.8426513548907021
0.9240428790199081,0.3046072257209148,0.84275209025889
0.9243491577335375,0.3045062955599735,0.84275209025889
0.924655436447167,0.304736667770785,0.8434572378362043
0.9249617151607963,0.30496688741721856,0.844061650045331
0.9252679938744257,0.30486593843098314,0.8441623854135187
0.9255742725880551,0.30509596293845137,0.8442631207817065
0.9258805513016846,0.30499503804168043,0.8442631207817065
0.926186830015314,0.30522486772486773,0.8455726805681474
0.9264931087289433,0.3054545454545455,0.8458748866727107
0.9267993874425727,0.3053536021150033,0.8462778281454618
0.9271056661562022,0.30558308556326397,0.8468822403545885
0.9274119448698316,0.3058124174372523,0.8480910647728418
0.9277182235834609,0.3057114559260482,0.8487962123501562
0.9280245022970903,0.30594059405940593,0.8494006245592827
0.9283307810107198,0.3061695809963708,0.8504079782411603
0.9286370597243492,0.3063984168865435,0.8508109197139114
0.9289433384379786,0.3066271018793274,0.8511131258184749
0.9292496171516079,0.3065260382333553,0.8512138611866625
0.9295558958652373,0.30642504118616143,0.8519190087639771
0.9298621745788668,0.30632411067193677,0.852825627077667
0.9301684532924962,0.30622324662495887,0.8529263624458547
0.9304747320061256,0.3064516129032258,0.8530270978140425
0.9307810107197549,0.3066798288910826,0.8531278331822302
0.9310872894333844,0.30657894736842106,0.8534300392867936
0.9313935681470138,0.3068069713909898,0.853732245391357
0.9316998468606432,0.3067061143984221,0.8540344514959202
0.9320061255742725,0.3066053236937233,0.8541351868641079
0.932312404287902,0.3068331143232589,0.8545381283368592
0.9326186830015314,0.30673234811165845,0.8546388637050469
0.9329249617151608,0.3066316480630335,0.8547395990732346
0.9332312404287902,0.30685920577617326,0.8550418051777978
0.9335375191424196,0.306758530183727,0.8551425405459856
0.933843797856049,0.3069858970154149,0.8552432759141735
0.9341500765696784,0.30721311475409835,0.8553440112823613
0.9344563552833078,0.30711242215666995,0.8555454820187367
0.9347626339969373,0.3070117955439056,0.8559484234914878
0.9350689127105666,0.3069112348509663,0.8560491588596756
0.935375191424196,0.30681074001309755,0.8561498942278635
0.9356814701378254,0.3067103109656301,0.8563513649642389
0.9359877488514549,0.3069371727748691,0.8566535710688022
0.9362940275650842,0.3071638861629048,0.85675430643699
0.9366003062787136,0.30706344015696535,0.85675430643699
0.936906584992343,0.3072899640405361,0.8575601893824922
0.9372128637059725,0.30718954248366015,0.85766092475068
0.9375191424196019,0.3074158771643254,0.8579631308552432
0.9378254211332312,0.30731548007838017,0.8582653369598066
0.9381316998468606,0.30721514854717596,0.8598771028508109
0.93843797856049,0.3071148825065274,0.8600785735871864
0.9387442572741195,0.3073409461663948,0.8608844565326886
0.9390505359877489,0.3075668623613829,0.8612873980054396
0.9393568147013782,0.30779263123573525,0.8623954870555052
0.9396630934150076,0.3076923076923077,0.862496222423693
0.9399693721286371,0.3075920495275334,0.8625969577918807
0.9402756508422665,0.30781758957654726,0.8627984285282563
0.9405819295558958,0.307717355910127,0.8637050468419462
0.9408882082695252,0.3079427083333333,0.8642087236828851
0.9411944869831547,0.30816791409046534,0.8645109297874484
0.9415007656967841,0.3083929733246584,0.8653168127329506
0.9418070444104135,0.30829268292682926,0.8655182834693261
0.9421133231240428,0.30851755526658,0.8661226956784528
0.9424196018376723,0.30874228144296395,0.8665256371512039
0.9427258805513017,0.30896686159844056,0.8670293139921427
0.9430321592649311,0.30919129587528416,0.867734461569457
0.9433384379785605,0.3094155844155844,0.8678351969376448
0.9436447166921899,0.30931515741642324,0.8680366676740204
0.9439509954058193,0.30953926022063594,0.8681374030422081
0.9442572741194487,0.3097632176451508,0.8687418152513348
0.9445635528330781,0.309662775616083,0.8700513750377757
0.9448698315467075,0.3095623987034036,0.8702528457741513
0.9451761102603369,0.30946208684381077,0.8705550518787146
0.9454823889739663,0.3096857790735342,0.8719653470333434
0.9457886676875957,0.30958549222797926,0.8720660824015312
0.9460949464012252,0.30948527031401746,0.8723682885060945
0.9464012251148545,0.30970873786407765,0.8729727007152212
0.9467075038284839,0.3099320608217405,0.873375642187972
0.9470137825421133,0.30983182406209575,0.8734763775561599
0.9473200612557428,0.3097316521176851,0.8736778482925356
0.9476263399693722,0.30995475113122173,0.8743829958698499
0.9479326186830015,0.3098546042003231,0.8750881434471642
0.9482388973966309,0.3097545219638243,0.875692555656291
0.9485451761102603,0.30965450435905717,0.8757932910244787
0.9488514548238898,0.3098773402194964,0.8758940263926664
0.9491577335375191,0.30977734753146174,0.8759947617608542
0.9494640122511485,0.31,0.8765991739699808
0.9497702909647779,0.30990003224766205,0.8766999093381687
0.9500765696784074,0.3098001289490651,0.8775057922836708
0.9503828483920368,0.31002255881405094,0.8780094691246095
0.9506891271056661,0.30992268041237114,0.8781102044927973
0.9509954058192955,0.3101449275362319,0.878311675229173
0.951301684532925,0.31004507405022536,0.8793190289110507
0.9516079632465544,0.30994528484068234,0.8794197642792385
0.9519142419601838,0.30984555984555984,0.8795204996474261
0.9522205206738131,0.31006754583467355,0.8802256472247406
0.9525267993874426,0.30996784565916397,0.8802256472247406
0.952833078101072,0.31018964963034396,0.8812330009066183
0.9531393568147014,0.3100899742930591,0.8816359423793694
0.9534456355283307,0.3103115965306778,0.8820388838521205
0.9537519142419602,0.31021194605009633,0.8828447667976227
0.9540581929555896,0.3101123595505618,0.8828447667976227
0.954364471669219,0.3103337612323492,0.8830462375339981
0.9546707503828484,0.31055502085338466,0.8834491790067492
0.9549770290964777,0.3107761385503528,0.8847587387931903
0.9552833078101072,0.31099711445976275,0.8848594741613781
0.9555895865237366,0.3108974358974359,0.8856653571068803
0.955895865237366,0.3107978212111503,0.8858668278432558
0.9562021439509955,0.3110185778347213,0.8859675632114435
0.9565084226646248,0.31091898815241753,0.8861690339478191
0.9568147013782542,0.31081946222791296,0.8865719754205701
0.9571209800918836,0.31104,0.8868741815251334
0.957427258805513,0.3112603966730646,0.887579329102448
0.9577335375191425,0.31116085705148705,0.887579329102448
0.9580398162327718,0.31138107416879796,0.8876800644706356
0.9583460949464012,0.311601150527325,0.8886874181525134
0.9586523736600306,0.31182108626198085,0.8886874181525134
0.9589586523736601,0.3117214947301182,0.888888888888889
0.9592649310872894,0.3116219667943806,0.8889896242570767
0.9595712098009188,0.3118416852856687,0.8889896242570767
0.9598774885145482,0.31174218251435865,0.88929183036164
0.9601837672281777,0.3116427432216906,0.8893925657298277
0.9604900459418071,0.31186224489795916,0.8893925657298278
0.9607963246554364,0.31176283072999683,0.8895940364662033
0.9611026033690658,0.31166347992351817,0.889694771834391
0.9614088820826953,0.31188276521185093,0.8909035962526444
0.9617151607963247,0.31210191082802546,0.8913065377253954
0.9620214395099541,0.3123209169054441,0.8917094791981465
0.9623277182235834,0.3122215149586251,0.8922131560390852
0.9626339969372129,0.3121221762647152,0.8924146267754609
0.9629402756508423,0.31202290076335876,0.8927168328800241
0.9632465543644717,0.312241653418124,0.8936234511937142
0.963552833078101,0.31246026700572155,0.8944293341392163
0.9638591117917304,0.31236097870988244,0.8953359524529062
0.9641653905053599,0.3122617534942821,0.8960411000302205
0.9644716692189893,0.31248015242934263,0.8967462476075351
0.9647779479326187,0.3126984126984127,0.8969477183439105
0.965084226646248,0.3125991748651222,0.8971491890802862
0.9653905053598775,0.3125,0.897652865921225
0.9656967840735069,0.31271804630510625,0.8982572781303516
0.9660030627871363,0.31293595434369054,0.8983580134985393
0.9663093415007658,0.3128367670364501,0.8988616903394782
0.9666156202143951,0.31305449936628643,0.899869044021356
0.9669218989280245,0.31295533734558123,0.9002719854941069
0.9672281776416539,0.3131728942368588,0.9010778684396091
0.9675344563552833,0.31339031339031337,0.9014808099123602
0.9678407350689127,0.31329113924050633,0.9019844867532991
0.9681470137825421,0.31319202783929134,0.9021859574896746
0.9684532924961715,0.3134092346616066,0.9022866928578623
0.9687595712098009,0.3133101485931078,0.9025888989624257
0.9690658499234304,0.31352718078381797,0.9025888989624257
0.9693721286370597,0.3137440758293839,0.9030925758033646
0.9696784073506891,0.3136449778900821,0.9038984587488668
0.9699846860643185,0.3138616987685507,0.9045028709579933
0.970290964777948,0.3140782828282828,0.9046036063261811
0.9705972434915774,0.31397917324076996,0.9047043416943689
0.9709035222052067,0.3141955835962145,0.9049058124307444
0.9712098009188361,0.3144118574582151,0.9051072831671201
0.9715160796324656,0.31431273644388397,0.9060139014808098
0.971822358346095,0.3142136779073432,0.9063161075853733
0.9721286370597243,0.3144297416509137,0.9068197844263121
0.9724349157733537,0.3146456692913386,0.9069205197944998
0.9727411944869832,0.31454659949622166,0.9071219905308755
0.9730474732006126,0.31444759206798867,0.9085322856855043
0.973353751914242,0.3143486469477659,0.9089352271582553
0.9736600306278713,0.3142497640767537,0.9089352271582554
0.9739663093415007,0.3141509433962264,0.9098418454719451
0.9742725880551302,0.31436655139893116,0.910345522312884
0.9745788667687596,0.31458202388434947,0.9114536113629496
0.974885145482389,0.31479736098020733,0.9116550820993251
0.9751914241960183,0.31501256281407036,0.9118565528357006
0.9754977029096478,0.3152276295133438,0.9122594943084517
0.9758039816232772,0.3154425612052731,0.9128639065175784
0.9761102603369066,0.31565735801694383,0.9152815553540847
0.9764165390505359,0.3158720200752823,0.9170947919814646
0.9767228177641654,0.3160865475070555,0.9171955273496524
0.9770290964777948,0.31630094043887147,0.917396998086028
0.9773353751914242,0.31651519899717956,0.9176992041905914
0.9776416539050536,0.3167293233082707,0.9176992041905914
0.977947932618683,0.3169433134982775,0.9181021456633424
0.9782542113323124,0.3171571696931747,0.9182028810315302
0.9785604900459418,0.3170579029733959,0.9190087639770322
0.9788667687595712,0.3172715894868586,0.9194117054497833
0.9791730474732007,0.31717234907725994,0.9203183237634733
0.97947932618683,0.3170731707317073,0.9204190591316612
0.9797856049004594,0.3172866520787746,0.9210234713407877
0.9800918836140888,0.3171875,0.9211242067089755
0.9803981623277183,0.31740081224617306,0.9217286189181021
0.9807044410413476,0.31761399125546536,0.9233403848091065
0.981010719754977,0.31782703715266936,0.9235418555454821
0.9813169984686064,0.31803995006242197,0.9235418555454821
0.9816232771822359,0.31825273010920435,0.9241462677546086
0.9819295558958653,0.3184653774173425,0.9242470031227965
0.9822358346094946,0.31867789211100717,0.9246499445955475
0.982542113323124,0.31889027431421446,0.9252543568046742
0.9828483920367534,0.3191025241508258,0.9255565629092374
0.9831546707503829,0.3190031152647975,0.9255565629092374
0.9834609494640123,0.31890376829648087,0.9259595043819885
0.9837672281776416,0.31880448318804483,0.9262617104865519
0.984073506891271,0.3190164954870837,0.9263624458547396
0.9843797856049005,0.3189172370877411,0.9269668580638663
0.9846860643185299,0.31912908242612753,0.927470534904805
0.9849923430321592,0.3193407960199005,0.927470534904805
0.9852986217457886,0.31955237799191794,0.927873476377556
0.9856049004594181,0.31976382846488505,0.927873476377556
0.9859111791730475,0.3196644920782852,0.9282764178503072
0.9862174578866769,0.31956521739130433,0.9307948020550015
0.9865237366003062,0.31977646693573425,0.9309962727913771
0.9868300153139357,0.3196772191185599,0.9334139216278835
0.9871362940275651,0.3198883028234564,0.9338168631006346
0.9874425727411945,0.3200992555831266,0.9353278936234511
0.9877488514548239,0.32031007751937984,0.9356300997280145
0.9880551301684533,0.32052076875387475,0.9360330412007656
0.9883614088820827,0.320731329408119,0.936234511937141
0.9886676875957121,0.32094175960346966,0.9366374534098924
0.9889739663093415,0.32084236605760297,0.9378462778281454
0.9892802450229708,0.32105263157894737,0.9382492193008966
0.9895865237366003,0.32095326524295886,0.940263926664652
0.9898928024502297,0.32116336633663367,0.9423793693965951
0.9901990811638591,0.32106402721930094,0.9425808401329707
0.9905053598774886,0.321273964131107,0.9426815755011585
0.9908116385911179,0.321483771251932,0.9427823108693462
0.9911179173047473,0.32138442521631644,0.9434874584466607
0.9914241960183767,0.321285140562249,0.9435881938148484
0.9917304747320062,0.3214947498455837,0.9444948121285384
0.9920367534456356,0.32170422970052487,0.9445955474967261
0.9923430321592649,0.3219135802469136,0.9453006950740405
0.9926493108728943,0.32181425485961124,0.9453006950740406
0.9929555895865237,0.3220234423195558,0.946408784124106
0.9932618683001532,0.32223250077089116,0.9469124609650449
0.9935681470137825,0.3221331689272503,0.9486249622242369
0.9938744257274119,0.3223420647149461,0.9487256975924246
0.9941807044410413,0.32255083179297594,0.9493301098015513
0.9944869831546708,0.32245149368647985,0.9513448171653067
0.9947932618683002,0.3226600985221675,0.9518484940062457
0.9950995405819295,0.3228685749461373,0.9524529062153723
0.9954058192955589,0.32276923076923075,0.9537624660018132
0.9957120980091884,0.3226699477083974,0.9549712904200666
0.9960183767228178,0.3225707257072571,0.9550720257882542
0.9963246554364472,0.32247156470949895,0.9571874685201974
0.9966309341500765,0.322679778733866,0.9572882038883853
0.996937212863706,0.3228878648233487,0.9599073234612673
0.9972434915773354,0.3230958230958231,0.9601087941976427
0.9975497702909648,0.3233036536690206,0.9614183539840838
0.9978560490045941,0.32351135666052794,0.9619220308250226
0.9981623277182236,0.3237189321877877,0.9634330613478391
0.998468606431853,0.3239263803680982,0.9641382089251535
0.9987748851454824,0.3241337013186139,0.9664551223934724
0.9990811638591118,0.3243408951563458,0.9664551223934724
0.9993874425727411,0.3242414955562366,0.9844867532990834
0.9996937212863706,0.3244485294117647,0.9873073436083408
1.0,0.32465543644716693,0.9936536718041703
