normal_score,corrupted_score
418.1807684099363,1966.2166804082653
526.547821211198,2166.2892163475913
441.985901912345,2196.1104875826777
405.3462240242531,1891.0123700505324
564.4973722461095,1927.018231482749
584.9147177977097,1876.1328477236912
670.3462180113174,1945.7789994969883
585.2831058543511,2486.5346598071214
556.1153526223064,3041.8488138293155
506.3825311838823,4442.51830988853
598.7213450030425,2709.0817509168733
472.9973188905096,3502.2974316335976
515.399851528803,2349.0765790917444
472.8492550988755,2080.2887906741917
507.29385446091743,2063.283245491937
555.1628680309359,2532.9436515205775
534.0806569460818,2559.810873058088
493.2931445688738,2154.836634670264
691.9834869321986,2874.9787072040517
496.06095694738633,2534.548789877912
391.69260313965464,2263.346474752356
642.7711476942362,2777.1250608311184
816.2739855325298,2292.10118866059
482.0193488892072,2257.1783581997197
457.3680720064662,2810.8312170588124
446.5091901920997,2331.9083545645526
507.56775728618067,2755.3567340190634
434.20323009883657,2012.3896138404923
424.6465267168904,1864.8879238118016
425.5350281596665,2087.0603772868
388.4931999128699,1933.982218389038
413.1916108190621,2154.8750738424515
440.31454567132715,2578.1760662437337
517.791726049461,2454.088697403803
575.7288580290001,2618.6105857306507
516.9902013353678,2774.827930310947
476.0966618625489,2146.938002397585
447.98929419879767,1770.1936089384417
473.11553541515747,4141.502950269105
1028.967290002697,2571.989254758879
1037.5303710343778,2390.4888574674333
1132.1997578930884,2688.102839659476
1105.8296667522552,3257.9929206112533
1153.261813636072,2899.5404519360723
1010.5434582039096,2576.8381517973357
1355.5127407177404,3067.9700701928373
777.1856034890144,2237.5641369067403
443.938214029173,3074.642096337297
747.2235214668708,2655.8361111757404
1156.8889053334212,2761.6881307040658
720.9356041747949,3796.19491472519
922.138991001528,4183.553996779094
795.3209956498162,4111.991001652683
862.540932965641,3667.7083914242785
806.757463825453,3546.973691375602
744.1990685977205,4406.803496865916
731.4538021369342,3695.5775586602413
733.2371400109278,3460.968737741128
943.2260304365047,3623.1145497282223
645.2504765029054,3628.5260497836985
643.3097095792959,3294.824168369546
770.4146584594627,3384.521701387088
667.9854775900144,3433.7657641724854
798.6848987712311,3109.2150823285683
639.9732595303152,3478.4312353739438
633.2793999928971,3497.559841423117
631.2816879300923,3031.7961952089345
605.2972140477987,2968.301441051046
694.0952522348155,3529.001394575647
706.9944803460827,3578.5881385733564
613.8025812974469,3363.2062889704935
823.1273605522022,3700.069542977419
703.3900131937756,2894.787682504875
688.0388983698803,3722.556578818141
449.78603169881086,1836.5874797099486
617.3004432265316,2143.4329878353624
841.9465632905482,2809.7521461846904
522.0157155481703,2392.6896849999544
617.1586663124817,3033.0705213182773
631.6971944375671,3210.915036552668
554.2751412637771,2437.2336632200922
470.43605494926226,2297.865497314243
427.915123879684,2246.846574845182
782.2787603504955,3725.9819126710413
446.3290985539834,2178.2067154518686
442.5158627087283,2268.509948564458
439.0414788145229,2243.7503446406777
535.6390206815655,2720.2839778112934
512.5421478113273,2324.411461830581
523.2508363714842,2116.75681220568
549.1876010101489,3024.641287116481
642.4641247216825,2896.5600843845077
614.9572411186189,4172.90699634266
538.8251650657925,3856.460884824717
530.2102943319037,4208.334866005607
642.1984705607056,3885.5005379874924
641.1772888012533,3653.1183865994744
607.5927339191092,4142.186750589342
682.0963766979834,4136.980357257475
537.1936193272174,3734.3673945658834
590.9672640632946,3139.340992298565
534.6420133517382,3955.291457631463
669.0575023248978,3914.988789977686
531.604694900048,3444.3230848930193
564.3905035012382,3736.991322122765
625.9172048727761,4668.052950984162
658.3340508256334,4704.870367548274
645.8473482343217,4086.4247368661495
575.8763616434148,4116.370624018847
617.5893924312484,4070.5344711627367
566.0715941403241,3215.5632579740527
571.1326199293937,4335.431065778913
630.0726284897636,3548.9903948794804
549.1556795993671,3656.713508866
615.7788353574323,4293.6028859765265
532.7431969503939,3340.4044824532025
799.4769644627514,5168.870220582649
595.2211687156741,5252.842440302022
668.3863615547905,4637.9654393271385
564.9581987613066,3586.0358880221597
643.0619224056562,3873.740853400607
491.1437794508821,4323.604804586439
484.94877914140216,4008.802209567954
557.0768386469671,3575.626211591043
625.7610955410383,4053.72938006962
584.5491705518399,4080.432714083255
686.8618296089886,3798.1372880521653
474.8393622345597,3687.160647515389
520.1274010917629,4341.119190963012
532.2930061725166,3624.8136651216696
600.3732233717847,3418.725884134009
563.1297925047847,3191.498549322576
729.2775594868156,2234.707444006653
571.8800651161587,3696.9911727870954
695.6122399470305,2230.9431825316824
579.9102266957499,2254.9318981216666
604.0415192604146,3831.142408056057
511.66324431877695,3668.7341299894583
565.2814498757788,3346.106479553006
752.4181544963932,2862.349102793107
708.9849354304996,3898.5880908637237
626.540642720689,3472.3194069460496
459.6131427130951,2319.6408615959476
424.92613888706734,2062.725463768331
501.64535245246003,3798.675265870803
502.72718235080094,3586.1710758733584
791.6115299267863,1968.4068421633744
631.0885195133219,2065.25879919517
639.584339513608,2339.222640650142
669.6851251640869,1850.388018016008
669.5743460240806,1978.4528628374171
417.9982848779202,2515.676528636694
543.1309427334758,2886.0371766707553
477.97889097529577,2444.503892558668
560.5561112062229,2452.4147828074206
501.49642213163526,2817.758173516959
479.7873624784181,2965.099030515686
522.8664735902041,2236.8817191850358
401.0363012582992,2880.8531588844303
503.3585496251047,2223.57348739229
389.1528249143349,2381.083742082877
1067.840182587403,2527.963613158576
1133.7157996443093,2975.319313202159
1423.8928293154154,2913.4183588961287
794.5589686188573,2528.948600437516
718.4141633251265,2471.1581927099987
519.7834224530079,2416.123902958732
357.43016462859424,1817.8889742507486
379.37795588479804,2014.1333078590878
399.18111242308277,3167.511867585974
324.1817353877186,1804.185944387553
428.4500583791693,3324.5427570522347
490.40143775461706,3196.913615153992
660.9338211923507,3538.297433486995
574.8604818275272,3922.2820599436277
563.812463850262,3222.350921987387
375.5965433163161,2001.8035704198137
396.91135354073003,2541.584066404755
439.7264425238386,2819.163298264931
412.7807094986666,1919.736162721131
581.7936146261607,2388.716281098334
582.1770451014329,2573.039412391627
479.7790930759636,2986.5980770935957
459.36951426959087,2003.937529765723
542.9918663239356,2149.9129292325115
843.181498338985,2390.7584763788786
716.9042826710022,2209.4687679344834
1076.1893816625952,2652.764771809476
470.679114823241,2024.1441352869183
1020.8601071300931,2440.291868045817
740.6074178621291,3048.2879568828403
398.55112049608647,2367.752409356406
679.014284575013,2258.1166662413852
707.3957874440125,2030.7195181515676
615.2947345699982,2039.252312314188
503.93759893463033,2369.0716980609814
403.18499495362346,1826.7323219178904
542.1081313024532,1811.9520399772873
455.61860376249786,1661.926238568796
414.0049462668051,3536.106650589364
462.61096068224356,3494.0176729824807
491.29290749160197,2166.225103120443
512.244604411961,2021.9380260495261
550.6592074654452,1964.5921045743435
418.70284454312326,1875.3706062662752
468.8263043590878,2089.12430060012
446.20329738331674,1812.8214595674594
371.0811472583156,1651.7474871123811
539.3053094625864,1942.3419734915499
610.2475136531073,2000.4208215381195
501.0301147460607,2012.8194742122864
540.3748553860521,2123.007375699776
934.7055385051937,2559.4663457861834
426.2950846150587,1623.311133616017
424.78435971264673,1970.8566115542046
445.86047492848564,2004.6478171007086
572.6734928139286,2242.097455168051
424.87669429162236,2377.956092367203
548.1863693886454,1817.7170382478791
562.5196531987244,2282.0293827663227
766.8889359848105,3512.3677994524214
887.1687018438373,3001.9162180803937
608.4519320506657,2697.5378372805235
597.7533033626064,2818.2138106699035
632.4960620536156,2073.2641990776274
588.5744900365876,2843.6916869770776
555.9656667581926,2902.9449899834726
482.8056853279893,2155.3703114290706
692.6577325143443,2366.7920861339935
504.19793872618214,2740.5048461596816
667.948200617767,2234.17725189143
707.0596374996802,2384.9471467373214
426.0452068913049,2015.8478479801317
498.5914395654249,3882.43786477846
480.73813064239846,2920.765126868017
670.1560922548352,2821.9580627065525
716.1799096554439,2959.8104042226228
885.7234600835375,2733.454549382358
602.6161587040145,2602.6582403020025
674.019525647901,2655.0950453246505
830.1709046367934,3103.9738830191363
726.7623891462425,2851.3874025109303
904.6075026786184,2897.2757170412774
650.0535282094733,2528.19649749591
729.3814152162586,3193.5389762024392
697.1251757492037,2717.3171101403536
455.7525802845374,2207.5491506331687
451.91769708435794,2312.171078564783
418.747958716586,1875.6711151665836
702.1797778734915,2383.0755451272357
442.85398143809107,1949.0819600684385
564.8111354786064,2185.596463794353
562.4732136002851,2933.13751761764
568.7257268504837,2937.003385689097
572.073499851087,2788.653889799478
493.3643287844761,2115.106046893671
496.55943627289406,2189.4614233300654
531.8807334201279,3261.443059219615
527.0227033831873,2650.0154209434627
568.5691556397732,2565.9132399203536
620.9299667027562,2770.283114003007
562.1350621296782,2246.4480885272624
729.980659804386,3894.207756030331
743.8949419607245,4146.89971864366
744.7825309275088,3991.7584861575574
536.9436235148253,2007.9785565848692
612.0691868674094,2790.6727112241815
747.9129819374043,2164.8198530366926
369.90940455924016,2246.802298620001
460.0273792421155,2056.275339343945
647.5114813555815,3835.690511569696
538.400133119794,3544.000406064901
355.64272506053214,1984.659433855853
438.5020359692264,1908.0349310722256
390.454634621983,1902.9495342685323
470.18253185386004,2177.974228945851
602.0114955172212,2478.2919601967856
627.9983878419562,2413.2100695888375
606.2896664949587,2760.9371036878456
653.3800537988535,2572.286766499124
602.9745320795829,2608.845573580104
801.0404888462289,3502.307569208444
1005.1285212619932,2663.498329291365
788.5093387708685,2775.8961918992136
722.1919008638263,3572.1397547989445
737.0334257828318,2767.025696893125
1162.4498077909998,3665.115547340846
1035.0695917118087,3237.516733398435
358.52470561210737,1945.1810693286159
363.3837586788046,2001.3416587605761
320.880413630227,1977.5720809166264
403.59798994890787,1938.4822705678969
346.87794636735515,1716.4165477789265
385.6231213612762,2406.3038307088414
424.4646659101624,2450.5296981010674
599.5359689315685,1911.2456305638586
662.2595450208867,2702.856441066709
605.7042930603762,2768.0034434061045
534.1939211901563,3682.46038491816
591.6985730142184,3565.398505735451
549.6792888997591,3369.426370281154
597.3081368942784,1950.3962191286328
509.36614765654366,1851.9516852256622
542.7849498071588,2285.111259548359
668.4378457909016,2887.78808738192
340.6242971495934,2772.554404663558
792.1120296958705,2234.0646509086623
480.57970785553334,2327.689612763629
419.0560883529077,2183.9394720226555
567.4421498624974,3214.7863241890223
528.978660298947,2610.7048146847305
490.41173461902497,3068.7777521633157
448.8454564800056,3567.646208915851
494.32246029049946,2610.9501734576243
481.59130008080035,1875.283815641635
387.32817239596335,1637.2960044509964
659.1694682031073,2040.0536822669878
515.249602272238,1982.5769129374985
474.6844234613051,3138.2475440585313
480.93869177252833,1968.474966595125
522.1222695292677,1957.1629945403138
563.125093414827,2006.3233927890078
438.42977210487373,2841.6488736303327
644.1547879835495,2127.665725167544
523.9510772320729,2631.2443742923106
476.0433988442719,2830.076597653998
407.6683514345725,2214.6661068543385
392.3689100141346,2339.1094806807537
628.021523303181,2355.452910997816
454.067602954009,2356.1786338666207
478.59762211176377,1975.0547117113194
573.2530827746914,2359.5459033251573
413.90518278611836,2320.5037654385333
761.2269708150455,2581.6150149098
619.8023105464804,2534.09143103061
552.8613966617681,2311.7516960446114
483.69536440810623,2433.0629763199186
442.96932825054967,2208.66836949233
517.5684453009346,2204.700940414018
535.3288834538274,2407.4557718763226
572.8280247110947,2428.002564066875
607.7088095065953,2367.8715500401304
641.3076265072305,4399.7654775245555
711.6155985569208,3453.4166759530863
825.8027016000436,3616.5098461239745
1187.255105918451,3507.713005461903
846.9510713798301,3592.044435499841
644.7957769144803,2291.063792571667
574.1180115042843,2613.467103204805
842.1287111728954,3670.544528386232
638.8538158987932,2509.6085580136782
648.3630343445693,2574.089235349502
638.9358583349577,2305.050770762933
537.0897656990239,3487.0182788685743
752.0327782622469,2153.83445580792
770.3349322781814,2207.354755394746
376.39314996710345,1890.4658984293696
1115.3592818550578,2983.499534074124
1502.2455683069893,3138.226516851148
577.6137061116207,2719.7934663286223
472.3810838053792,2723.314285701021
508.1354737164414,1894.8969245733413
444.30388630918816,1980.5892859027094
585.1728456518907,2065.3402375632636
582.4215157909001,2455.597048578772
550.3662051673195,2172.936090748446
572.755075451304,1922.4639368659298
485.53265210700437,3604.934414538931
511.78662276041325,3681.431702372309
503.64120305985114,3469.981760724442
3271.994798577428,4656.488211137342
581.7251017032777,3047.793760504159
398.8128501806264,1858.8342166430748
716.6479035858752,2316.630870364801
738.7006384597557,3834.8028177278266
1117.6561176904904,3130.9561486780717
899.4097211190577,3454.27530345378
659.0355843662111,3909.362359427427
588.8088064424164,2194.9659553316865
515.6379673117319,1990.9067485536318
409.07147980696493,2356.0889003617185
389.8008938314505,1737.1801330868113
362.146995224618,2302.639653905309
510.2608302955622,2399.7791134013933
640.4884019741613,1992.187812965434
596.782043415702,3266.5799478545396
585.8577102955737,2890.291268053666
577.3926813731347,3097.023025476438
529.9091940640825,2975.56347459501
678.6277314293762,2057.5810072471136
528.1836151951422,2783.569311387153
450.2365535132293,1888.7821212838107
488.86379271763894,1853.9611586206763
550.2901331615133,2836.771051002602
569.0236165167627,2372.054979537969
623.1901988910121,2524.993480320195
565.2504553237081,2907.2989919177876
591.3742840186301,2718.262504063098
518.3888933556727,2813.1213846256787
562.2491992901773,2912.401525871469
564.4517842299118,2519.745999175453
541.9099763386369,2938.3338131184933
493.2719888326377,2307.514693518906
475.60793682415635,2609.0231854403073
521.0519974210948,1974.0229170758168
424.3806169728133,2497.4298048332757
520.5593432553203,4030.935694799154
518.4193923094895,2492.195533650536
532.3794711176491,2211.8810089320746
469.3017258256509,2235.0583825420863
403.01092047544324,1757.3764176299358
534.928262723925,2075.722384786376
540.7418932406015,2697.832735931755
406.9222738654424,2301.555294204947
450.56968311925675,2454.2060297291123
524.7218422702134,3130.528216492803
480.3311850958624,3006.6526488728537
458.1907688810306,4107.101148175977
418.6258058490111,3189.5486125834373
495.9677240558911,2765.6139939737695
494.82448577359065,2334.9295422631426
431.8415119969086,2175.994336223248
412.83624806665694,2455.5523269353907
467.15475444897913,2234.9683900200553
674.5485036239037,2925.2812747362404
547.1330180623928,2469.7980024904236
591.3446954121152,2082.104351977733
668.406326203337,3917.393849880481
407.42569861881594,2070.810557041038
617.1341101845904,2985.1515613475203
641.9502945108629,2262.612648453515
586.9059298683363,2247.44364282184
779.0752424755653,2575.05401254636
472.9839162024601,3571.1477939302767
722.0146726788199,2828.8914840870525
822.7286797957663,2587.0601711268305
909.8332880402021,2789.634984780736
781.0703998387459,2638.9047417741526
917.7387417639337,2242.6895856362307
722.0866710790381,2277.536109824558
852.1083181043205,2092.8043610776817
800.3500415046623,1972.2675952260997
378.20194925230487,2850.5032127524246
382.2487606910669,2010.0376894043088
462.7955424540932,2555.952561182903
479.75847021528176,3193.5258539624406
358.21307612781385,2567.4776104078755
357.5941487633503,1983.8639768322257
544.6791448648356,3497.4799725752255
462.38023017787316,2535.699897497935
625.1424681573113,3225.5871362520243
435.69830570882544,2099.5839440591835
707.4945347007933,2595.7989960707846
578.6049564317622,2130.152443294699
456.91536155870483,2440.1394815697295
487.2883536062226,1677.7514293655004
493.14285300633435,2415.9998298874843
337.15206274907524,1792.063825504781
389.6854152194829,1590.4214121549066
422.354181264111,1678.5739986328038
487.2684871617293,2147.423222076105
481.69588429075736,4074.470838314562
403.3832651407466,2661.2899441940467
505.609877436241,2364.906941271069
455.2016351862738,1986.4797141808153
404.843012209262,1698.377025857023
522.0471630784426,1862.8820451869199
530.6209909182662,1950.1900330178714
418.56380566770446,2113.4774722726133
566.3660853080212,1813.847337994461
748.9929890494191,2732.683649650563
373.89597434560517,2061.4957280424137
481.8021636529936,2473.8698752682267
732.2910328203826,2153.6365092990895
719.9513583374426,2005.6450583041299
477.5815627530851,2753.4917274029485
463.6882745057069,2052.9059307778775
544.8990430026645,3011.1398670142344
423.29081339712394,2243.0411126762206
487.67234313258035,2461.9463876458944
468.4826779583067,2158.3808962728917
489.06971283735993,1999.359644996377
440.0863368808975,2214.425246082537
546.7664065702492,2508.7290457611434
486.93877807805745,2424.1869891874294
1033.6731981627927,1858.5786924853462
960.0699441197596,2011.052430014493
745.6899981014724,1768.3344232223185
738.6401789288678,1790.5980796739248
986.0950269666797,1702.9565872658118
936.5365985879099,1937.9402460867566
785.735012385989,1960.5564362548469
643.5639093715084,2170.3635353098452
565.1983485897125,2138.103762337039
700.2818144607941,1988.3794155511757
825.1225695973674,2158.107050979815
567.8678374155811,2218.868888585035
597.2999448491977,2189.8254798298462
534.8953440815055,2011.7843198727635
535.6495171152496,2509.740083711916
481.3637752729214,2333.554146518284
518.5411242845466,1873.0891007078294
894.519223408699,2786.2401110954393
582.9481798718665,2006.643133803351
553.9065311288252,1829.4853946146388
601.5237942189178,2048.8938690513637
594.253565065459,2010.5874685156066
547.5329687527966,2036.6447557356566
683.1804895382998,2128.7758240217327
535.4707701378674,1993.8482248898267
504.6760070921122,1834.2469657456604
615.1862515391067,1854.5687342169288
535.5422392519216,1896.3137542800253
522.9616562849608,2150.907329651776
701.1616399838892,3338.852136302636
377.0361285891934,1905.8255524538756
558.4235652245561,3185.697133640008
378.82178975015904,2494.5387120946307
342.1515781803156,1790.9365358825924
507.8891739210678,2893.9702429574204
454.04137971711236,3021.7268100215383
530.1343471672108,2666.6680290206587
601.1007642231368,3493.727060447811
576.4254478422346,2652.415035016842
405.4881748246478,2141.1867940307743
415.74295491687315,2265.091750301368
481.23588588828375,2718.5581092277166
562.7244833307504,3409.253482610206
542.0506285109351,2199.8986571233445
685.3540734155126,2311.49500367668
700.2243944151446,2322.3926482245843
578.5032685902178,2282.773150443319
667.6384045503179,2209.516706294943
618.714851394536,4217.568464350025
680.0792817825534,3383.979770908737
746.702275882069,2622.660651024293
734.8504809967468,3739.4947124187097
901.6995584748498,3803.5099230832107
571.5381892552581,3314.8239244013885
669.0191556446479,3199.6912015489274
635.3143477166952,2921.8620190403963
632.7430110572376,2942.5958215712153
723.9422469959419,3970.0951461412124
591.638210824902,2959.6381964064235
652.9819197236131,2896.623737208335
677.1845338986293,2496.3103063067647
759.5864470492992,2321.8378625817427
528.0038776796484,2349.6054636417507
586.2812831918158,2224.2574691452364
553.6083350395596,1993.2830764882383
663.0127138536413,2158.582190565588
558.9719682777421,2212.1223773091697
555.5929352420719,2274.9239854382913
606.9967680163481,2940.7649030329967
654.9254829068465,2295.4622843023967
513.5652275522366,1834.8076881414142
641.1349310276493,2568.3686516010653
446.0594210479605,2684.650735090068
457.836188413476,2049.9467374481937
467.9253649698744,1989.131315879061
453.4404390240361,3580.5939286827524
487.9990887215695,2714.189916260864
394.0832919758773,2625.5708334830197
597.8968083553735,2611.7850052425497
619.9696607388679,2959.0333766671215
498.01505455284445,2232.972465532193
434.0432180082869,2652.5694362687877
600.8545472447647,1817.3016826135563
636.9404028655227,2084.2146543323765
599.7479146970402,2450.022210462102
537.2623313820806,2511.4512593340746
634.8273465664332,2439.793125809757
477.4815445763956,2307.005019246971
608.385850761503,2349.4511045851636
365.73454068910854,1907.50025688668
422.01663482960146,2957.353880717609
397.22083910773523,2391.653547388855
370.3082348795685,2185.8889908295637
407.4049469640659,2116.888315050862
395.7398892025067,2612.5390274911024
478.79957709704496,2198.5869308692872
397.4446982983876,2022.016941140648
348.1864454117775,1949.0063138300986
636.4545097856482,3699.7580747201573
499.83889060689563,2174.9492164766125
355.8851733957797,2099.277176003716
576.6757810640603,2886.1017228843525
363.29991563882317,1946.8248084530876
570.733022067103,3772.770224992264
592.209095366298,4166.229067278093
623.5415107727689,3817.00972365108
541.2282750869399,4265.649971339708
539.7012562425734,3852.6403444473494
617.0214995199323,3429.6304114301593
594.399609575273,3257.618512057456
516.8397628971675,2303.1960709208765
508.8106652195496,2936.3427799895676
425.77690642951,1995.413224871896
365.649404153061,2025.490229943456
494.25196958097877,2386.1756148433087
395.698277556323,2513.4073868516375
350.85092096559316,2664.684892253734
451.66883478777305,1991.1329516250266
528.9631554115173,1896.8245382576472
497.34427148605283,2697.3129896546097
504.34133264312953,2109.9126714515196
539.5393244014787,2558.2514986557026
487.69678010177887,3263.843978295119
385.62624285557627,3164.0369267616093
380.5435469990479,2512.7677593206586
487.76151649933155,2163.432456516608
492.01358387628403,4491.287174056754
575.407268936732,2484.552990639843
431.7663383108721,3720.566707279214
625.2913787499295,3114.776844316207
777.3115102774153,2801.488616800542
541.6732655899635,3794.0749688093542
717.0094047773241,3686.08840191272
712.0757256799079,3525.0286419999284
493.0493156506053,2358.864521488475
517.2469173662778,2069.2623212012677
648.5265695785687,2517.5453471880564
461.2511725105429,2225.6937671288697
889.2532066669842,3909.797864357271
510.1805877852978,3202.7729687147753
601.187282935635,2694.498312135186
616.6260316776682,3089.047656901812
703.664847346743,4258.351474465876
836.0820195710257,2616.33129829136
702.3080918486568,2193.940420905127
658.2640292950975,2390.5185724021203
717.0417542010214,2441.707405773184
457.82461159585506,2575.6525142265778
427.78726369209596,2681.7005570109
657.3205638195418,3327.6599269796916
456.7057593688352,2535.558469526783
612.6583130496906,3046.386894678064
647.025127840372,2631.002218272712
414.9064499206841,2265.859248780897
475.99159093087104,2338.854735999591
530.3892047963851,2155.0147658975707
467.8619036955009,3396.1122205300535
497.24791534068635,2711.2455422750495
461.69007982236377,2022.799873814867
569.2316968614466,2171.1003128867787
438.1041199327892,2011.8378119021886
429.25589101787455,1910.1414022992585
524.3565041202514,2146.825794548611
484.88463195695675,2222.3024813118336
535.7899886003414,2349.6764223101427
640.9456058455763,2396.240361222726
490.22677936682146,2349.4618608667033
478.1344686372073,3828.863590355111
373.2287634715553,2039.346517000571
320.620570068847,1715.8013640041077
432.3300882333099,2137.918483665746
397.5671707251371,2335.839024839476
357.1297738139429,2630.058880603509
311.57528780319046,2689.5728024053114
328.20743535979415,1889.4038530472722
419.07693215699953,2000.6470076037233
387.20133384951373,2116.714491127575
326.3796461008918,1815.6243455786719
443.48945155963185,2434.532590770795
467.57393933521206,2595.5871997807594
620.15574288513,1911.6100830402345
431.03458284483213,2176.8058283642104
382.8311167380949,2246.882630138617
529.4762520775965,4221.713668593918
506.1760609236129,3295.514246115475
485.06079518853414,3545.179992316965
613.8399251304074,3040.8040334983934
585.0025629590348,3239.2635077226623
511.0389618856525,3384.7642646292798
623.0171275010941,1975.700958909961
513.0331410821591,3393.810129693261
746.8323842907578,2308.5976677977765
672.0572943397658,2375.113342603298
799.3947674003164,2192.2690331785125
821.4938773978669,2221.913301652887
1013.8476563762233,2764.3371507057027
969.5226162630673,3333.302941316526
822.3306085460443,2712.6039017341745
885.8891817680316,2583.783698935619
741.5090321280755,2198.3432505059945
1186.2273410660628,3446.7223555620085
750.7343123577289,2092.557465653486
925.4428543564,2484.6172227253514
894.6703625258945,2389.5883086477766
740.9347190536431,2234.6157563270694
693.226054768887,2010.8842271549734
981.2070386830878,2467.8270808734596
708.192636490177,2563.2521095643933
836.5668377904993,2781.2171929447077
760.3360821706722,2711.95240077871
953.5744932549801,2779.3255234407366
754.0555663827638,2276.3383434033244
616.1532247263204,2167.1699385411457
790.182587232642,2161.7244901544864
765.472858444557,2352.72055413458
824.7212031945095,2487.6013610035598
686.1648664643566,2395.9724957252142
790.0643010161039,2304.9338519652997
878.8447433970616,2574.6469954536688
684.1798581207222,2280.8784019097393
932.0864523748887,2485.710372981138
610.7220356692746,2180.007852205197
785.7670726215977,2500.033882723061
531.0806394130313,2071.0771377976853
449.7732497421044,2720.098011286976
472.994907868677,2561.682888564676
487.66327124569773,2562.0644546089306
731.6419845570146,4121.779416030955
616.7475667175563,3678.5554411627522
430.2865127354261,3633.8990609183306
1012.6312774798541,2517.1934684295134
628.7495701277098,2515.1591912513036
510.7640002869535,2078.0756475764365
573.8637412716272,2038.576057432912
532.144426524656,2044.7789809957394
704.4963888037475,2686.1386108669026
659.5125706769034,2994.3222655115414
669.3616593470916,2803.353929009929
610.7576239498504,2838.906583480937
552.6220979130303,2622.9147294704126
652.1164639483175,2736.7121172343536
837.4815989108815,2198.2412152864035
544.019658600594,2007.1996546582798
584.2814878919477,2107.576262492943
431.2471647416676,1894.4075328139593
554.1559240668906,2387.8527634229313
624.5214957096528,2268.0668892266426
560.2255432727078,1840.2893908437202
583.6560194576399,3041.5180357929044
456.66752868945235,3063.907082467586
421.2976780929422,2396.1885175863963
436.8100768478642,2580.2434628670853
467.2520790793632,2536.8467708764506
416.1079259569835,2516.257543024688
375.8218297686249,1846.3748185053394
413.4482863534351,1833.168254586102
458.72506539626653,1712.091366810967
649.0131559804862,3413.9179176083876
530.9765869979266,2441.5620818856396
517.0938784542992,2682.0994281546323
516.0600268868997,2525.0785620937977
641.9528173328197,2901.1690130384955
577.9845040714357,5327.584098882178
595.9917165404423,2970.4569142682085
691.6604974243958,2504.3323983740843
546.555123276283,4973.83813508916
594.986115566023,4743.785095710319
539.7366169441538,4377.66490005097
498.5937819983786,4017.8637133541592
695.5946257943891,2266.1928953862393
701.6846790246445,2476.154160191076
686.8364848994952,4863.44906477094
651.5794442638773,4571.507693448984
731.102268622559,2353.8523637859057
625.8217205888258,3927.970988684271
612.4480727333308,4498.1778198321
644.7729574379462,2257.781399024543
586.6094139320395,4551.927787134155
346.22419762505626,2412.7743138054266
463.52818970689344,2076.0832730846023
601.2208564947348,2878.804894527823
646.1163163563008,2695.7070803276374
583.2801263547179,2839.3876137907596
629.9289680870108,2662.634895816369
532.9644481881066,4526.369005537429
501.33870161089663,3404.190722473744
493.19992937133003,3508.2746495683004
629.8565618522013,3281.9518116107092
669.3895707268473,3224.1218267261897
588.8198946534465,3402.0082547304423
598.3457590229114,4154.49006804527
493.01482148032073,2311.144134602283
602.5560736923079,3493.492182104935
530.2951900901113,3713.4208552175296
424.1217872480498,2238.38575689136
442.9676472478394,2200.1836696556097
424.6534802539032,2205.068726360564
409.3895614429781,2618.8159423157263
545.1816269790372,3137.9457702612185
654.3497125380741,3238.4134709933196
573.6880602045333,1984.6625604167036
716.1678952150742,2262.8652759435363
708.3328296425723,2486.414052756276
517.0217107568665,3248.6621514338212
511.5018685277862,2981.198874249338
552.8042519033162,2794.7576313345667
599.5265685777565,2446.952243533855
520.4025709051514,2649.1630535832296
580.794065771495,2585.0536904156716
646.8564845765783,2005.4294784269914
466.82253820511943,2930.8691602337935
460.0576453566925,2657.8543445770333
413.6420710440672,2330.7501595068024
609.3996913416062,1810.0084447810752
548.8633973428472,3563.784995937419
570.9750610370528,3102.1590477503205
582.5971602879697,2199.2895379834677
508.3968359421856,2196.384497077796
653.3571667303318,3661.5595195074907
961.5151669265399,2596.7648077882795
788.7011604020796,3024.31387798959
497.50069708313947,3315.2347381265504
552.7506191170189,4136.615274779395
569.9283492815003,3313.5441165701545
833.7979810841081,2176.7864347276013
640.221004464165,2253.0827217549563
570.182876929417,3567.3597489093195
639.4095757509907,2209.3254083743927
636.9719585982963,1816.9893980992233
608.6668522870749,2362.427380694704
408.7870321838452,2141.9905827448947
402.57288490506886,2153.1897614222203
394.7422030429409,1865.7972170548321
365.49715462738493,1734.5580868187076
505.6402678787794,1992.3270229430382
452.83753180652553,1959.7631834317083
430.92396446954655,2055.4303478437096
566.8134617798946,2251.042925869812
389.4673527157034,3941.622088900996
565.0635562719552,2342.1122549398738
540.373968893028,2668.3273534414857
641.9630932931354,3693.1758339495564
526.1194246573039,3515.849351330473
569.6330018258788,3667.568730848584
558.4916757910459,3284.184460895377
603.8368461291196,3818.581229668652
405.9551638977102,2002.1770064216887
698.9777513916578,2618.302139930459
476.7593805657474,1993.4954399084115
671.1955935020765,3502.849671599398
482.430409083457,2178.2680476239343
460.4715316834234,2273.083044924826
602.2412861555425,1951.4909179005867
589.893662741281,3337.080470752174
556.2219489110577,3626.827171981237
456.03870779672144,2060.911391961837
478.1703125344238,2307.13875150002
409.88205159916095,1959.0285841526434
538.4496079419457,1978.541159108267
648.9666673543379,2355.5929468722575
799.5444769286077,2498.9841569861555
483.5623241722708,3392.4045189116446
688.4873004189692,2315.6975491055723
476.05295467156753,2125.2744488900444
425.77151645358094,1955.0857520457714
441.3529066115554,4121.842449702528
518.8313069155522,3635.3832107361404
651.9915801363351,3533.563713587218
759.1417156117951,3405.4000865110356
654.6371477703169,3743.7017832995175
633.2120017421934,3738.1498325288767
600.9831528801312,3794.7136970836696
625.6698786793231,5268.936458043359
684.6179199540904,6366.29805069069
641.8996807037943,5917.020166560243
626.3399437378606,5697.986415531282
591.7404557705646,3575.843208188377
719.0582869418728,4655.152513313171
655.1598767379542,4072.57283725901
809.4041464248518,4273.729892669702
562.7014065322375,4358.07636600043
562.849462825928,3863.6016216586504
598.6691766874299,3313.4766588376347
691.0152342162473,2919.216847960669
688.5796494522524,3537.568368149602
462.9527967492585,1849.3361566237218
518.5717089150293,2730.5219738652872
551.2621320730325,1950.6315191943322
424.8292607381604,2338.860543828903
542.7260372454165,2414.7623015364247
449.63631225848786,2052.5382070756987
684.1549593637353,2218.4558296607975
466.827731322862,1870.411585831238
605.5203290985804,3970.2990582411558
497.4364661492806,3090.8867825242737
382.8522836351497,1953.5164115111643
574.0053431800602,2636.313611775456
642.97097533875,3046.7249600190985
413.43419749613105,3026.4333962095434
367.13624531204204,2405.9145220430555
565.0968658608159,3636.640638439516
621.6164551661027,2625.7676931376777
733.4059127619146,2882.270477092745
747.1159608378138,2435.24109346117
615.3611288083906,2601.6289376605355
664.3108441738614,2541.505734639572
543.738213514186,2538.7727746623996
390.1624970473967,2092.890951074006
531.2375853242422,3172.8766247695107
654.6750942416448,2813.198035606301
537.2093986577646,2993.5459152814747
470.49972257644123,2464.2318728709965
439.1908005426974,2367.495878530323
458.75504192313997,2424.748575218904
548.4836789655823,2999.976237718559
476.1275786794234,1617.364507748287
437.6484995332016,2344.5286991326416
473.7723786657878,3587.9114028996446
459.2171693740722,3542.9734817318813
533.419656035452,3012.168175404032
475.27734993937247,3369.0478321891464
463.8791949993985,3065.1525855561636
463.19767667921917,2184.728343784982
373.38744556790306,2787.905020222216
524.4213236357892,2663.5182063865286
381.69020263063544,2257.1880364564454
433.6301420576318,2503.2171112247784
421.2241165002935,1951.3650727562374
517.1314204054336,2241.7823890630693
683.232531925386,2592.3679511890814
614.5922363966628,2516.029675676546
473.8557986356193,3182.625525679413
455.21391520489107,1967.1104658742306
369.05200865915555,1853.2451810529813
784.1464165718413,3883.0655219296455
507.94363622695664,2731.1909388865643
479.9176799237813,3386.3232448347635
442.2873366824708,2644.447955888267
426.4418488011213,2945.7471422086332
382.91211891887895,1840.1927380041548
488.1602080310595,3213.5378534820343
409.7506872674803,1877.3791706580466
489.8078407761401,3209.6314680086366
536.6818471095779,3162.1454316728277
435.71765270421685,1689.681709395244
500.10204175325345,2628.095981323593
600.8941975795998,2329.5935427950617
490.85581975408826,2249.4417649855154
568.4540976636019,2346.1628604550992
435.93375640000744,1826.0441520233596
430.3903011984187,1655.9890718759993
543.4392439410929,2419.6658431529486
537.667865565778,2596.1301526548605
650.2800520242323,2522.9757899622
527.6732273803141,2279.786336937072
730.8756271064599,2579.862586373014
520.7006793127664,3730.8081784045007
502.05685016323525,2873.122264535358
508.67161863533073,2857.231999332263
480.5982265339216,2313.5314973720774
564.2866825586693,2379.1239565547116
562.9579104896104,1803.2048633629881
590.9539841208461,2045.6204004148249
550.5786223185191,2074.6321957334117
508.041312723773,2489.727305508721
583.3316163258849,3417.809443937662
577.8591434782043,4796.687788390574
634.6620492423442,4348.2479571308895
607.6742515029388,5094.512577177354
541.8532733330943,5107.03469135355
468.56750907732754,4144.638507513128
549.0890555239613,4911.691678132236
804.7543786886272,4764.036989379459
399.2175395559049,2274.8227400272003
392.9543007842517,1764.8050181150643
631.6241529360129,2771.1873298871174
629.633534305549,2044.2480302236263
551.2722979294282,3625.9552417234095
382.4235485434282,2218.5436040979653
463.0005370983834,2373.9968706320537
565.9358345242149,2518.608070982616
376.6537716479897,2273.3681507398733
417.2904343341428,2235.6914602752963
512.3739114450219,1935.64229893135
448.99483827618633,2281.3325272859306
421.56183162466743,2060.6225618456665
409.2852852598414,2260.518526332766
486.5249375652372,1885.986647684111
463.0753063753822,1628.1592197947818
407.93300265648566,2053.841349182359
444.19013749760995,2531.9334563369966
514.3473244818204,2096.1957377002154
404.4764932998626,2076.363235919423
497.77593885374625,2118.263745716098
403.7995715982755,1984.7347796221827
469.385249708813,2143.680280864047
568.1020826288287,1985.9757439189623
509.48597246086035,1971.949894638188
401.4598142090844,1888.211925669992
522.3186417914136,2760.9791841753786
590.2533102526207,2806.1078926408672
732.0308504879944,2952.7356841276733
582.0063792855211,4124.486658582813
723.3756392278228,3142.659044634271
635.0413249433901,4268.254873323931
633.2395983554161,4701.51154068884
599.2466019706534,4422.885620909108
603.2039596486347,5026.367578024783
584.4395846987568,4327.776927267426
676.3401071964663,3721.791279593598
598.4020872733755,4927.187418135658
1068.5493362588227,4895.389350955621
283.68328738591487,1920.8778929868643
594.6925140080103,3380.9063934357496
444.435750100766,3645.7589087745478
319.81307298419455,2005.1498983295278
415.183563830553,2715.714361916194
478.14336399748424,2629.0728411220502
516.6860558086846,3250.7171001056163
421.92862598679096,3124.4616704148425
489.4921017452365,3190.9543938954057
456.1301781143952,2945.5356027833095
477.945534876806,3035.1095255194064
414.25467265579505,2294.291358719391
406.91480122796304,2185.067174417847
386.033976442452,3702.739499427238
391.9670741653257,2087.3620501616056
340.9202995502294,1589.757461454959
458.74313703013934,2536.6776319200458
398.77256282811794,1958.3560164827002
363.1826869919929,2630.5689069951823
554.6198821765822,4649.243849621575
622.4765275127946,3903.9058418449044
1569.786583011748,3956.053428028401
489.42234769073576,4270.011619078239
441.06741538500336,4207.870862635382
428.35472649473735,2146.0518382481855
566.3758994024953,4280.287483899631
713.8608169441125,2555.1809632888535
625.0701830343085,2489.8467320765376
594.2693432712958,2519.243756410325
528.5918090375914,2366.9767086273578
646.5745939256058,2647.5656999080716
489.20357069422386,2474.253430205683
588.352455378964,4603.75408547404
552.8850167496668,4889.216412084588
603.1139299097492,4014.040867620263
399.9908726764488,2328.963234862611
582.9304153757929,4232.099799704844
743.9590282495093,2189.229284872456
429.9040897634621,2442.970071166915
336.9404648630626,1811.8604513401876
523.5021335894411,2270.2837959812996
501.04826928955686,2086.9893529164037
400.4351337582486,2737.193756750483
483.61177131624623,2374.219894659248
489.4228811556871,1910.9502993820429
592.9025956207927,2278.8476023968906
477.5431179681334,2226.5825768043455
430.8956782752718,3470.7262990601334
419.84465266434603,3483.398939712714
522.0602661525144,3768.160907029795
398.4904498622468,2950.128401390919
502.350245133433,3262.7904998306103
473.0872495536903,3416.9672072922003
476.1214822483123,3680.976670589259
495.0497807897179,3590.6860329492274
434.3685236546764,2598.7818292654583
486.8808704725355,2683.460419912655
464.4127216684214,2363.8169641076365
465.5632504117032,1871.4064688560716
414.9811806286491,2294.350118625635
875.1181869906776,2361.4310441596635
1008.9946389077787,2345.9120791025334
973.0811248368324,2573.597141726075
853.6818066134716,1914.917737132355
754.5537745858609,2303.1009403451353
768.5607671802678,2232.049385955355
557.1298869110426,2045.9255694010715
777.9309100041149,1922.483323814744
810.3439804685183,2161.208838494646
696.3716994597063,2209.2973162000108
753.5942340678004,2956.9704418725973
754.2433299985144,2122.0291391820883
642.1599131631148,3060.908915160195
631.9854273580822,2401.4813790690796
713.9402443789404,2361.387072298626
692.4930043314445,2128.018518302559
638.5549808978908,1984.7729712262994
640.5188062372787,1946.308875176297
588.8728251388221,2251.756993503005
648.9306820187703,2288.419727595639
690.060039120916,2355.2116258325173
714.3923378991958,2132.2679658405154
690.964930819685,2212.776448727194
815.3184526899912,2450.8887554441053
741.2569239180614,2575.343312920065
928.1549997883085,2689.3245946067536
952.8527859311489,2897.0531035016265
1032.267824322854,2506.135803099429
727.6471513703898,2288.4326586536845
857.9903389923879,2618.697452789525
703.8003354479013,2867.843235323361
773.8470326125776,2583.347792747841
828.5628487458746,2483.315364253308
564.5646735803532,3007.5072183108
539.6056355726384,2599.9573671654357
510.8716587810097,1825.44542723517
565.7483314269329,2319.6592087346703
551.7643860303122,2389.035653888152
468.6868147201997,1923.057286722579
514.1556318918591,1804.709879158911
414.4603546858364,2631.9970833563143
409.7384981474187,2719.4484652093433
498.2552248501415,2746.484078794971
583.4627616310867,2255.194539211397
725.8823586982841,1872.8449715841855
375.96709948041973,1694.409890769883
558.1365389970849,2570.313866354068
456.9709523040081,1925.5345843167936
379.22180038350325,1642.0881598065655
428.78362700748676,1830.871353095048
422.9586640671025,2307.8512362409565
705.4921210948891,1878.8123320001444
738.2300268186827,2889.498285858666
1211.746858480153,2168.798638934694
1128.7946058615232,2446.050339574224
762.4926459583675,2105.7446913889926
424.67501025041526,2357.38774013804
374.37498420259965,2018.058211354617
513.0633817983102,2630.3733711764708
389.85627967970197,1755.134587216565
533.6296005932403,2333.497610618432
454.111037603853,3806.241592873884
362.8067730798168,2452.61853506683
444.1584305360618,5119.775289977788
809.855476364808,3070.035400231305
651.8900641900065,2683.633377723996
374.7042041219017,1721.1329186233158
339.62404715703474,1749.383898997913
439.1417931790235,3373.389154722881
367.9526450407325,2335.341152668178
677.3752787613154,3303.7687777465385
733.4132252531472,3237.101202328669
409.2895760051062,2292.263647487279
515.2110310602869,2738.9117788874164
668.5542149451898,2743.3659024369235
634.8864086690679,3393.5728456560028
610.1892744696895,3084.510529731088
501.88060078749345,3169.9876848588883
616.8322822618995,3604.258746593892
790.6718882950861,2205.0385000448928
579.2600332155287,1970.7331871417457
527.8935021368733,1997.0057770966064
442.00872137560964,1764.8433072964986
416.96066268716555,2031.3398587463198
529.6787494274082,1982.687811485548
670.6865278424358,2046.117394347662
618.1209314274641,2494.3581622064303
588.2061954608354,2710.680979973696
649.5812750331496,2288.799668030121
681.3659974944467,2083.5063233727415
611.305256249728,2269.1845847412897
598.5071598208342,2202.5514513560383
884.228369819987,2845.9450981568984
414.43611060978725,3023.6360469559995
591.2856319058676,2238.297401584859
680.9183026071602,3580.010594411512
617.483189142087,2586.054535681402
542.1869615388867,2199.4665134397974
491.022729611107,2403.48655336243
561.2237588757405,2120.896885687817
552.6180879419018,2393.8533506905223
641.8930105001259,2759.6886326567583
476.3927096100515,2279.208143959596
441.96656440533746,2221.887369992012
433.66061657862156,1959.0221256897528
451.7985737457125,2302.7505127705817
666.3106499365496,3310.880318185257
573.6545296704055,2290.982391420319
430.74166728219546,1808.9671680972965
441.94894820880364,2033.8500477042753
588.1029086624363,1882.6906169809158
535.0658432891572,2114.1923616264176
557.5701805590714,2136.778548888876
469.16000861138286,2650.0656171372375
578.23599316815,2741.167505771485
444.5140886047668,2262.6650175146037
410.269991635005,1791.3807748253691
448.1524121949684,2137.047806111565
528.0603532093774,2265.916789532641
573.8083198334022,4364.466267506776
483.7548979018238,1918.049685197617
562.7743656282892,2618.6292622576766
421.3464368492005,2281.4956919223414
714.3611156986934,3111.4426217851797
770.1287364037139,3526.9413501807385
590.888630891626,3640.355471770096
739.6432406298729,2989.0070009184906
389.22453423066537,2122.750660258223
590.7683861249507,2563.06376301671
450.1754647015219,3064.4855644862396
337.2846118602009,1695.5508263442707
619.1147320242995,2376.822829707366
645.6356806491161,2442.840068068797
705.4280438839089,2259.5706166929663
552.3772333427146,3001.893553700956
519.3300689135182,2749.2111417285532
432.3380737400826,2622.543519513961
577.0866834975305,4232.496813704218
397.36707354560394,2035.1262797230884
435.7243796704408,1904.797741583583
451.6429320581756,3405.8825778716064
457.2777882345957,2059.7411525389903
481.2486975891097,1737.5677132000094
506.200107528382,2215.7420879638344
476.8572786499344,2015.4588696015855
531.9131384243007,2033.9696572876946
587.8458332036098,2700.674075697608
491.0085852175903,2844.9075523773895
414.26750005259703,2110.8530171023867
444.55822760056265,2116.79246488961
491.4663962516536,2083.070981099177
545.8779688759777,1962.8268060109858
438.58266435760504,1864.7930917211822
604.2133364906093,3289.907271181145
583.2818354841046,3213.4826169910407
556.2979831008215,3054.894808339077
541.5404648350988,2864.1918163905734
384.87079564127816,1969.6919143688992
498.7845041676325,2606.3240091964085
569.1447062713282,3780.221051836835
609.8361233183065,3265.4589182726827
605.0948009826914,2859.188438134776
644.665937108698,3102.717528874778
627.426953273002,2943.653290361464
557.4175177673559,3154.026829867924
727.7553798968083,2513.420753774115
526.042213036035,3110.0991612051653
532.6157663325065,2335.195202986595
512.7257654697921,1780.7023106277582
539.9317140053906,2610.2949459584875
544.5225419147746,2690.320386762256
367.43078293446985,1939.5113335765082
541.9313187722406,2487.7712894298816
552.7025606971926,2071.7773655780925
1109.6705490581535,2381.562259897827
820.6805584470362,2252.63391578374
915.4810584216721,2564.7447256065097
882.5867599516499,2341.584054348003
618.7378273529902,2007.9370468589968
861.34726671472,2231.788127484785
679.947552141519,1988.0411027012517
746.502928179379,2509.213800931049
780.7770091422717,2338.1760010079197
657.9626160893814,2304.071418623407
804.155553358972,2701.424162920121
703.4595840093252,2113.223834032047
595.9636577937088,2551.5627100374154
1044.33532394318,3393.724607108658
541.0419737584594,2662.2782054322925
765.2064973688298,2758.8837508181996
882.8257333914432,2524.9356855642354
2592.473385929332,4544.368130950015
768.5957507122132,2882.8730305006525
788.0671847988101,3045.194579097691
748.4406235872759,2596.3286317271386
580.2894557527849,2536.280000239282
639.4073756989382,2433.7332589246307
486.60583406105417,2823.2937941725254
528.6394702261084,2810.1970385529175
654.6471499807702,2610.566190918917
724.2811186717886,2989.4525292417716
707.5369514790374,2693.382892482616
633.8006917067669,2528.8733123474303
800.9592913058667,2758.461108877113
653.525929960372,2875.099314397631
706.2386019125715,3530.4941351812636
800.2467293537784,2456.2817182239655
458.308421247502,2206.0615936383024
638.269594664754,1928.2722960858023
650.432080482399,2241.9234075849663
760.3260201351583,2122.268432074562
335.6921560182418,2179.011014004932
752.0251529736929,2785.1948815589103
862.0408025703695,2765.312761708354
552.3090088316139,2722.5295903478896
439.2719761892982,2114.4203750054075
523.6782533135989,2056.8595300460843
544.0966171308743,2672.542848141079
529.2856856203985,2268.9538298679995
574.6382497033285,2981.907881884177
507.710546924847,1993.9679510892556
486.01310968777284,2742.0731049263213
513.364745298041,2903.3726521620347
563.948208938483,2668.232358268425
517.7033838811841,3201.592647717939
717.5739982956579,2266.1191309445817
651.8902709440554,2344.499777267867
672.5330562578979,2548.853591835338
607.6343795255249,2418.8432499445657
524.8528065676137,2129.3747130196684
483.53310918922404,1853.9944898821163
477.4795006719028,1667.6435652164112
534.9423758355308,3083.5861298600084
560.243756074997,2601.9441419177297
619.648281975622,2283.951012233425
419.8704008456858,1768.673701955083
460.11452204865316,2045.4680648225612
446.11371848735735,2093.15193832621
549.128288771174,2964.9181369877733
559.4337316718174,2888.820187539343
594.6328868675794,3300.218413480093
599.0587052836369,2778.3016526217816
483.0428542459557,1928.2244256588883
1356.0420676787624,3808.429543364281
660.8657708464152,2694.9272685085516
693.1377845261247,3110.261475963266
644.7650281659861,2707.6355349791534
670.7714870012414,1929.2313395637027
613.7319387383384,2642.3991653692374
788.1111594028014,2719.902277385148
561.6879743434857,1941.823775298577
608.6636816463472,1942.535398364953
597.524899105868,1942.810825967584
661.8265765836458,2105.6426435661283
606.910639739788,2033.3496121013973
661.2141988468799,2082.3585666964536
500.42950832831394,2043.5940507508458
461.53861023285816,2700.8267675939264
877.8921185093902,2420.2818611170214
357.654924356505,1770.2690096025874
340.76009260525007,1686.4512423114352
361.2273649271216,1764.3405641817305
594.8149271559814,2581.4598991004177
447.6398328885935,2512.1496964034545
463.280095210418,3050.3381343358424
415.08451721804533,3579.559635080117
379.1921601324289,1777.5897180359063
496.7013002188733,3018.531175372875
633.6972318480762,2226.5380312106995
392.01045648874555,1931.1493869066912
474.38585371598026,2988.9266737986704
482.66430531191935,2183.5397746158383
539.9887606478278,2214.355154559388
428.0008218054114,1798.78865170854
416.37629587992615,3893.679850705284
460.9594177214956,2639.057606045796
598.537333783891,2949.740857588035
456.23306291281864,1843.4548292961508
379.97276762969125,2098.0868668525654
494.6044814595389,2521.660727591704
359.941220947433,2010.863400994919
643.011264663607,2734.9569156498305
687.4384070500124,2950.381288216741
442.7735937924063,3418.694209422865
390.5671563212261,3700.8020933197713
360.22880648939963,2653.5174528727734
419.78895789984875,2542.9449432792917
525.7990436610739,2967.7009385473443
332.9216809499394,1817.7450085337227
543.6366878570265,3096.192149149179
442.1742091230549,3220.0263955708624
1387.768409491286,3793.900228731121
849.1601765162442,3573.5466510969595
704.154928517598,3452.6549935251314
737.4486351361458,3615.596972147375
340.42021153311936,1871.246241297487
539.0441664074389,3632.4645314404634
348.42287733603956,1848.9876715266264
353.12481958587966,1780.6495038611706
378.8953102108234,1677.8966389099428
499.3425592704225,2850.1487295047873
553.6127630645028,3418.9071582357406
761.9145143261045,2133.302873642278
697.6329516399926,2181.7226043160335
746.1068358096733,2585.235638034599
579.8546624102052,2730.367101588177
845.2754641843003,3159.180923058627
697.4095236037492,6099.0812172924225
818.1331062508951,6018.222974913419
618.7711768387305,5172.443513377048
618.0499486642129,5248.93907323177
712.7089145782783,4276.9197146245915
324.2411456526378,1881.7037828906514
364.4492295379855,1680.8986781382791
400.840827174825,2253.035951886248
374.66168572520087,1832.3527196979583
385.62366266627276,1783.5076958513455
466.8789983394875,2632.977735834392
332.5143199313388,1950.7397523141697
464.57903579397106,4059.2304925168964
358.1894020024809,1780.6564236592958
520.3116855245609,3121.7036227635854
476.94947598449863,2423.692413200523
406.8713228944661,1866.0557769097938
502.74443256517816,2510.0108210020867
629.6876836271892,2510.903463728913
589.9455688380267,2443.807641706234
567.6143504685128,2587.301939117541
580.2712950391233,2279.0714869121057
604.4556552844386,2357.3059732794095
584.6132840470035,2656.0659814487212
629.3618155711501,3013.1530658579177
584.2438126641683,2521.9530520116336
497.2170410657762,2359.9312159976917
713.0973151803282,2281.5728989386803
591.8488873708882,2167.4964701073177
495.54318120994805,2393.380022146029
471.53307534782664,4271.906285648656
481.26502258962705,2787.2485388346568
505.77145873744155,2487.565103938122
467.79184194466893,2539.6899917608857
478.682623917261,3742.071095707582
411.5099404321894,2172.7492629130907
542.6477043057749,2191.7970830710537
423.7920142526983,2438.7186459447025
382.32977687273217,2238.01789530046
479.84098806930535,2325.6776612629583
377.52532831820446,1690.9365032357787
403.3395768667199,2130.7512384782895
403.6854123133517,2026.3010949218221
549.1677516676048,2291.0228527243994
683.8047569856948,2498.633274043437
537.1166934616308,2047.048690047581
551.0830858380723,3492.5284211728194
765.4877404808719,4909.0749051124185
622.5182215310983,3967.8523970377637
554.2373375947637,3198.140057809214
596.3397443718059,3568.7463865454342
761.8232725036094,4107.0235522278745
568.5293274869705,3213.6379545507884
657.2082032014089,3991.949681910219
627.8897520098637,3400.70525003038
552.5903077286366,3830.183173746954
517.0085349336447,4043.9474880190087
631.5423505672142,3837.9480126947283
595.0995080988959,2714.309791664413
384.7229017802605,1877.0212898531774
406.88225090876557,3069.2193423055714
404.8915218844556,3183.878417645628
330.35347062758217,1729.1013505214426
454.4741170458821,2701.8550952802575
538.5470730693339,2270.108116323054
444.75678867371755,2977.318588785493
476.90999751458094,2259.406495363043
531.3953449792026,3163.372625271103
794.1954763968278,2501.74112322587
544.4110367721729,2248.4966290740017
505.6266192801862,1720.3955216706306
381.643334438997,2569.716376778129
389.0668716223309,2091.484747494079
470.7755595502459,1674.8421413392966
611.1196048539792,2389.2445877638074
543.4619453204458,1868.8683491067825
487.27742136524677,3737.638762502169
455.690367601542,2352.697466407939
550.6226492229116,3616.8352716992335
832.9782814030542,4623.922580838063
601.659155958539,3354.945159621529
542.9381228371419,2918.59378809873
507.24095745162305,1881.5680799083711
444.1193607047965,2586.739399027013
413.15719821654886,1818.5074549869055
433.2930638170648,1999.9518575616025
454.658226748329,2065.448399049099
502.6006196767624,1901.5135938863277
457.93990069643246,2885.508352570928
476.4966958585966,2436.2723496989775
504.68610147465387,2396.023115996251
493.7974167943674,2059.298683145258
945.0912466692306,3062.4673268197703
457.59247029191044,2066.8289809997627
547.049171647768,2149.382493096034
412.23175495425136,1834.2629717980954
427.25065365461154,1715.9902558829688
583.6185938471731,1935.7927172948628
460.9288869620951,2509.2745746496735
570.4873100722907,3430.1626320433097
396.460033802094,2011.0784573064993
542.8634404233312,4440.266066758981
637.7053218343538,4324.96928797955
437.82353579367987,2495.012027243534
768.3502506518919,2623.191828411549
752.9053819720666,2616.27278863991
528.7953042580774,2813.836634864012
413.18507854524427,3128.402594996373
549.4610905921211,4138.514093837273
364.3524068746634,2260.816142945905
592.4369985810873,3120.9659731845
560.8471466799434,2897.2728823151374
540.069197297697,2181.465032942201
511.3907601518398,2645.273994839922
558.2787742639412,2512.825392076802
380.76388462419277,2373.404281141185
498.3951656445131,2826.444337043347
429.18772936172735,2291.7614181773433
422.4822420564883,2131.3236561646436
514.9846624735021,2054.486116033655
503.03937962513004,2480.1340544081063
661.5351671445433,2858.553318545499
604.3261115627239,2562.5063338529844
458.61129179668455,2203.1798235200927
384.19793447943704,2973.7061845345356
555.3140960863963,2384.975400205584
447.3621052942713,3119.35775165804
488.05444869085846,2589.0523897523403
589.94483252262,2880.8483985119865
663.5632831949771,2850.0241116696557
622.899981662122,3369.498969641947
529.150466558063,3064.9385817359243
681.6562236660394,3212.595857782802
762.5736182116965,2778.7049515138397
673.3275972790324,3119.349475042174
403.262346939367,2532.940853403428
424.29329039454694,2662.493326949945
361.3936939546344,1879.240450671511
330.06483163360315,1724.9615765336748
446.96057319265486,2223.579346114467
419.9582211709906,1793.8664126235146
706.6426763807781,2556.1507534811058
690.906266484904,2609.857185813415
498.73742000158916,3206.0464369300125
786.7650402597475,2279.3454407743634
460.38846926706896,2170.2754182265635
409.3830105593361,2272.8848960497266
409.42293478294266,2454.5283883249167
521.0561264483879,2202.206645525163
352.054389028354,1873.8535120762576
427.3582755394564,2163.2970124577064
535.2174431666872,2385.3360876842435
670.6551721163424,2124.020180474969
599.8665928500386,1932.730444718663
552.2786073671896,2097.8521729209274
493.8321766025337,2406.2775357538826
668.8650239611283,2258.894927979316
593.1018193693959,4332.5651509402305
651.5111140562917,2789.6115074246254
531.8720259883916,2106.7179160770393
451.7397335596796,1660.9152412959172
340.44598580791546,1915.2200591345152
452.2656847216479,1833.1452863018635
400.52259714844894,2174.6546693169475
735.8714026738193,2547.4354485780823
439.1952651985503,2269.486283608742
440.2826906769081,2610.212954561232
517.0820470735292,2371.766144167651
573.9833706873343,2051.460082925669
494.5709544421491,3637.215762189428
450.23754392710634,2758.5696677544993
417.80033634066933,1764.679131709187
434.1414046884714,2587.9571925795312
651.0515591655745,2853.382835278607
562.9300597470797,2190.636510974257
537.557608891339,2769.7213396074667
612.1872852449279,2359.310790105884
487.49939628243754,2463.0480635729664
471.4139314547219,1762.6407937353958
410.539432588752,1748.8385673626203
468.516399759573,2058.280305987033
600.6839568020645,2197.4939812528064
713.1555425253592,2506.738335600218
451.84863887895943,3644.7481595491768
503.199737063698,1837.00306835411
788.117224443917,2878.157577922764
884.290647767281,2787.913306387647
604.5872654216674,2997.5463034277313
593.9183847548575,3700.470960975542
583.6265123361284,3583.7142313834233
493.3183261206251,2833.185151610366
654.9029812796505,2725.99249693079
505.5268829691356,2276.6731297873516
571.9934418229799,2167.2418121189676
455.71502202392725,2406.309093074522
487.9351769279893,3366.8226520464164
601.7730591694988,2249.002386267823
646.5179158669018,3214.017833172492
419.72605361930465,2032.015295986699
431.8644822073841,1736.5656283547562
538.9605839537088,2865.4735208874863
560.3983319225283,2275.138709414896
750.0098475304519,2683.0438869695654
653.2987117735702,2445.1719906449066
763.6587709680373,2466.0889291457074
660.2040523010558,2549.484873561424
899.9422281842168,2407.5477605783362
675.611793422657,2286.7798165556214
682.146264327504,2433.155925972903
633.0017207322396,2250.047219555874
1904.0222567675287,3934.328421651452
649.943170755841,2397.2919378265287
714.5012130526243,2336.7742361123874
724.448531769883,2781.299367791718
663.252136671683,2653.8923075829484
822.2559674505771,2553.033819857725
746.7721674481843,2884.9410250693195
820.6580822663902,2438.5955858004577
655.9862680281359,2417.326641668892
636.8564041892804,2116.364622928938
631.1464558277305,2458.2169218220833
654.0993701624657,2403.4672998661626
451.7230688109013,2521.53853241325
355.90781121844714,2097.8237978850916
469.8207508899608,2418.294507380812
489.93195210259705,2108.0101977925024
496.44128925509955,2102.029620797585
468.09232391570276,1967.0424246474897
493.8428378744811,2412.019887905876
510.4847953989545,2247.9979492388184
350.84352427775514,2013.5212137502908
405.7771512721057,2413.7363645712276
415.99548855740017,1991.2239518678948
343.37271805565916,1683.2137334564698
867.3319986050413,2728.15821677035
533.5848474130678,1738.7902120206388
535.7639895685444,2018.07471408548
571.429891729604,2258.6143324889254
435.7965021687538,2387.371928556232
587.3047590021281,2323.01744766565
590.4768656837758,1937.5289947880824
598.5122849187021,3915.9524058772718
391.6193016518929,3476.9742637525565
391.10578895268657,1983.616697345579
625.9072225538262,3108.336953283758
762.3044698709052,3054.4317466079688
460.9014509535334,2459.352486281853
610.3870347096267,2805.6418445193535
428.5072915353156,2447.092172957495
470.6061942240438,4612.257112712861
400.2807845276339,3001.038852013451
457.5314560365785,2655.039127553098
423.47970788349505,2211.5602319708805
518.8983917461035,2427.7188512035586
445.54534868315346,2210.591237691707
364.529636396554,2022.0709525742777
473.11312527416567,1763.0405137934201
539.5091881942215,2257.665879580298
493.1976052503047,2940.4324541790966
450.1992375720386,1864.1867524699603
635.3110396454339,1955.1858144789917
524.5530998698523,2874.7813528895854
506.9045501387317,2994.509626710345
535.7068123990625,2991.847199366748
430.5279439684075,2194.229439041583
449.32365816607717,2485.2507872810756
458.47598888015006,3636.6778074380873
541.6443178701245,3790.9171335897445
513.639575381641,2203.845357011043
526.1679607088836,3588.825073470407
503.20930975237087,2197.979348739156
409.4001436606725,2947.3275480416237
459.90290232708566,3013.954649841158
507.3777299283984,2533.541364382099
480.13932417035795,2450.9168700439086
786.5671675677214,3121.3021711384636
427.65590725812285,2427.930810169167
453.1633275181498,2049.7398438386394
466.02137736792565,1917.9569559529345
471.492903903612,2086.2343035085146
487.58927021616125,3062.8194673819585
853.8498860734376,2951.956249850847
983.7040767009896,3362.06612602677
811.2943584039853,1807.0760270343187
570.8990544725343,2464.936440899531
469.3952887240545,2458.9356210319675
648.283791508128,2627.839787211913
642.2334205051828,2970.9301644572984
370.0425566868536,2081.2618004105866
635.3769913692968,4228.774177927678
489.73430505543,3552.374826995129
534.9295506728788,3914.8750021521064
611.234659794852,3998.273633286136
699.9149139353556,3073.6397251284316
504.023215049259,4478.7941488672295
529.7956922269411,2204.905856953776
821.7460177780376,2471.282706081993
746.6072872663935,2671.0134737582257
547.7623800227993,2658.558627991018
859.4638051180063,2543.5255875847597
1514.584078913549,4101.999929600831
415.39089094666656,2985.6001477025593
420.3813732347963,2417.833885345359
611.0415695876699,3255.47369226373
726.8568915698012,3876.737178325624
361.54348738456844,2022.352703654896
974.368964504683,2716.6084233156935
736.4778466484361,2969.0414468680137
449.9452115437363,3202.448405108118
530.1718231274432,3183.3199497308033
491.1906466349136,2309.682979368213
453.6414142606409,3342.6695790054087
401.49158323469004,2515.3870624008905
483.1359877578057,2645.9756342464275
596.4015790838955,2435.5946565867944
627.1391759963367,2624.6370732686923
399.7799976033208,1928.6193835506576
512.6085865546249,2176.1143677302894
521.6225351775481,2249.471625629656
419.11342397375734,1824.077082750018
557.538182586294,2317.4724849358386
496.21780433049645,1970.3083831327742
440.1773491671264,4282.526736030922
488.6526360044018,3634.799130374922
437.23231805321154,2878.2981595449064
584.1149820399799,2640.9561523714124
1115.640819268401,3208.475357275285
519.3651453398454,1955.298091321693
518.4516750093823,1911.8669730956606
729.1583073905712,2271.9427345714753
669.3383490144827,2039.8784741522613
575.8601678512505,2640.7763069615453
591.331653414799,2523.6843121344036
614.8255373915679,2894.388146167995
573.7794192539878,2716.298326390333
646.5204110876717,2112.1726563112784
640.6274291838705,1986.166923258144
834.6303354910042,2941.215132068002
671.7958089102962,2812.1911816976235
912.0019538289541,3685.472446989733
745.3931111713151,3291.6920079935453
677.5985283813413,2863.7672504596135
951.0624320494641,3404.37890743855
658.6411726034553,2121.1965033811753
518.1531167632029,2454.3591963544977
460.0213553797429,2984.8175336493
547.3500252584826,2042.833830277896
481.20859096182323,1976.3641398029624
435.07356978886537,1756.8613535104873
520.5860878380386,2057.8380138332604
691.5791351818941,2009.8109063209436
671.9392858635379,2554.1396821084363
746.6746241196638,2775.3737534418465
790.4903051165611,3412.5821701021714
618.9237969843388,1973.114573296022
413.4830252041194,2381.386259070006
594.5426767478219,4686.562482565492
714.3518675639995,4153.10256424366
537.4214835906631,4494.504748013393
539.673533430374,4124.413671852753
558.2757278634053,3534.7775587024153
673.8629941010765,3278.519315808318
742.1196554945237,1948.7996656551254
560.3071271401413,2594.26444010756
428.8521825097451,2685.0457150183474
356.3163429877896,1953.1437100197795
389.9307141872447,2441.907815301902
399.05725219488966,2400.1699606240695
379.3545492441435,1890.6930919446077
329.25638486945894,1818.8045048937943
349.0388582421198,2078.426708904495
344.7375818887883,1698.9410396770447
404.6286459369995,2203.928324222765
399.5327083961162,2011.6326209659546
399.9787596299453,3787.2992938508005
452.53234422604817,2442.5857893819493
378.92392649277394,2019.6898136427267
847.7327720937104,2481.9539021018254
694.7550899571194,2433.9216334568946
667.9245423427093,2045.894185917529
394.4762086550913,1830.846018928117
500.0979333064082,1829.4880492923019
538.5541513691848,1674.0779340290405
527.7965386514603,1965.0350642979802
661.9973696926099,3133.1431855154337
579.9721082772857,2574.657180923293
1593.33653773616,3382.4699607569955
928.7812678679536,3027.8661327197747
1002.950110535039,3230.2108152886735
1148.4519463920692,2696.1662168775138
978.8037500005142,2994.110127125367
1115.4757726202924,3486.4894119388896
395.23194403769673,2272.4820142909816
547.8873158928845,2447.5013212274775
587.5212427732253,1895.2355765400182
565.2005984877369,2067.004125148037
581.1040241919652,2457.1125826158273
518.0734306195583,3520.065570515423
1041.9459457912824,2962.792833588571
1021.1683983185738,3731.939627093105
686.4922643284543,2254.6427289213793
643.8271314739658,2499.3143820172622
622.1524636016385,2116.342216019925
839.4442144423439,2361.8641768949387
674.1668798509825,2511.544431661906
590.9250583626579,3107.6406217922686
447.5501890168107,2666.7180549416903
509.1779550436178,3522.7517234486068
675.440268967172,2353.9305274045973
558.2741247102106,2332.221578022065
521.1562279974645,2990.928398041514
591.142640716697,2933.808602186815
474.4550283630864,1816.6855895207236
501.96269151271383,1717.5743419833861
448.50533709633675,2122.953117983201
487.6024343254702,2926.1639501860495
448.18431019663836,1934.3884949410988
504.6845176077138,2388.190638146338
608.4111424876323,2377.0574057408885
523.1695635133501,2201.1561619842387
608.803416873983,2364.1776536596662
579.6511332770358,2581.9718453016176
660.2490136539517,2356.6314415511033
726.8789121727137,2173.1076771073476
632.4166614519567,2114.291279965213
741.4064726603427,2465.492628973926
646.8004860515103,2147.882940075987
522.382551849873,2476.2003483124913
465.6888401144456,2844.3352550526156
584.1711876099441,2424.9167370142554
524.3758925694385,2407.2023473026757
515.5846775090404,2534.149870786643
507.1938370832406,2018.1308808030542
466.9847183116635,2866.468885461474
578.9333026475248,2080.233149931961
539.5822252273687,2032.9307570706626
727.4525016526807,2235.964849191576
788.495618876938,2563.5189347843852
731.5696905251057,2525.616662036524
539.0649822263957,2212.4930723270036
703.7768006126554,2378.4376813843573
482.32391633103316,2117.454751510721
638.4995151660212,2457.638921304819
618.3275850450733,2878.888957953331
643.0121828140707,2505.9536992722406
518.8454257106374,3304.3909958158592
862.6699909258273,3322.5661208400343
881.6239793323593,2984.6152037047364
468.7110194298419,3401.6257106676985
523.0029803346224,4248.854227115563
609.7364827601601,2709.169691576822
2213.368604738207,4592.2548268210585
564.0354056492052,2459.0322390085003
546.901681194371,1725.6953967812403
516.4787471428228,1925.8768579598466
1075.8460524526677,2832.6247966359615
659.2329976370453,2145.292553925024
379.9677538532376,1903.15433304793
339.3010459717629,1763.2773793114886
354.33680221214433,1917.5934408607573
400.78798342933345,2633.056013361562
367.1333657821715,1918.458973627726
397.03971225101276,2831.7831067658753
468.976466394049,2347.452630838308
837.5846955659802,2561.4040170414573
461.07394369191724,3123.3336422771276
484.92749264674217,3021.6114022520137
460.75233032489007,2907.462343920878
497.8720292404826,4138.6732382527625
436.3712948516681,2949.5198993792797
740.1558235844402,2946.124085577768
483.3310903912982,2287.6842633229694
492.77603740264783,2247.2520554130992
500.92942213147035,3396.561098234443
551.0809709828502,3327.146635873225
420.8156895412654,1915.7861052532685
390.02609843169773,2078.5157490498145
447.4042782047157,2903.807843492999
468.88958129499383,2629.09022098333
639.2777057180363,3063.717702164148
641.6704499198006,2840.3711811265093
548.5402901263199,2178.2069733126045
500.4924648508993,2148.967731898766
523.56689903439,2466.888962872034
492.7319327470702,2062.013607018216
433.09371687510696,2181.2006215061565
535.0027027992894,2486.0704601352804
426.7167420946338,2411.602182791301
448.8586959978987,2155.2557031605197
404.038425026479,2164.147676320109
527.8999448115825,2574.1229327500278
573.472096284546,2649.8452791833506
723.8025344162205,2870.703631308783
517.0192082148859,3801.1527358686144
492.7257055342407,2625.696834874956
432.63952072067457,2377.30006877987
484.09504633227766,1746.909796580953
542.3734996575599,3358.9647798698484
603.1283873996679,2930.11872197489
716.5913626928443,2686.2025312518226
418.12524760741314,1966.639241373532
682.2425663600111,2463.920885615637
473.95471500849237,2340.2893551154725
527.4256029547926,2275.043200350032
726.5823026780671,3585.5372352600725
505.7588634655816,2529.712902771564
694.178507703651,2939.8377788073335
699.9307158444767,3876.3485189101607
652.711974314563,2764.313979793346
576.8674616025829,2818.5634201553257
447.6895462294823,2904.852890045326
573.9173005093153,2851.97149925125
642.6574465782624,2239.835448963638
522.7721861662551,2603.696220666286
470.7631894748602,2929.885025800567
772.7520803136481,2398.9624333253296
822.0895611358254,2422.8932830441972
754.0587565216268,2473.704894828073
1009.788150682471,2738.801039981824
925.1407831879848,2485.9203049381376
426.4046166611742,1839.0790602366567
553.9467370409725,2508.879883828745
760.9735804035518,3622.128851492919
1051.310599418459,2819.1918269822577
415.75982899067105,1949.8560238269906
510.9492128306781,2398.0849028680536
531.6604098504093,3261.0820820240733
546.3960972122106,2476.357377088405
537.3496601573752,2378.4502390242715
493.14805188350937,2367.8798290867353
816.7188840506067,2441.542991762268
615.175395508883,2380.7438532820497
577.3794404511241,2297.365101748686
770.7957847167776,2169.928840790917
706.4960709494463,2215.3733004415776
610.8929864417389,2463.4607186614935
848.1906899818842,2259.9203107756716
517.7103257336925,2107.399688363022
389.92176265106144,1984.4205829092678
758.8330638849618,3424.4695037066413
608.0723901029535,2122.238901201847
434.43531854610075,2061.095887064658
394.02537566750294,2420.44833124822
444.3874703563256,2906.3167657192657
373.9226830125637,2169.549148899362
421.48360780494454,2521.6231015949734
333.7627903758236,1860.94891937267
555.2006347608401,2000.8741377211993
372.6980073377888,1954.4770121205272
337.26651442956984,1880.2797181604865
367.31664243474165,2114.837776888935
560.0229396485747,4732.055674829667
511.69304533833485,2711.001958774623
408.99141709991216,2985.3620238279254
391.1199754852831,1962.0573472561066
438.60441901558,2851.730204668145
525.1969061318458,4091.662978802347
752.5850558791125,3982.7291189575913
500.18772785609895,2230.0227996201825
462.13287044016784,2255.383488390434
526.9948493752605,2339.9608994891996
495.0505722527606,2677.2829654643965
665.2168874366711,3073.4506955308993
736.3004995210017,2684.7211237005386
726.4046217455101,2857.1103809892065
820.6645251428118,2520.599240489095
1066.2089688222588,2558.075932565282
725.1799789312287,3176.38906813678
699.6022398095137,2351.239646993678
490.88604257386936,2447.679375865329
679.4667780788404,2543.4222955808973
568.4649309840571,2801.4208976778405
572.4609329202906,2783.0442284102664
693.0606489808067,2256.0925409296306
501.4658569283195,1796.7427330321716
493.6348406193597,2556.5039055470756
621.897559255436,2313.102957209165
722.5516615583059,3085.466816102695
503.37974862494025,2520.5825957556326
458.02107187895814,3557.061134698453
630.4046192397818,3120.032099361072
606.5001105923068,3236.962551520908
564.7174982424643,3734.847767025074
762.9094687444468,3807.7927134154597
579.0841623950771,3408.424109249099
596.5301336401086,2856.183508441687
675.5200481424255,2703.0815206023503
679.9119217119403,2305.5269406557645
575.7315480724051,3247.7602637515183
610.3780335518748,3150.4208040471676
557.6214263405747,2173.7403236735267
486.49095726761504,3286.708756872248
483.8570513401525,2549.416038256668
576.2906510843022,3494.706782987055
439.00328361275217,2498.6644899278094
465.29713751380535,2137.343168309433
566.0926752247885,2401.0673817422585
548.3920296777874,2422.6433634202085
568.5710977425739,2405.163579495722
417.34244614183467,1962.9036306197754
334.53146420897343,2364.304328892459
507.79022355341004,3214.48030195646
483.2542672364783,3182.491228499287
583.7480172592323,3025.577665197195
360.73074014644357,2693.001123379337
414.71102418573236,2523.534394084648
385.9907691185313,1948.2008136665956
498.5653952484942,3470.7629700761186
381.08396050389854,2747.611956693183
337.91027623339966,1861.707841523391
572.8054888722645,3012.0006625207698
770.7614840996326,2719.9654239434094
739.3801803552012,2480.0673743299385
656.0522985717425,2409.1034392390284
497.715648950811,2686.0954141045313
953.8532759771502,2782.5892154344597
910.4288368218215,2971.573117388751
692.4033505559755,3171.0893188725936
571.3026886015472,3464.6291214646135
512.2955919540732,3487.876529710899
484.9023234688085,1918.3637924293628
545.4690736059559,2149.1710452827638
419.148787853674,2147.674065564256
1024.3123821915556,4193.9125861615485
508.0834295220031,4223.921378369092
554.3016552995135,4001.0133309332355
480.71294307844727,3561.9329546135186
679.7242029961872,2516.519808142365
799.1829141861242,2499.7288066938195
478.7801217801912,2165.337874887626
529.6577525108318,2132.8467276399524
637.7906750587556,1982.954383800869
555.5590834033628,2368.828204374855
620.5481823988899,2410.3416824427377
513.1401546133797,2325.3607634420796
627.8035796356603,2578.8811844334336
643.2603511924435,2362.0809237141916
567.539433655969,2682.201848571157
557.8225621834207,2351.803132777158
646.3031127460905,2838.689579431241
458.952000813029,2218.4615212646945
540.0627676498567,1873.1983810350182
495.2971774322258,2833.291045313824
532.8207619560184,2269.4891183405857
570.0855748659435,2259.7189204712445
614.8642236624829,2136.763657531678
574.7181469320753,2254.6060191526813
556.8014572966357,1859.6633120818465
679.6144793903643,1970.9560316066527
369.97663947707446,3333.7923414673937
634.5311326027512,2509.164188822409
515.9213613706295,2006.9992106208242
525.6621874827657,1812.9868306761787
438.60929793747664,2378.1839220767315
513.5242557306583,2317.5976094007906
939.3018547224115,4425.99068231632
664.9425397172422,2442.07740063965
492.71911438083316,2384.911602957207
511.73514878218054,2483.2526697041435
504.77518265738087,2449.13237397192
374.64853186986613,1790.2377971377869
440.6232932138194,1649.7900484987433
543.6258015653349,3533.9484978335454
604.4359869561407,3405.757166586032
604.7129257418429,4082.3143080645978
579.3162504325032,3656.4340231043097
598.9306402107605,3120.2910411145835
480.572400488922,3805.2854262890924
505.76881609707954,4288.782311139887
592.7968889535518,2720.16228773129
529.9539792687916,3758.2869896423804
595.3719531540917,3797.6507876125365
680.4661683900196,2617.773570159298
830.7385974785154,2565.5558365704496
871.3241045546332,2570.1045467914805
544.069742364071,2528.031325694167
641.9155868018042,2506.4150020298607
713.6195527674564,2853.0495925819414
662.4280713697309,3259.5837848166348
558.9862582690054,3081.388379616613
433.20241787435936,2840.545267084217
390.53204629743476,1966.4247645751693
403.56986575200546,2029.4947416528787
572.1782341224375,2864.431428666322
690.8137216858421,2830.3229155343274
555.3272570798299,2582.8624811508685
508.58490155378024,2301.1981081576296
607.6058602732259,2227.376186438668
552.1679156980313,3163.010901731892
488.3202203824374,2633.121449712483
495.40527762809944,2388.3966437100303
628.2183405603164,2515.2587110745494
484.4470068352752,3096.1191039374935
499.75323686130236,3469.888996119758
497.20372632537106,3434.2697299326655
481.2449683988029,2429.7952135115675
475.24207084117165,3915.754683965668
646.7420988897709,3866.8801779178893
660.0506111888135,4037.768330088954
563.9991391607086,3497.8391967061357
649.8102221894194,3846.286892967234
623.6109139986651,3640.0960629456713
499.78301885527645,3515.4163834877677
475.90975275888195,3317.3982632686184
435.4013445403045,2792.574252575682
751.1614046237494,2909.9895542491377
693.589424342468,3271.6061116085375
699.0046736516443,2676.924024875241
599.9038460603846,2112.848015489998
596.7437920516046,2270.6554108939235
411.720341617542,2308.0808671662785
816.7138301139437,2825.6754373966655
787.2380759584174,2526.3802365834044
614.2033792683636,2686.9761665522096
480.0407655128049,3601.246317554828
546.5466556983523,3327.294892098164
569.5980825457048,2257.843086752032
551.1321078096908,2074.9491728028065
555.1104651916376,1937.2166913673273
646.2196755168004,2246.2855344290106
617.0103137637278,2451.7733224252183
500.8860362768868,1911.677294298227
548.1588223838936,2061.4295516357884
611.7910164750929,1896.5599736510221
466.8310447215799,2049.9464669738
530.0680266576444,2000.8045176823591
464.4316999776329,1793.417649145363
529.24271146443,2397.6896019060478
594.0882916074384,1983.078410246035
570.4560714538153,2455.298669139653
449.2659145203175,2415.854585504221
477.20745755907086,2397.5326257771953
469.3626845009449,3061.3542851934358
642.2585463600525,2387.0900826859984
659.8992674208316,2727.1820520694077
592.24181097733,2390.1830643572403
630.1848660528419,2368.685222274273
434.4832693246254,3002.528930503178
531.7758996359311,2494.976709096282
482.0760766374011,2325.628079951759
502.41837185839836,2707.724332824534
389.76391106192233,3471.274395737122
468.87580494606584,2628.36123927819
445.92399613776024,3460.8089051967086
726.5597848371265,2494.8831645715804
665.6289807728361,2400.606309979014
431.159034421482,2597.980596442932
683.9297405199887,2549.8023689070847
562.6998302067417,2701.0042949234885
524.1362835106887,2091.0667781318166
491.3480286828636,2500.1089293895097
467.26502395795296,2449.1756908632224
652.4696068129028,2675.0254688055184
434.49092402181554,2654.7065023838804
584.1113980075323,2315.337236069331
561.4910522493294,2623.5664003516304
908.1546910474488,2810.4076895935427
677.1248173274533,3263.6314311331494
694.9883228236502,3163.544367734056
497.78443469194383,2519.523651795539
395.97147746755337,1956.6720259855067
466.4442114155161,2582.364688941681
723.183657125347,2480.0996959996282
521.873624926739,2032.4223992626505
403.7594004511161,1767.9174886792525
411.7517476474551,1910.2992728737681
417.12135886629994,1923.0760370261744
441.0703209640117,1808.713634650934
550.9354167506679,2354.8781238943116
408.17212297796516,2476.7506120475396
469.7440434872,2562.308930367176
515.2409120764551,2765.2510851148672
595.0957184812759,3312.034914463652
1050.3487220047825,2809.0207298348478
573.0692521456004,2421.8662666077994
492.35347737672447,2472.8808405543436
500.9537626984253,2198.3873072377123
971.5857528606122,2246.2371312745863
346.1833461376589,1809.3660545538387
439.56760919895197,2351.4782209976665
525.2040754419215,2757.602049825459
466.423256859403,2427.2754117738127
459.2287670205932,2687.3884932245387
468.28494096441824,2612.0699769553466
605.5473437075927,2718.776714953549
539.1061604598424,2796.1208629473604
504.2589177131414,2983.143659689995
542.9370763539911,2815.838401365599
571.3296466374916,2710.796156424682
632.1736808010653,2548.675389949881
709.196277272921,2333.903284257693
666.7615649812017,2748.2364233809053
754.6401373179707,2487.2543812957797
599.9108954062534,2675.859629203867
668.9501063652974,2999.773601130686
607.5796135394783,2810.5546325129767
878.1778614948104,2668.2599258657533
470.3380680033804,2827.725294642391
624.6966349994668,2968.550195343835
590.8725065670933,3214.3805783661696
518.4584634832427,1731.4012468397307
720.5833287118855,3239.269016616551
768.7343998544678,2215.285549195291
715.1569037137838,3339.8114820806577
497.442350339716,1859.0196810112452
511.2376946013421,1826.2055165495872
536.0810860578804,2158.3058894554624
384.3219048370705,1822.2990079539222
1109.3547918861707,3138.0151028796113
659.4366442445688,2747.2354734439655
547.555511070976,2774.770521960438
538.5509867329713,2750.073508739701
381.8580827763754,3342.04892600405
513.8640987784435,2481.161819028154
362.0030473098147,1805.8782123800738
586.2997389414073,2250.0259884196994
457.27795347984977,1673.020689221479
512.9728482876461,1909.1932863005122
714.2277965724084,2321.614837221467
467.79794562266744,2584.9952225666843
541.2548827436852,2631.841954778921
534.2267948046834,3679.693972200139
581.3516343126181,3677.21748890916
428.192963768443,1987.106802456493
434.2238057641544,1931.91246675432
516.7512229573709,1778.4000422251881
493.06934375007177,2440.516216269859
418.9834653983953,1812.071820556056
478.38787664604234,1787.301339548231
563.8968663517686,2481.244035729336
778.3977414679059,2250.594732070352
403.84211340624023,2703.723153715546
474.76975383913674,2915.1173163095204
480.6421927708755,3266.559640448357
522.788921127757,2692.679594887999
460.483816607486,2905.4321392331535
555.0170815626368,1724.9230161345722
438.832132777762,3560.522550745538
599.9767691339274,2654.3200205006506
550.3401725778774,2407.3876379251437
449.613929649896,1865.8278118407948
534.5635782517813,2039.0070800833691
526.9954454151136,1902.6110594032968
455.9236364378659,1935.6939490331954
372.9493136420373,2308.270773805117
398.2835044509923,3520.1627262691372
593.9169989154825,3343.573970800012
414.0860603312456,3337.5336694673515
565.7323287312843,3478.1454972544507
464.35478876822185,4405.440658219189
555.229713614966,4367.826144066832
553.7740901047406,3550.6686734013933
542.605221264895,4023.841843492005
440.7662044742066,4830.176766644202
560.1322479057704,3525.7587840891388
832.3896558157924,1813.244965554311
767.3057449078809,1727.6545877279577
846.1882046436167,2331.913627018485
493.22820839861737,3364.6368595032627
499.1241237338697,4384.562780469078
446.7484938654172,2234.822637242544
442.78146802389693,2037.4489241702117
387.34527784257295,1940.035724122399
518.4414724098084,3728.408589562713
425.15112645571264,2817.1097712614455
533.8285789085911,3679.2651801474926
569.870944560962,3203.606106472087
528.8666623951434,3110.8580715729327
488.8098601036636,2658.7194822537217
623.6160971855574,2563.801846441572
554.3868154244977,2411.2386882300316
463.41116458405213,3635.057800645461
400.5063479962289,1979.1429365556996
411.86070036507874,2471.084993735588
421.31451820704484,2671.669905250345
570.6536774055578,2171.870824170908
466.84673426569725,1994.1129383789164
542.8245641741507,2633.4643692969994
337.8057755781433,1922.3740227778376
434.10224126206305,1964.4639721443887
486.7245752766396,2237.689773452289
419.6522048731887,2717.4608035850497
485.64511582456225,2950.0096262106094
361.1632511868472,2696.316245799861
474.08503797282714,2352.7195210778377
580.840298213019,2273.640896785171
485.7550825636842,3973.3367854857684
1777.0376941273198,5330.124030184575
824.6060247983551,3617.436167011465
511.34441270201233,3562.6639551526505
477.8550278830979,2895.7245658499114
689.7428342574627,3477.3001491821065
584.7231108269103,3151.5652673337077
582.4926155413058,2096.3678636016034
866.8916465675723,2041.0526673495647
904.7923049821953,2118.176586072147
822.5085831574897,2909.531291209988
749.2205522615703,2424.2555655772903
869.9109172537457,2062.1038149274523
924.7440240250361,2875.3145771201407
803.482854622525,1999.7541729655356
821.1217759942211,2307.0911762637625
837.4836408473827,2083.0574132104325
654.7493208028859,3937.201111680799
813.5617296820953,2487.0039882829483
738.2024828795495,4177.102359103692
701.3870987117556,3974.9151605708653
699.034193724954,2523.7831689318828
544.4746372904558,2538.6905405475795
678.8467906155981,2248.129010889167
556.2430629175105,2504.5400358136426
558.0689037134896,2379.7611311323885
609.8161729056947,2193.028322274615
474.27237807824145,2228.890558727993
464.90591242490336,2680.3633216736184
532.1959822252642,2269.5156458864203
631.5238116540713,3428.4781138911053
635.384325623194,3375.8089888057307
591.242476965306,2403.023158955564
687.2444100104716,3982.4288922970186
476.9685432375568,2363.7670218643652
729.6979400141181,3928.5330629630616
628.1078040606459,2394.6720260927214
582.6934747753127,2605.988732955547
597.7287970230141,3641.4320430790553
629.2732557144337,3694.0404706038858
745.0881988908963,3374.328382555504
663.4040336066181,2632.332550805214
591.110907453607,2248.0236693327524
561.9179818477595,2405.841720158881
730.2304676200464,3827.9630718231274
635.875267501223,3633.1632153223813
677.7842823006338,3232.9708180394855
668.1986128606951,2834.889226927827
593.0355276553144,3093.3148276535026
357.56941006109287,2563.952359474592
622.3364636892004,2849.1263865561073
602.1580647686758,2409.3829178293836
612.1283112064789,2337.6782168872783
683.6952179098126,2374.8114815625286
541.6369737815432,2047.2356836793201
505.14916988714106,2143.5940659524745
479.4265669832826,2396.2597231146033
541.1591173221061,2061.2991989970765
464.581215181325,1751.110499064085
408.3142786451721,1967.431754630092
355.1108897818099,1844.1367502922476
598.6691324977623,3053.6534838715047
517.3684605942345,2377.917647916529
660.3375407994643,3723.72646020258
626.9339300423909,2773.384568488222
560.6593628774268,2582.5254355708585
620.8193302430785,2318.9073361899773
471.6267415297746,3234.169255022425
1038.6274251300115,3578.9009220586095
604.8410250976575,2550.829234464746
429.6490060961585,2560.384070168056
518.0145297804019,3390.748226992705
460.21498189195495,2986.5791422091006
419.16124896983496,2229.500576939088
581.2918967207736,2351.411994648027
588.7142830906863,4445.770250253782
549.1744178957991,5456.422644705549
758.9471178277053,7222.728825197592
612.9328102688177,6864.358176104046
606.4932514044756,5962.271811464084
557.1415389776096,6337.681487684456
570.3884674086678,5184.645619281425
549.356237449599,4316.8912179245235
424.5599044214566,4216.496281135503
466.59600236029155,3613.4943100967657
543.4924150031319,3810.234313530778
532.2617553767224,3329.729096713678
555.3133363211539,4244.6139100802675
455.4034895260127,3987.2644033334764
521.4895093822056,4402.094874885133
494.28964996668725,4463.848252109295
585.2027361797917,4634.656164582564
647.7527411778291,6475.3178008859795
456.9707521171431,4700.557858077449
578.5834619832053,4468.231870729548
583.15343885686,3993.8649238514386
633.1689871506243,4430.180638079226
553.2793340510698,4213.9714029154175
504.66404658165266,4364.728945715565
498.84398051268136,4143.642167492717
544.8484812634724,4458.168995360199
616.4587457900699,4036.3361257594556
554.886006523832,5106.595090008802
586.4294995755781,4629.873588007325
786.1497009616144,4705.016397761259
496.42992747519577,4987.12563944998
480.77701827377894,4106.162300334514
599.8348698754049,3856.8919676082755
444.3673500931055,3403.5529124399445
537.4879846547844,4054.0185283881856
524.0189887068709,4554.266043851462
654.3678512441574,4977.9161838162345
470.76558590310583,3566.5191876917434
553.116902998578,4077.391601302736
484.66353394647496,3345.629725430776
433.57862248749535,2855.8704136684564
456.6971942156296,3507.1072706321957
384.6634834862816,2163.643830032734
398.0621571172854,2167.7056751377368
411.3256404443108,2076.192044184972
325.86248461790194,2070.182833572654
495.92565620622145,3586.6317327191978
357.83316727737446,2098.553752218118
518.2610975858381,3279.297610429762
521.7901577353838,3182.5536291462986
387.5834236936418,2131.2483241669643
333.9958718119302,2171.78526702926
383.2619755358636,2192.890526022844
453.23174553330784,2166.8680421605754
426.9612531542993,2238.0118523041697
410.9808354341075,2294.400803040972
421.4651642152041,2067.965761268323
582.1983874110804,4182.439022539514
821.7444295482004,4798.3741638853435
719.1468808914339,4339.53757890164
644.555239772433,5469.6992162427105
726.0073154784952,4550.602706077153
679.5053280958815,5122.371095755253
759.3854305314968,4646.205985418552
785.5887704647778,4938.377675447844
771.5475996014169,5379.942705349895
951.8505693502239,4946.699110272719
746.7170021251459,4214.735728608468
1083.6378812295577,5442.758386358157
658.7973581972481,5194.451242033125
654.9284862680894,2387.1957593631764
506.55861692442613,3581.1374929398635
505.447814079969,2386.3106299786955
473.5552567337883,2205.1574394412346
400.78881092803414,2274.1477526743574
629.7910242328583,2675.4512974253366
1090.6582347373767,2637.1212410292565
805.2602039462845,2688.3537648113443
666.9365705903363,3119.7297211944897
717.8106479344033,3159.3335276537455
829.4828250604676,2638.2190215979285
785.5598766582946,2864.269832994903
727.2705315369553,2787.5283590976774
951.913566479581,2440.400481871246
976.5500199334193,2856.103473879744
902.8781747135355,2704.791274437181
602.055614975599,3221.901122341959
706.227995119182,2998.9904603230198
705.2981218700298,2774.544549080358
926.1068860261831,2682.090858620864
842.7065573251848,2913.3676244842964
1062.3428882275664,2662.487818434812
743.5593343833912,2864.545342001239
755.5027488845571,2899.0236664577933
856.6844137895396,3314.7741662583217
722.0583001895085,3849.241660054568
750.8308874414572,3116.029810320585
711.6842597944865,3243.4971924357455
814.4199381622982,3450.3340274549705
921.5659129233798,3482.618020170999
865.3607138208827,3017.288642410304
765.3778232071908,3117.8782514729646
1150.7060424884992,3074.2328606694596
732.604914626839,3191.368735277617
714.740265709295,2818.431062297879
1054.497457919372,2793.4565972927817
954.3836601985381,3492.747595148079
933.2958626334603,3227.5350137627647
955.5027947296861,2690.6724747884214
895.4026216943384,2862.44600174963
921.2970699722268,2786.2989232332443
813.1355717241146,2764.15709555155
971.843572042694,2702.753806293871
441.93756614580144,2402.945633711552
625.6641381231439,3644.905086488172
746.2234638467897,2531.020690481184
402.02007078099683,2303.751382849423
469.36280296424667,2580.8075281367583
678.864490241768,2251.2706800436854
367.9584373472095,2406.8045562319144
365.52969400704,1843.1987867562152
618.6943830522105,3965.9741050642824
451.1780563557112,2017.526838747871
618.8051767320101,3843.6052950021535
558.5694263140233,3843.2174610186125
633.0838499090174,4313.377540492795
428.8728475784474,2118.8809875031634
362.90408016852007,2803.6429919932125
396.33494462355213,2533.8040445131064
460.9465767031179,2393.508450537145
415.88478252715595,2334.361949927471
392.7821795615908,2818.156583418115
428.1064706214315,2753.1568888691218
432.8190147373398,3210.1535654652735
406.1858714953955,2318.814441049123
511.5490539018514,2386.915370494967
516.9146205508825,2836.5673514986634
668.7334838839655,2337.1701242177887
1354.4623741803491,3523.8837467237777
419.8908557177833,2000.546166991583
580.1649760577191,3244.6428897616083
1075.3703911807413,2455.7361935942463
502.8901307266262,2631.2154553723494
477.2301521643676,2349.917566553099
451.1707095279536,2279.0599061297953
805.9648663112097,2991.9171159140515
633.543534604542,2640.0881849667953
715.1766295405214,2526.1979139481705
697.3906408920791,2928.011204513285
683.6283313395802,2869.4282256313145
567.7434658913902,2907.2274459767646
462.84427234394667,2579.6862396033252
480.1313611244307,2999.6749378195204
453.71806627379715,2730.622349249647
480.45600479440236,2502.7897218742487
437.72145704480255,2372.7206616281596
653.8425735400369,2403.6568954943277
534.7339645512,3271.298607570621
400.83190515307587,2370.924315151247
350.0667300991784,1943.5461538160857
471.96464052100106,1949.5006268182808
515.2756507781635,2010.1351115556447
837.431306495625,2158.867018705623
501.2952755645721,2533.3805299632095
560.4075500609204,1948.267421408265
435.6743097373807,1803.3488564674042
746.4451736602344,3669.0721029552546
592.6340135543188,3383.375803029756
521.8423198092829,3803.4968397541343
696.1527765713649,3249.5953500988658
430.8395082504649,3022.7293002943147
484.32930148506586,2684.407119461187
615.3206754773347,3062.8730620811184
436.8542140582357,2509.3566015724905
467.3045165118766,2521.7951685021494
517.1768929115804,2449.68391597781
582.7992058802296,2012.0354158153968
606.1766898660817,2260.140375818011
525.1029921817368,2285.0109405250637
685.0845352927812,2593.125648868982
683.0445617343412,2315.3695325309786
762.6566626297371,1833.8743756528263
749.4311539825388,1974.5085166361725
598.1711016976855,2263.702424185002
577.4989218292208,1825.848946153031
786.8156863093733,2024.8754794791219
568.1639463651298,2009.939047463825
446.4536154133502,2640.9080466306477
442.5801945935479,2360.3301977705137
535.0685757303631,2427.360357440884
376.301461268756,1923.7153570017995
490.35965577072085,1762.4642313992526
731.8574062821633,2297.0579537694657
454.14502155889744,1955.4399405528795
447.2645920256817,1946.0455164944158
817.6902640508578,3004.515918684391
828.7977957229939,2989.7440666890298
512.2833906518102,1978.558336319525
592.0762574495865,2874.6080521445438
531.7739374631666,3194.18567161021
609.5214463782747,3861.9039780556805
642.4094393000587,3285.6672560396687
657.1626162194465,3445.6976928132553
513.7612067812536,3031.984439453199
652.1252148476428,3881.86203712824
534.2159148256123,2603.5698528080006
667.994444544925,2318.495196005351
467.52984463455545,2381.167073644462
601.5617710784775,2448.276074315401
485.35188389118736,1972.820112880962
484.45320258356446,1951.367563773996
624.9506006319605,2517.6538299617137
515.0481445899412,1941.790225245032
533.4732240710883,1912.8342068580275
607.4971418129992,2275.5462702131713
455.81501023971026,1650.425792675462
456.39472585761456,1912.191065004721
501.2310215210915,2161.4533817883985
434.21408555749485,1857.8207670606432
497.3967791206659,2105.0994897221854
560.024119425971,1847.9131372484476
538.1797842448648,2178.6407281084366
516.3909750246605,2307.552179843336
565.3256781354822,2368.791477202273
574.9843499359519,2862.9382034923456
547.2766601612564,5006.9711129769985
458.6859722720344,4366.952188908237
464.7981594712093,2203.2830684467704
741.3647587092595,3854.5069046121207
509.3642780388204,2772.628777535728
513.3805690825743,2621.29447201312
463.80953892670357,2842.203145034609
469.8021079279422,2272.445505913224
490.4660999653785,1909.635129898194
491.20500369447774,2452.939519151733
485.28466158321993,1905.4265647270097
572.7198219815499,2009.2937459739653
492.9073294443152,2275.2809729905525
577.9314245099135,2255.5908304189484
483.1635709439654,3870.6049923930113
503.78442492021975,2493.8196566173397
442.5929659056563,3832.106973094755
434.658129689045,2432.5544932307716
735.307825241454,2706.7281575972506
604.1537562401505,3015.8892326873683
726.8340344486811,2912.301574331066
491.99871533087423,2560.4419075742635
859.9852167907185,3006.718628699068
763.4598521273795,2854.4222533795514
547.2501032070829,2983.1706744251005
478.33115537089657,2682.5207685780415
549.5667284718437,2974.534892048256
390.8832692917558,2640.7769534382073
431.1190697916719,2351.942156363561
483.9908585639799,2150.8488942157537
531.2782842918866,4401.380454064002
560.9215425567605,3771.67658466536
627.014135287224,2659.8411836148484
539.8222927500497,2671.938262212855
837.3169742775417,3280.645719074268
513.4933973125791,2961.613609757845
439.55595541142,2611.0671393339076
436.68723015462933,2794.58086720309
388.6835303505507,2401.904925080455
439.51110296530817,2994.613385859139
426.3183667627591,2234.1606904160735
573.9495530624549,3046.540760765451
1128.5099831140446,3635.8753108406663
560.5332571458913,2744.2474191471247
464.5258377460989,3023.0159838523346
805.3159765231115,3003.185350741746
622.4637768450681,3161.8734158303428
771.4105333355926,3105.2359552427215
685.490719349945,2797.7176631834336
718.0618908006744,3142.134881348049
565.8755334702053,2784.7794003144036
732.0366375002267,2979.7250818885177
604.1392842032003,2880.1580033064934
772.8683085689112,3094.1167285065253
802.7302896819928,3182.237234890257
741.8042217044851,3218.349340510194
1467.3185002745856,3327.981082185247
711.2042716555978,3000.257333801818
735.9899372681328,2917.912590179036
828.635377337992,3220.7520184446703
411.4299364506706,2110.3279191613437
459.6943448284936,2230.2884377247915
683.2298249768771,2122.2516524703797
553.809382664512,2623.941546665885
588.2368140413525,4006.22570032839
629.3513107608347,4465.0298902385675
761.7267419016664,4340.289770679188
700.8996640125775,4338.661785815291
524.2956754524848,4406.353031769483
523.2004177771954,4432.338532373664
981.2812897250949,4673.595061705299
776.1387433175403,3853.6244508305226
711.0164772578386,4482.566297576867
810.1649190632194,4738.573490566821
732.5210537446387,3751.8202849254526
753.5584400208768,4104.947743714556
624.3283622376199,4216.2186208422345
695.3754232352279,3184.7248765261534
653.7139799872102,3295.7644981450085
443.9795641744845,2211.364712150422
604.0349645097924,2966.828677377739
802.6797989774942,2519.371984961957
917.8851296706233,2527.8869442979244
993.220265068822,2707.3378683355622
852.2263945400863,2571.8308306700383
518.3337533479124,3993.136631605431
574.9162415923205,2949.1932098212797
416.41621080166846,2529.22234783859
480.20073310076384,2965.5485579437063
611.5123182710123,2413.372805918969
584.5240794800237,2966.7867670629366
457.35157313886293,2362.077373689602
399.38781436357414,2080.4748592945
526.2834058641491,3331.770303121045
418.76756542303684,4308.819564545935
448.95999843572366,3570.2062882700593
658.8546846554904,2373.224034680705
660.4282836763809,3669.1366177632685
704.5008555521209,4481.758922006001
469.61042088839054,3479.07525784351
563.3432801061646,4004.373618085772
541.3091213871792,4178.759623827925
465.5144849522665,2027.1067155338224
509.6477971285844,2417.430717878287
426.0431762427385,2222.890398607439
454.8290492849407,2232.348103232675
560.5895008154044,1718.7376534600894
374.7594996295212,1649.2692842004667
502.9543874060367,4490.353145914134
656.7273900386339,2681.8930597903977
614.7997129052891,2982.7886276444083
533.1732730174862,2819.8395299683816
651.554138741215,2939.065589517736
794.5123879106395,2612.3158181581066
859.6165405426744,2398.4224432531682
776.8931404524419,2036.6144283428625
837.9692307051541,2141.2132302003834
601.8942252306624,2684.361763671232
598.7665193485582,2294.0533537547876
505.0179097931323,2547.934497448624
723.0628264891235,1920.4041794857199
565.5192994702553,2200.386308998529
674.7358259704496,2746.953466782667
467.2690734146502,2215.1138868843914
541.2891038251705,2586.610853995415
510.3527736344571,2963.633941657611
630.01865155501,2923.573906928897
492.7115504680623,2520.661795187122
525.2036063737945,2742.6131770999714
557.5802670156443,2163.8107395958677
463.3720046280289,2441.5391415780496
368.49008337622536,2426.1820563653387
444.05273417224885,2441.280413726399
551.6046702437237,2617.135750608402
342.13146235761354,3148.851270392096
679.9906708457513,2946.09021978156
360.65407340727535,2082.8064471967496
642.8209577865672,3285.5919025906965
764.7003401151541,4050.597979076206
837.4838223822959,3435.286343034379
792.038475076615,2263.7463649977894
613.5720373718485,2603.5629533591236
627.2307140816913,2788.5664466380276
733.0862144588131,2820.1109978991853
458.3611151291046,2376.318729867142
648.3018254705679,2310.6026288929097
672.2431017641408,2843.184045815058
647.7587952320016,2553.470806486845
541.7174499551776,2158.891103670231
654.9383558458617,2067.0972758168873
508.4019116756482,2165.405361056392
593.6227773041892,2851.768005400833
825.3020182846374,2392.313109248592
589.9924720175911,2126.8425597336363
527.4410122430459,2193.2548644692297
638.84722367193,2726.6116822084846
524.4955618338493,2548.86763968861
497.05107756597533,2259.895084871561
434.75489980125224,2178.8285736101348
486.9176091545515,2543.6215456626846
457.58028557872103,2328.2936123376708
560.3392919848233,2436.43445947784
582.2557795879935,2630.203648323758
440.1290505065799,1810.228985121349
440.9146259524937,2648.2639317460403
472.85984586773,2729.410846311196
471.52609189064134,2974.263314789901
447.89517401707525,3138.039194327193
493.30916265894064,2879.825170175325
529.5397951074345,2623.4318413119627
429.23498336334376,3043.9507453353062
453.4097211312956,2231.3594785874698
340.16854668432364,1880.8358845073885
485.27422494672896,3473.6608395296666
398.7355059256525,2767.3384905570897
408.810436892745,2479.0198129504283
559.1512386492722,2499.2144568261037
531.6895342461074,2253.0725019589345
428.8720240755781,2690.042692615278
474.9883458996757,3539.98693218551
409.7175266687042,3354.835911189268
465.2284193871318,3612.239716232623
449.06047940726216,2271.6657265893837
607.8445022676053,2775.1734841244474
1148.6482841433508,2729.192327685208
517.5192651842311,2375.1647119801746
380.8106903648825,2336.054496981412
423.3576714592342,2777.7887231930845
575.1568821041589,2362.74433784885
458.61112310529666,3911.922731009461
578.8231717130211,3298.0864314118794
613.856055026894,3347.984733198197
569.0174086325433,3213.0261262429012
579.910617597109,3027.0971116698456
491.19297109788175,3491.811087245454
561.9816831263311,2759.454475346306
643.2312707288866,2726.187963926057
537.114338992544,2632.6358199040064
464.16315564770923,3171.2811204688237
534.05495840529,2727.7531614299482
476.65155353230824,3117.39184439583
566.4325742354332,3225.0645286680615
517.4072288801161,2680.0358335233213
455.7138244652685,2461.8573728141455
1274.5003963320476,3473.568329244311
324.97161939245825,1739.7267700874038
509.40205064014367,2048.499806223267
374.698812181931,2088.5885359176036
671.2273972349539,1889.3012776764035
430.7624214700733,2669.9059336619093
595.6072215911742,1859.1581359684037
724.5224059358078,2404.1491890788557
651.7628905549647,2569.484138964908
710.5451050045998,2681.6984712184412
475.812660386701,2081.9750843081165
647.7695769915601,3178.9428706748727
683.9940462520726,3818.722033653991
609.2489534352195,2854.8012036064147
697.7445812055192,3035.899598680465
845.3165840292282,2715.114650674046
586.0105538686546,3448.300318807969
578.9344822489978,3159.1258661705133
592.3301261241398,3161.01573626235
637.534864375111,2647.6642438202866
597.5849766773156,3406.33858740617
507.27409154884424,2938.1089205786116
463.6360967569177,2789.7009419208994
572.0570790887194,3198.156256572751
605.7250046814642,2358.822166539902
580.4784707372407,3170.657348303235
626.535905002248,2723.6255916092073
518.4432025718868,2033.4505943162583
290.1417089093314,1753.8956624478953
420.67321503340077,1868.7475122374185
531.8243145705496,3569.6437706916
601.7292190338189,2889.3411420257553
551.0747937289859,2618.4547417953936
542.0435805882368,3127.0843935197554
587.3219991216257,3218.453315429471
802.8750668162721,3239.8827515865414
503.6923669288382,2413.254749495908
736.3878288899795,2812.9272247472
403.4175645423348,1825.0754392790582
509.06589613253203,1948.4855500283913
477.4934225396605,2921.0959607884665
425.82037470571686,2307.086161160286
506.4390148891539,2376.3935802791602
490.06976921466895,2953.3654079851704
457.2919984200618,2372.7069807035527
595.2828397999299,2498.424478918014
425.4774101563811,2397.310006057277
505.8090081175953,3027.506333137085
398.6129954364793,3572.458126118271
535.9603979782275,3605.444054544875
549.008150542368,3284.2423830949465
653.1411127185584,3184.3509857770373
552.3842381010642,3323.9532398891797
539.4740312903722,3086.322990011056
502.07641575482455,3293.7994237009975
398.1116059127565,2977.7086839826684
609.0476137351075,2871.8179309981942
461.5129721900375,3230.3347064519894
531.5151195996023,3116.796623881655
610.068157049017,2199.1318514459927
604.9678975527831,2165.995286229439
719.5224369945835,2395.5378382911085
734.0011185133374,2217.4093373386086
595.7079461656448,4214.219436714555
761.9647679420466,3557.047732258197
577.2127088185064,2769.668234274126
491.7612869585893,2204.161478763183
585.7830264864928,2613.7599721463585
772.0405715499074,4582.687699961362
755.3014480807867,4691.342077777094
787.5188862821145,5040.661732261473
512.0143357441804,2683.2429679955303
566.9304857288726,4048.6477657695186
691.2958131184313,4499.396844431014
776.2162703865041,4242.917493376954
654.8205382470175,4811.732484786306
1071.548985729798,5368.980011018922
1154.2026090197116,3805.477346362533
715.5513823673581,4188.359172894328
718.1536763154966,4256.73843966262
982.7584272084525,6949.95405874347
1342.1299679782219,6247.906971439264
798.7458536867476,4127.369565553311
894.8518454374921,4889.798973261717
1118.3895074469374,4441.0826943820975
637.3626338107827,4422.653516706384
864.8601875283335,5459.903489092384
699.0371739928516,4546.621404027162
890.4347648147017,4477.485650048612
725.7603821626261,4536.402646105092
514.6344338984816,5234.317081944911
586.7520096029759,5061.815198521401
754.3934621007452,4997.741454472044
816.9935847750684,4732.679186486444
680.9549057261389,5578.265360329097
581.0698637204931,3879.7234552297264
444.2215155848543,2262.468911680182
641.3021985347847,2549.962831292889
689.8371883840113,2647.8605051834543
511.5505597273158,2192.092465100361
631.2371241312084,2734.0837646525197
781.9376270086976,2308.5890315516385
783.1403234451749,2353.737150716652
524.2865669020036,2599.022032850212
554.4954871876174,2186.8451163509526
637.7466493570132,2641.358197259635
641.0821761830656,2634.9138159873623
429.06760235119077,2886.3012060525525
384.8757611824347,2453.2328920988775
422.2498254619053,1988.65979361884
544.5769442003009,2159.6406065596016
418.0384776569273,1870.8917731350653
640.1485151899707,3569.9194907582846
476.07714401665504,3555.7940507262538
488.13036011258055,3555.769381907624
582.7042920126728,3052.0021719044603
360.80500186546175,1928.5179731969522
626.253291603757,2590.4766270214927
445.1697777453053,2630.80286426585
449.529818313253,2816.6471372273136
396.70882083003426,1694.2039556647355
448.6303976799439,2191.0273629782723
481.0726178906457,2421.4794462917785
431.9553955767511,2098.592698596769
317.19359335787925,1899.5926935755388
360.310845191641,1822.7348682963834
474.55932283264724,2719.2432463690243
381.17672057196523,2571.0036253640915
507.03997884953384,2284.578914427699
559.1746336280921,2105.517524978711
428.31534098411305,2282.141361694174
337.63690119386763,1925.8834051699594
389.80440653706734,2567.4030385558085
387.292093585351,1820.6135130176776
526.3930346320603,2991.389377491677
503.1300393998115,3551.412643780464
504.8050216144999,2873.9405289285764
465.39185300536167,2280.7480816576326
629.1851291425902,3311.4604140200345
490.89431734921385,2906.677897164262
381.81851625982466,3157.4494612689646
668.8889310840966,2919.920830808346
521.8820179081388,3121.6222524241175
468.6413202462498,2212.477348157173
499.8546745523365,2218.65404438823
564.9649915271876,2053.8998347320744
496.5963214214743,2317.453422391288
512.4181853377809,2197.9034680028767
558.9606089248218,1774.9107744027592
402.6684671837507,2634.787008816098
501.00484178365656,2121.5925872540265
612.3130512845945,2374.427151943746
509.7913116512684,3054.7954101199716
449.37368852864387,2406.175010233389
442.06305047766585,3038.572635048863
486.09288811644603,2834.1220782711284
608.7172428256903,3042.1796273099967
650.9489200481752,3078.710478072754
377.4686029021872,2104.9621676982115
442.512638459384,2005.045796592826
651.6836589321462,2778.797412207916
872.2335627756011,2381.4805443864157
734.7246208048313,2745.787816616488
912.001526668332,2608.4100230107856
1032.2921761672637,3028.019735753246
1211.8634330918223,3311.873752157405
711.879912506123,2925.2975015913466
831.6496637414914,2723.986590294254
824.8008836612674,2629.3672806403238
640.1855507001782,3005.029175684306
397.10635050291916,2254.655671942878
456.5872257290698,2801.4381452011667
466.62349460517254,3063.620412370699
516.1165707108651,2430.955942873006
876.6309852936245,2925.838659621011
407.2754580190589,2981.092016876101
426.1023608784363,2911.374929478627
440.06300802046127,3545.5313299855707
648.3852175271718,2810.6264175298957
695.8678935232662,2697.0564581532058
652.5273098042172,2413.6300545016766
407.49405218340513,2949.5942618681747
400.8513314878632,2202.8137377522467
454.48573671909685,2586.293012503186
407.98334697423604,1798.603209310691
480.2961646940639,2272.795398512188
572.8944917206836,2310.659710968348
480.9293154246822,2554.4102331382987
570.7722987924824,2692.416870966855
527.8457149643416,2555.2445855547853
392.9905837225364,2881.287231305158
441.4057078009598,2045.6799118563424
350.86802297560246,1926.6147041659606
421.23255551539324,1999.7836746681216
633.6288984520485,4539.322487679442
423.97090897020064,3229.2053000333844
503.84052054116,2615.2984894135534
398.5270396568655,2793.2436923194664
1156.3069065710572,2686.380860417331
1082.3622658053337,3071.6318200095384
781.2460459949392,2584.727235110021
475.9132877129911,2445.070238420653
897.4065361767649,2825.5772893565836
791.5786175702937,2983.810289063065
910.2786639169769,2431.0911533636213
503.2535482416392,2316.370596061048
454.9056099040485,2428.2954495296017
498.4215129593954,2526.9989356700303
440.8207400507483,2849.8326414590174
414.24637952037256,3339.975405637955
747.3877370692713,3656.3901386313655
486.3747955666648,2386.3078519043643
486.0851933389307,2362.0999883618674
444.615132218865,2655.5676126697704
473.5999861828433,2220.7772675184215
662.1995531203991,2228.393975775756
458.99336104421934,2719.717487436942
445.4656009006426,2646.654331583475
1052.9065407451978,3424.2294311769
1558.1543008562066,3287.877299328129
1651.7619541317908,3791.477737883339
1565.8587725112995,3584.5501710865096
1195.086893311392,2976.0179482590806
511.09100678295925,2867.4979484052005
667.413912851745,2914.6642827395663
823.6504373876519,2727.3274309625663
545.1829402382614,2943.0013775447833
646.7064182622713,2725.9457677339788
550.2652476337133,2895.4298907379684
606.14218404895,2825.552784907591
656.7616316300993,3024.616022187605
473.65690932757485,2924.202910998242
659.2656735458628,2871.0875970092866
561.7700659247764,2620.9473680633278
624.7557644481594,2471.097648747212
884.6038824334235,2553.1040379030524
394.3608563548132,1948.7609190558717
450.18390595138976,2179.69282627152
692.2987460735029,2551.828769005781
581.6289084625679,2519.9601672967756
586.6873260914302,3067.898992263592
651.9716592361963,2711.4467150932296
343.3941297715738,2835.9208848827393
409.25359285624666,2936.3746216528084
433.8877869408719,2757.788087560048
343.9792144545745,2393.2062717876565
479.484904067378,3238.585849008745
483.8472741675318,3147.0222141694153
498.0303372488335,2343.724098975464
369.1407077591043,1971.0598607180975
666.3723166618997,3164.040068360697
472.34510522192437,2540.1279328786927
477.33287331852057,2343.0183084057808
421.49582811179295,2835.427993384874
471.75735692961194,2493.1575826763165
354.27564438238704,2561.2959982265174
337.7097441471784,2363.540744483043
374.01892594780327,1971.465998939798
342.62039977696026,1921.236873152664
598.6754688235176,2827.460665381006
626.9838156311472,2574.6126813818128
640.0846342243887,3939.947259713551
778.4625296994304,3086.7121844724497
939.1543010204578,3144.1808584167347
473.8534875874181,2055.3640298167115
497.84308993835896,2398.9481320176483
466.68267777703466,2131.5056497160176
781.1775063983546,3715.1428433396945
513.3614724043169,2457.354534358995
440.25155918060335,2339.837447513735
542.9695017538828,3887.551901732074
639.6335599642308,5000.625246580259
703.5082877643565,4922.03066420748
521.2427352169168,4527.009795463953
552.6297568735407,3903.334832564496
632.3426703940629,3904.0024437824723
652.7254623261587,5065.896783681603
465.7861707731361,2538.006029389006
621.550110282201,4470.237569509644
525.8113623076009,2756.8970650687993
416.4749989610494,2715.7761040758637
513.3075101293751,1802.7297476725598
478.1576668187168,3091.873437394236
433.41897434868133,1880.7450531672464
462.44802632592217,2116.1067164405
535.922229290856,2644.7345726131452
447.309881907122,2721.327699552014
552.3534293819116,2022.7154210985434
469.5823327536836,3068.0398554382787
579.2529902344555,3032.9867200206063
651.2597656243685,2311.0912360071825
439.9441825594976,2290.5380038918083
476.11384936790205,2667.9527235819455
404.6380668553487,2536.5639234077194
506.12173849945447,3740.5179717772203
543.3627508055555,2978.745045941091
783.3105852363897,2288.9053406980347
514.6057873467606,2139.8712175398778
539.1199812950521,1672.135973693175
549.6308452746257,2280.2441655996536
589.4691196286989,2375.8392544194758
397.0645733843669,1833.8488554845508
629.2701814667658,2036.6630262531457
433.1266891560488,2223.594503351359
521.3977481317124,3310.5973529954654
503.6689473901026,2920.804793221743
811.0498508621351,2741.047475481095
736.7801732970272,2374.595175079738
462.83387382718496,2447.18560450762
403.6923490929106,2141.465234488414
595.4062505135541,2249.7250845567764
1507.0003694833938,4473.000569259838
427.99173040693756,2695.5865933993955
426.7051458540993,2275.1669993558266
526.4897155637484,2066.3945406810017
553.5488377567449,2492.408951316932
415.61696791372003,2332.0444917813466
514.146037072225,2386.727519303257
501.7371534806795,2152.6732856938534
560.3919759961353,2188.7487707603227
495.4660939302037,2213.552165686733
606.1476535375796,2568.6851825808876
508.77901701960036,2081.442973543112
1032.1273901937861,2710.3141957773796
447.871714788499,1895.4553947444142
417.5404846378996,2526.6287303457625
340.20782681592107,2247.7269300753915
366.04821075123516,2137.619532130994
360.629786589433,2172.0386294745895
444.8060292067425,3711.55967529126
323.30277037090156,2115.03696271436
373.2307767426106,2205.3517927614357
565.702207043369,2430.4428557634083
535.5042761992315,2554.734364539501
606.9983901951322,2335.729509197667
487.83655413886595,2802.0411592872356
623.61478107162,2643.403353654751
492.92851225459407,2164.1030540565257
490.3718851854805,2793.193514029831
500.0122557176911,2248.1125337072945
342.03015887502147,2599.2650090080074
525.5250123267446,2226.8663484676194
543.6196423797193,2442.5790474614887
431.9511779945439,2114.1231330734436
389.40159574042696,2426.206569310372
502.84745142636564,3091.297030716787
551.6937505032732,2311.7389324213964
768.7143480317341,2632.3682772062134
944.0496351756165,2486.0476548682127
373.0149576551255,2373.9112042447905
476.6902189793375,2241.2141124299346
616.8425562001563,2375.3537499775107
558.748743209927,2078.1550884539874
628.2165291010554,2545.2550566921227
573.1227144322769,3992.327726943336
536.631612737664,3824.9813767675405
636.7864580356467,2226.593106161706
634.1004358048684,2037.329385097587
510.12824005356623,2108.887202350447
586.6421837989741,2249.987639866419
559.1983157724217,2141.723644690698
519.8905203858577,2172.647386390581
630.492828216321,2325.48253669212
585.1244851048951,2019.4170602673437
520.4081858758099,2029.9957262138093
418.7465137788995,2241.430635345989
429.66107457934663,2050.8076725774245
455.43350910690856,3824.693386200915
649.5582679916986,3011.953630618328
519.8216777042907,2917.9232964592647
397.6367568387101,2951.7932803254384
467.3548011696145,4413.295243942643
527.504116865384,4312.796162471299
565.7427572211435,3170.6388754804952
472.8821156305717,2785.6002540764853
576.9045732362518,2444.9083183578614
815.4791784371386,5353.074088973736
685.4749630949696,2939.0867699364376
541.0006019665627,2542.219235009625
517.7230687041352,2737.1606901283535
600.3550764824187,5334.793101913877
507.19760421743706,4811.62331670785
619.9696209306077,2238.842662673414
586.7007614113428,2915.7280550370256
714.5894883047073,3237.5348196851955
430.206062172501,3077.734693574112
2662.459544601785,6524.053622069551
443.15565108684024,3863.2282773120132
544.5627463308874,3128.232375657247
382.11063222133924,1964.2684220103774
444.820098615642,2348.550676420287
386.5638485706198,2131.8665602953047
389.6569093663428,1840.8956934239366
441.35225206419545,2313.5376725305146
392.76100839763683,2150.070999244087
421.8586659948796,2581.9903965818457
434.5717319382906,2658.93599650098
482.20415539923926,2584.0645012346536
531.6665515057636,3028.164398619846
777.6906170929367,2534.776939719732
997.1287569711143,2597.2511351221356
444.07850246918986,2876.32055283429
806.570269460265,2157.441246201337
400.6588718425212,2338.023704507419
454.02416915751013,2542.423469785651
525.6458083588881,2216.7215346759913
620.1577071499944,3335.0591112462434
845.1295159872772,4176.403614022574
644.9665269762004,3542.897764696706
797.5845996828403,3378.0026977957777
755.6764810011806,3700.441314939306
834.4746740171065,4147.851046754079
722.5069223527722,4160.509065511037
960.511116681568,3723.1719390329977
781.9828645112991,3150.0520752756347
834.2051327653237,3770.7060262935793
843.914696720866,3741.409878394055
945.7562487002261,3877.3589643537593
452.2509574604651,2565.8358198241503
452.4662703901509,2797.180134370127
628.7957583797413,2342.1545719764686
737.8763372533101,2288.356154464319
359.1414478501885,2458.2140204059274
466.50741856806354,2442.0378938489343
506.8475982137579,2878.155556043198
428.0056772819106,2963.2671760882617
399.42709971538255,2823.2975552604094
405.67946730953616,2443.6389262587695
692.4051251281765,3239.557007687224
494.1865261152314,3173.424289855294
559.7138815370013,2535.4827398424172
939.6017273514806,3559.8730766257527
701.8602250902665,2422.5376749023753
555.4182041886332,2685.79434958373
633.9413923131535,2821.0180058320693
561.6211434626488,3194.6158083074
556.7221444370879,3684.2329538597564
513.6464754568092,3525.3187283181865
795.2235904016536,4572.469334246669
625.8242907710921,4823.325356178614
581.3935298388981,4993.963630824499
602.9367335946384,4269.881073245429
702.6018619478526,4051.678402510331
642.700390038442,3929.502942870999
560.3769445929136,4539.232204368618
621.644315008844,4292.901026657447
598.2501434945794,4608.813141464484
409.4691278293444,2904.3273394337457
398.0423189441663,2449.8213323723962
755.7995282930527,3355.364534658957
434.2007415040576,2371.85525475047
473.9349903070168,3700.601344832909
477.07951648177476,3401.7556518515867
466.5740486993211,3138.6389517000825
419.77697871905053,4007.0657265010627
450.21665789428766,3149.0748564057744
445.81119069577494,3206.052862750644
474.04452264621864,3181.6929928177074
407.8607102982585,2623.189013001951
439.80455865995816,2058.252932343651
488.5849272521155,2066.512305366049
418.9571701002471,2039.5337059159908
525.5553949257773,4156.161538888321
462.1191607272104,4035.9526625864455
486.09066407015047,2361.5421894182373
525.7818121192903,2980.9983890635626
524.2155021840198,2646.242197249251
479.53711899162425,2745.673572214697
465.873900069388,2607.766119159499
424.29680491859494,2630.353718953658
427.73506036572445,2411.538407986041
592.740382498245,2700.6413339976316
478.5569120729894,2377.1900642826927
427.02589370537424,2478.88161503272
523.413233917694,3449.415575954215
468.9247956886683,2848.7818752759445
414.932000680718,3296.2767753340345
661.2306983200859,3047.7847438255058
511.6483935539959,3462.582787293309
544.5735578722557,3205.893333644122
372.00675580347263,1965.3182132927761
521.2306550068374,2373.7415806756203
451.27739702402005,2549.980410764191
380.24098290666126,2209.465980225665
491.465100297748,2822.883798981884
837.8426174437675,2417.246644596239
921.3071721026308,2714.3756752195704
964.3947499298439,2709.928191029638
801.4629679503934,2777.866501527541
371.3153354846814,2455.206806220614
423.2521496556992,2442.340910466743
637.7223157187908,2355.343615369419
450.89129728681587,2270.6717253447778
379.15111242724515,2160.098392755898
610.0999846610537,2063.9959061008394
680.6774314238162,3695.0186817609847
589.5768605002758,3642.09487575615
558.2764913884487,3581.0579490312334
548.4142256857635,3576.883095708653
515.5985193480509,3416.2473779594343
467.37341680399595,3352.2991201631544
914.5129268337637,2813.6575942215786
515.1749049739985,3052.2479877587816
515.3987608630214,3342.0615076902477
603.8206673905613,3873.4610240068296
510.8561598758846,4019.5949983539335
531.5692043922659,3739.4315350772445
649.905448686115,3342.255797569001
560.4159298269267,3982.7816173134897
616.4983684523588,2593.120114701401
686.3434647207222,3235.624940986221
432.7592273577215,2025.7848718653738
446.897436229663,2013.8366453036535
578.1654578278806,2237.5407023438256
355.6291486016501,1974.935059485914
443.90046498942576,2002.758573078726
397.10286884279935,2021.1313147712128
532.2239330726576,1987.6518098368072
635.3349745941213,2771.6389064762307
609.0613697428636,2387.238105721952
623.3291765812847,3063.236910258671
451.9428804887142,2354.655958647987
485.6328250724275,3386.868704074829
420.1738176495284,2830.725426118791
490.0266155224713,2732.4974854830048
402.3425606910916,2222.515941661296
434.11371055817636,2294.377130664889
538.2118352262612,2102.9407985444527
521.6062214220484,3525.7981382119888
445.31193313983397,3189.897964428308
567.851154828096,2657.7849024743546
444.8053802532397,3037.0113517604154
544.5724666112685,2244.0014013923214
525.0625410989036,2664.7269900393517
532.4457528723526,3428.6713097692837
406.6529006482766,2203.887943407941
550.0698655871896,2773.4309655221605
372.55053691385336,2102.3356091078717
515.5569960345499,2060.587177529764
448.08155801832646,2030.9418705706714
589.8189505838334,2568.5687310962417
366.34857077860426,2441.199864573605
834.554406986361,3549.350223204584
467.6227836919814,2548.8779913351314
645.8341281252647,3242.981160299433
582.8224942921864,2054.108364702621
589.4862928625083,2250.470464335457
488.50086483457903,2183.8704631494143
604.4952314395363,3983.4077123021907
571.6924484461422,4402.282614417266
530.6693333544878,2598.1983166790997
403.49050041960624,2518.801658306795
445.4502847805418,2520.3667463386455
435.6427137795896,2704.1991719798643
1002.2662326630754,2822.6019378829847
