coverage,risk,threshold
0.0003022061045633122,0.0,0.014207980652962518
0.0006044122091266244,0.0,0.021563885530028217
0.0009066183136899365,0.0,0.023075372833534863
0.0012088244182532487,0.0,0.028516727126158808
0.0015110305228165609,0.0,0.029625151148730353
0.001813236627379873,0.0,0.030431277710600568
0.0021154427319431852,0.0,0.031136638452237003
0.0024176488365064974,0.0,0.03365578395808142
0.0027198549410698096,0.0,0.03476420798065296
0.0030220610456331218,0.0,0.03869407496977025
0.003324267150196434,0.0,0.03899637243047158
0.003626473254759746,0.0,0.04363160016122531
0.003928679359323058,0.0,0.044538492543329304
0.0042308854638863705,0.0,0.046150745667069726
0.004533091568449683,0.0,0.046251511487303505
0.004835297673012995,0.0,0.04796453043127771
0.005137503777576307,0.0,0.0488714228133817
0.005439709882139619,0.0,0.04897218863361547
0.005741915986702931,0.0,0.050987505038291005
0.0060441220912662436,0.0,0.051692865779927454
0.006346328195829556,0.0,0.051894397420395
0.006648534300392868,0.0,0.05239822652156389
0.00695074040495618,0.0,0.05411124546553809
0.007252946509519492,0.0,0.05582426440951229
0.0075551526140828044,0.0,0.05612656187021362
0.007857358718646117,0.0,0.057134220072551395
0.008159564823209429,0.0,0.05773881499395406
0.008461770927772741,0.0,0.058444175735590485
0.008763977032336053,0.0,0.05894800483675936
0.009066183136899365,0.03333333333333333,0.059048770656993155
0.009368389241462678,0.03225806451612903,0.060056428859330914
0.00967059534602599,0.03125,0.06438935912938332
0.009972801450589302,0.06060606060606061,0.06479242241031842
0.010275007555152614,0.058823529411764705,0.06499395405078598
0.010577213659715926,0.05714285714285714,0.06519548569125354
0.010879419764279238,0.05555555555555555,0.06580008061265619
0.01118162586884255,0.05405405405405406,0.06610237807335752
0.011483831973405863,0.05263157894736842,0.06650544135429262
0.011786038077969175,0.05128205128205128,0.06650544135429262
0.012088244182532487,0.05,0.06711003627569528
0.0123904502870958,0.04878048780487805,0.06771463119709795
0.012692656391659111,0.047619047619047616,0.06781539701733173
0.012994862496222424,0.046511627906976744,0.06892382103990326
0.013297068600785736,0.045454545454545456,0.06932688432083838
0.013599274705349048,0.044444444444444446,0.07023377670294235
0.01390148080991236,0.043478260869565216,0.07063683998387747
0.014203686914475672,0.0425531914893617,0.07073760580411124
0.014505893019038985,0.041666666666666664,0.07083837162434503
0.014808099123602297,0.04081632653061224,0.07214832728738411
0.015110305228165609,0.04,0.07517130189439741
0.015412511332728921,0.0392156862745098,0.07537283353486497
0.015714717437292233,0.038461538461538464,0.07547359935509874
0.016016923541855545,0.05660377358490566,0.0760781942765014
0.016319129646418858,0.05555555555555555,0.07708585247883919
0.01662133575098217,0.05454545454545454,0.07718661829907296
0.016923541855545482,0.05357142857142857,0.0796049979846836
0.017225747960108794,0.05263157894736842,0.08031035872632003
0.017527954064672106,0.05172413793103448,0.08151954856912536
0.01783016016923542,0.05084745762711865,0.08202337767029423
0.01813236627379873,0.05,0.08202337767029423
0.018434572378362043,0.04918032786885246,0.08242644095122935
0.018736778482925355,0.04838709677419355,0.08323256751309956
0.019038984587488667,0.047619047619047616,0.08333333333333333
0.01934119069205198,0.046875,0.08444175735590487
0.01964339679661529,0.046153846153846156,0.08474405481660623
0.019945602901178604,0.045454545454545456,0.08494558645707377
0.020247809005741916,0.04477611940298507,0.08565094719871019
0.020550015110305228,0.04411764705882353,0.08565094719871019
0.02085222121486854,0.043478260869565216,0.08625554212011287
0.021154427319431852,0.04285714285714286,0.08645707376058041
0.021456633423995165,0.04225352112676056,0.08726320032245062
0.021758839528558477,0.041666666666666664,0.08817009270455461
0.02206104563312179,0.0410958904109589,0.08857315598548972
0.0223632517376851,0.04054054054054054,0.08857315598548972
0.022665457842248413,0.04,0.08937928254735994
0.022967663946811726,0.039473684210526314,0.08968158000806126
0.023269870051375038,0.03896103896103896,0.09099153567110035
0.02357207615593835,0.038461538461538464,0.09129383313180169
0.023874282260501662,0.0379746835443038,0.09139459895203546
0.024176488365064974,0.0375,0.09199919387343813
0.024478694469628286,0.037037037037037035,0.09330914953647722
0.0247809005741916,0.036585365853658534,0.09351068117694478
0.02508310667875491,0.04819277108433735,0.09361144699717855
0.025385312783318223,0.047619047619047616,0.09391374445787988
0.025687518887881535,0.047058823529411764,0.09421604191858123
0.025989724992444847,0.046511627906976744,0.09431680773881501
0.02629193109700816,0.04597701149425287,0.09461910519951633
0.02659413720157147,0.045454545454545456,0.09532446594115275
0.026896343306134784,0.0449438202247191,0.09532446594115278
0.027198549410698096,0.044444444444444446,0.09592906086255543
0.027500755515261408,0.04395604395604396,0.09673518742442565
0.02780296161982472,0.043478260869565216,0.09703748488512698
0.028105167724388033,0.053763440860215055,0.09713825070536074
0.028407373828951345,0.05319148936170213,0.0973397823458283
0.028709579933514657,0.05263157894736842,0.09834744054816606
0.02901178603807797,0.052083333333333336,0.09895203546956872
0.02931399214264128,0.05154639175257732,0.0990528012898025
0.029616198247204593,0.05102040816326531,0.0990528012898025
0.029918404351767906,0.050505050505050504,0.09925433293027004
0.030220610456331218,0.05,0.10026199113260781
0.03052281656089453,0.04950495049504951,0.1003627569528416
0.030825022665457842,0.049019607843137254,0.10096735187424426
0.031127228770021154,0.04854368932038835,0.10147118097541313
0.031429434874584466,0.057692307692307696,0.10157194679564692
0.03173164097914778,0.05714285714285714,0.10177347843611446
0.03203384708371109,0.05660377358490566,0.10399032648125757
0.032336053188274407,0.056074766355140186,0.10429262394195889
0.032638259292837715,0.05555555555555555,0.10499798468359534
0.03294046539740103,0.05504587155963303,0.10540104796453043
0.03324267150196434,0.05454545454545454,0.10610640870616687
0.033544877606527655,0.05405405405405406,0.10620717452640065
0.033847083711090964,0.05357142857142857,0.10701330108827084
0.03414928981565428,0.05309734513274336,0.10741636436920597
0.03445149592021759,0.05263157894736842,0.10802095929060862
0.034753702024780904,0.05217391304347826,0.10822249093107618
0.03505590812934421,0.05172413793103448,0.10882708585247884
0.03535811423390753,0.05128205128205128,0.10892785167271261
0.03566032033847084,0.05084745762711865,0.1090286174929464
0.03596252644303415,0.05042016806722689,0.1094316807738815
0.03626473254759746,0.058333333333333334,0.11023780733575171
0.03656693865216078,0.05785123966942149,0.11043933897621927
0.036869144756724086,0.05737704918032787,0.11084240225715437
0.0371713508612874,0.056910569105691054,0.11185006045949214
0.03747355696585071,0.056451612903225805,0.11275695284159613
0.037775763070414026,0.064,0.11305925030229746
0.038077969174977334,0.06349206349206349,0.11336154776299878
0.03838017527954065,0.06299212598425197,0.11346231358323255
0.03868238138410396,0.0625,0.11366384522370011
0.038984587488667274,0.06201550387596899,0.11416767432486902
0.03928679359323058,0.06153846153846154,0.11446997178557035
0.0395889996977939,0.061068702290076333,0.11537686416767433
0.03989120580235721,0.06060606060606061,0.11557839580814189
0.04019341190692052,0.06766917293233082,0.11577992744860943
0.04049561801148383,0.07462686567164178,0.1158806932688432
0.04079782411604715,0.07407407407407407,0.11598145908907698
0.041100030220610456,0.07352941176470588,0.11598145908907698
0.04140223632517377,0.072992700729927,0.11628375654977831
0.04170444242973708,0.07971014492753623,0.11648528819024585
0.042006648534300396,0.07913669064748201,0.1167875856509472
0.042308854638863705,0.07857142857142857,0.11708988311164853
0.04261106074342702,0.07801418439716312,0.11819830713422007
0.04291326684799033,0.07746478873239436,0.11819830713422007
0.043215472952553645,0.08391608391608392,0.11850060459492141
0.043517679057116954,0.09027777777777778,0.12001209189842806
0.04381988516168027,0.0896551724137931,0.12041515517936315
0.04412209126624358,0.0958904109589041,0.12061668681983072
0.044424297370806894,0.09523809523809523,0.12101975010076582
0.0447265034753702,0.0945945945945946,0.1211205159209996
0.04502870957993352,0.09395973154362416,0.12122128174123337
0.04533091568449683,0.1,0.12142281338170093
0.04563312178906014,0.09933774834437085,0.12222893994357115
0.04593532789362345,0.09868421052631579,0.12243047158403869
0.04623753399818677,0.09803921568627451,0.12273276904474002
0.046539740102750075,0.09740259740259741,0.12343812978637647
0.04684194620731339,0.0967741935483871,0.12374042724707779
0.0471441523118767,0.09615384615384616,0.12414349052801289
0.047446358416440015,0.09554140127388536,0.12464731962918178
0.047748564521003324,0.0949367088607595,0.12474808544941555
0.04805077062556664,0.09433962264150944,0.1259572752922209
0.04835297673012995,0.09375,0.12646110439338976
0.048655182834693264,0.09316770186335403,0.12646110439338976
0.04895738893925657,0.09259259259259259,0.12686416767432487
0.04925959504381989,0.09202453987730061,0.12696493349455865
0.0495618011483832,0.0975609756097561,0.12756952841596134
0.04986400725294651,0.09696969696969697,0.12777106005642888
0.05016621335750982,0.0963855421686747,0.12898024989923418
0.05046841946207314,0.10179640718562874,0.12918178153970172
0.050770625566636446,0.10714285714285714,0.12918178153970172
0.05107283167119976,0.10650887573964497,0.1293833131801693
0.05137503777576307,0.10588235294117647,0.1297863764611044
0.051677243880326386,0.10526315789473684,0.13018943974203948
0.051979449984889695,0.10465116279069768,0.13029020556227328
0.05228165608945301,0.10404624277456648,0.13049173720274082
0.05258386219401632,0.10344827586206896,0.13069326884320837
0.052886068298579635,0.10285714285714286,0.13079403466344217
0.05318827440314294,0.10227272727272728,0.13210399032648126
0.05349048050770626,0.1016949152542373,0.13220475614671504
0.05379268661226957,0.10112359550561797,0.1323055219669488
0.05409489271683288,0.1005586592178771,0.13260781942765013
0.05439709882139619,0.1,0.13260781942765013
0.05469930492595951,0.09944751381215469,0.13270858524788393
0.055001511030522816,0.0989010989010989,0.1333131801692866
0.05530371713508613,0.10382513661202186,0.13351471180975413
0.05560592323964944,0.10326086956521739,0.1336154776299879
0.055908129344212756,0.10270270270270271,0.13432083837162434
0.056210335448776065,0.10215053763440861,0.1345223700120919
0.05651254155333938,0.10160427807486631,0.13482466747279323
0.05681474765790269,0.10106382978723404,0.13542926239419587
0.057116953762466005,0.10052910052910052,0.1370415155179363
0.057419159867029314,0.1,0.13764611043933897
0.05772136597159263,0.09947643979057591,0.13835147118097538
0.05802357207615594,0.09895833333333333,0.1383514711809754
0.058325778180719254,0.09844559585492228,0.1383514711809754
0.05862798428528256,0.10309278350515463,0.13845223700120918
0.05893019038984588,0.10256410256410256,0.13875453446191052
0.05923239649440919,0.10204081632653061,0.1388553002821443
0.0595346025989725,0.10152284263959391,0.13925836356307938
0.05983680870353581,0.10101010101010101,0.1392583635630794
0.06013901480809913,0.10552763819095477,0.1392583635630794
0.060441220912662436,0.105,0.13956066102378073
0.06074342701722575,0.1044776119402985,0.13986295848448208
0.06104563312178906,0.10396039603960396,0.1401652559451834
0.061347839226352376,0.10344827586206896,0.1404675534058847
0.061650045330915684,0.10294117647058823,0.1404675534058847
0.061952251435479,0.1024390243902439,0.14066908504635228
0.06225445754004231,0.10194174757281553,0.14076985086658605
0.06255666364460562,0.10144927536231885,0.14117291414752117
0.06285886974916893,0.10576923076923077,0.14127367996775494
0.06316107585373225,0.10526315789473684,0.14157597742845626
0.06346328195829556,0.10476190476190476,0.14268440145102781
0.06376548806285887,0.10426540284360189,0.14318823055219668
0.06406769416742218,0.10377358490566038,0.14338976219266422
0.0643699002719855,0.10328638497652583,0.14349052801289805
0.06467210637654881,0.102803738317757,0.14419588875453446
0.06497431248111211,0.10232558139534884,0.14419588875453446
0.06527651858567543,0.10648148148148148,0.14500201531640466
0.06557872469023875,0.11059907834101383,0.14540507859733978
0.06588093079480206,0.11009174311926606,0.14560661023780733
0.06618313689936536,0.1095890410958904,0.14580814187827487
0.06648534300392868,0.10909090909090909,0.14641273679967756
0.066787549108492,0.1085972850678733,0.1466142684401451
0.06708975521305531,0.10810810810810811,0.1466142684401451
0.06739196131761861,0.10762331838565023,0.14721886336154777
0.06769416742218193,0.10714285714285714,0.1476219266424829
0.06799637352674524,0.10666666666666667,0.14782345828295043
0.06829857963130856,0.10619469026548672,0.1479242241031842
0.06860078573587186,0.10572687224669604,0.14822652156388552
0.06890299184043518,0.10526315789473684,0.14842805320435307
0.06920519794499849,0.1091703056768559,0.14842805320435307
0.06950740404956181,0.10869565217391304,0.1488311164852882
0.06980961015412511,0.10822510822510822,0.14903264812575576
0.07011181625868843,0.10775862068965517,0.14913341394598953
0.07041402236325174,0.1072961373390558,0.14913341394598953
0.07071622846781506,0.10683760683760683,0.1492341797662233
0.07101843457237836,0.10638297872340426,0.14943571140669085
0.07132064067694167,0.1059322033898305,0.1497380088673922
0.07162284678150499,0.10548523206751055,0.14993954050785974
0.0719250528860683,0.10504201680672269,0.15044336960902863
0.07222725899063161,0.10460251046025104,0.1509471987101975
0.07252946509519492,0.10833333333333334,0.1509471987101975
0.07283167119975824,0.1078838174273859,0.1513502619911326
0.07313387730432155,0.10743801652892562,0.1513502619911326
0.07343608340888486,0.10699588477366255,0.15135026199113263
0.07373828951344817,0.10655737704918032,0.15165255945183395
0.07404049561801149,0.10612244897959183,0.15195485691253527
0.0743427017225748,0.10569105691056911,0.15195485691253527
0.0746449078271381,0.10526315789473684,0.15195485691253527
0.07494711393170142,0.10887096774193548,0.15286174929463928
0.07524932003626474,0.10843373493975904,0.15336557839580814
0.07555152614082805,0.112,0.153869407496977
0.07585373224539135,0.11155378486055777,0.15386940749697703
0.07615593834995467,0.1111111111111111,0.15417170495767835
0.07645814445451798,0.11462450592885376,0.1544740024183797
0.0767603505590813,0.1141732283464567,0.15487706569931478
0.0770625566636446,0.11372549019607843,0.1566908504635228
0.07736476276820792,0.11328125,0.1566908504635228
0.07766696887277123,0.11284046692607004,0.15679161628375657
0.07796917497733455,0.1124031007751938,0.15719467956469166
0.07827138108189785,0.11196911196911197,0.1573962112051592
0.07857358718646117,0.11538461538461539,0.1579000403063281
0.07887579329102448,0.11494252873563218,0.1579000403063281
0.0791779993955878,0.1183206106870229,0.15810157194679564
0.0794802055001511,0.11787072243346007,0.15890769850866585
0.07978241160471441,0.11742424242424243,0.15890769850866585
0.08008461770927773,0.1169811320754717,0.1591092301491334
0.08038682381384105,0.12030075187969924,0.1595122934300685
0.08068902991840435,0.1198501872659176,0.15971382507053608
0.08099123602296766,0.11940298507462686,0.15971382507053608
0.08129344212753098,0.11895910780669144,0.15971382507053608
0.0815956482320943,0.11851851851851852,0.1600161225312374
0.0818978543366576,0.11808118081180811,0.1601168883514712
0.08220006044122091,0.11764705882352941,0.1601168883514712
0.08250226654578423,0.11721611721611722,0.16021765417170494
0.08280447265034754,0.11678832116788321,0.16041918581217252
0.08310667875491085,0.11636363636363636,0.1605199516324063
0.08340888485947416,0.11956521739130435,0.16062071745264006
0.08371109096403748,0.11913357400722022,0.1608222490931076
0.08401329706860079,0.11870503597122302,0.1609230149133414
0.0843155031731641,0.11827956989247312,0.1609230149133414
0.08461770927772741,0.11785714285714285,0.1618299072954454
0.08491991538229073,0.11743772241992882,0.16193067311567916
0.08522212148685404,0.11702127659574468,0.16193067311567919
0.08552432759141734,0.1166077738515901,0.16243450221684805
0.08582653369598066,0.11619718309859155,0.16253526803708182
0.08612873980054397,0.11578947368421053,0.16273679967754937
0.08643094590510729,0.11538461538461539,0.16283756549778314
0.08673315200967059,0.11498257839721254,0.1634421604191858
0.08703535811423391,0.11458333333333333,0.1635429262394196
0.08733756421879722,0.11418685121107267,0.16384522370012092
0.08763977032336054,0.11724137931034483,0.1639459895203547
0.08794197642792384,0.11683848797250859,0.1639459895203547
0.08824418253248716,0.11986301369863013,0.16495364772269247
0.08854638863705047,0.11945392491467577,0.16495364772269247
0.08884859474161379,0.11904761904761904,0.16505441354292624
0.08915080084617709,0.11864406779661017,0.16545747682386133
0.0894530069507404,0.11824324324324324,0.16555824264409513
0.08975521305530372,0.12121212121212122,0.16596130592503022
0.09005741915986704,0.12080536912751678,0.16626360338573157
0.09035962526443034,0.12040133779264214,0.1664651350261991
0.09066183136899365,0.12333333333333334,0.16757355904877066
0.09096403747355697,0.12292358803986711,0.16767432486900444
0.09126624357812028,0.12251655629139073,0.16858121725110842
0.09156844968268359,0.1254125412541254,0.168782748891576
0.0918706557872469,0.125,0.16888351471180976
0.09217286189181022,0.12459016393442623,0.1690850463522773
0.09247506799637353,0.12418300653594772,0.1690850463522773
0.09277727410093684,0.1270358306188925,0.16989117291414754
0.09307948020550015,0.1266233766233766,0.1700927045546151
0.09338168631006347,0.12944983818770225,0.17180572349858927
0.09368389241462678,0.12903225806451613,0.17281338170092705
0.09398609851919008,0.12861736334405144,0.17281338170092705
0.0942883046237534,0.13141025641025642,0.17291414752116083
0.09459051072831672,0.13099041533546327,0.1735187424425635
0.09489271683288003,0.1337579617834395,0.17361950826279726
0.09519492293744333,0.13333333333333333,0.17422410318419992
0.09549712904200665,0.1360759493670886,0.1749294639258364
0.09579933514656996,0.13564668769716087,0.17553405884723902
0.09610154125113328,0.13522012578616352,0.17563482466747282
0.09640374735569658,0.13479623824451412,0.17573559048770657
0.0967059534602599,0.134375,0.17634018540910923
0.09700815956482321,0.13395638629283488,0.176440951229343
0.09731036566938653,0.13354037267080746,0.1769447803305119
0.09761257177394983,0.13312693498452013,0.1769447803305119
0.09791477787851315,0.13271604938271606,0.17734784361144698
0.09821698398307646,0.13230769230769232,0.17744860943168075
0.09851919008763978,0.13496932515337423,0.17754937525191453
0.09882139619220308,0.1345565749235474,0.17775090689238207
0.0991236022967664,0.13414634146341464,0.17926239419588877
0.09942580840132971,0.1337386018237082,0.1793631600161225
0.09972801450589303,0.13333333333333333,0.17946392583635631
0.10003022061045633,0.13293051359516617,0.17976622329705763
0.10033242671501964,0.13253012048192772,0.18087464731962918
0.10063463281958296,0.13213213213213212,0.1812777106005643
0.10093683892414627,0.1317365269461078,0.18158000806126562
0.10123904502870958,0.13134328358208955,0.18188230552196694
0.10154125113327289,0.13392857142857142,0.1824869004433696
0.10184345723783621,0.13649851632047477,0.1824869004433696
0.10214566334239952,0.13609467455621302,0.18299072954453846
0.10244786944696282,0.13569321533923304,0.18299072954453852
0.10275007555152614,0.13823529411764707,0.1837968561064087
0.10305228165608946,0.1378299120234604,0.18419991938734379
0.10335448776065277,0.14035087719298245,0.18460298266827893
0.10365669386521607,0.13994169096209913,0.1847037484885127
0.10395889996977939,0.13953488372093023,0.18480451430874648
0.1042611060743427,0.14202898550724638,0.18500604594921402
0.10456331217890602,0.1416184971098266,0.1851068117694478
0.10486551828346932,0.14121037463976946,0.18520757758968157
0.10516772438803264,0.14080459770114942,0.18520757758968162
0.10546993049259595,0.14040114613180515,0.18581217251108426
0.10577213659715927,0.14285714285714285,0.18631600161225312
0.10607434270172257,0.14245014245014245,0.18631600161225315
0.10637654880628589,0.14204545454545456,0.18661829907295446
0.1066787549108492,0.141643059490085,0.186819830713422
0.10698096101541252,0.14124293785310735,0.18692059653365578
0.10728316711997582,0.14084507042253522,0.18762595727529222
0.10758537322453914,0.1404494382022472,0.187726723095526
0.10788757932910245,0.1400560224089636,0.18823055219669485
0.10818978543366577,0.13966480446927373,0.18833131801692868
0.10849199153822907,0.14206128133704735,0.18833131801692868
0.10879419764279238,0.14166666666666666,0.18843208383716245
0.1090964037473557,0.14127423822714683,0.18883514711809757
0.10939860985191902,0.1408839779005525,0.1889359129383313
0.10970081595648232,0.14325068870523416,0.18954050785973398
0.11000302206104563,0.14285714285714285,0.1901451027811366
0.11030522816560895,0.14520547945205478,0.19014510278113664
0.11060743427017226,0.1448087431693989,0.19034663442160418
0.11090964037473557,0.1444141689373297,0.19064893188230556
0.11121184647929888,0.14402173913043478,0.19115276098347442
0.1115140525838622,0.14634146341463414,0.19145505844417574
0.11181625868842551,0.14594594594594595,0.19155582426440954
0.11211846479298881,0.14555256064690028,0.19155582426440954
0.11242067089755213,0.14516129032258066,0.19175735590487708
0.11272287700211545,0.1447721179624665,0.19195888754534463
0.11302508310667876,0.1443850267379679,0.19266424828698103
0.11332728921124206,0.144,0.1928657799274486
0.11362949531580538,0.14361702127659576,0.1937726723095526
0.1139317014203687,0.14323607427055704,0.19387343812978639
0.11423390752493201,0.14285714285714285,0.19407496977025393
0.11453611362949531,0.14511873350923482,0.19427650141072147
0.11483831973405863,0.14473684210526316,0.19437726723095528
0.11514052583862194,0.14435695538057744,0.1945787988714228
0.11544273194318526,0.14659685863874344,0.1954856912535268
0.11574493804774856,0.1462140992167102,0.19578798871422812
0.11604714415231188,0.14583333333333334,0.1960902861749295
0.11634935025687519,0.14805194805194805,0.1963925836356308
0.11665155636143851,0.14766839378238342,0.19669488109633212
0.11695376246600181,0.14728682170542637,0.19740024183796856
0.11725596857056513,0.14690721649484537,0.19740024183796856
0.11755817467512844,0.14652956298200515,0.19740024183796856
0.11786038077969176,0.14615384615384616,0.19770253929866988
0.11816258688425506,0.1483375959079284,0.198105602579605
0.11846479298881837,0.14795918367346939,0.198105602579605
0.11876699909338169,0.1475826972010178,0.19830713422007254
0.119069205197945,0.14720812182741116,0.19850866586054008
0.1193714113025083,0.14936708860759493,0.19860943168077386
0.11967361740707162,0.14898989898989898,0.1986094316807739
0.11997582351163494,0.15113350125944586,0.19881096332124146
0.12027802961619825,0.1507537688442211,0.19911326078194277
0.12058023572076156,0.15037593984962405,0.1994155582426441
0.12088244182532487,0.15,0.1995163240628779
0.12118464792988819,0.15211970074812967,0.19961708988311164
0.1214868540344515,0.1517412935323383,0.1998186215235792
0.1217890601390148,0.1513647642679901,0.19991938734381298
0.12209126624357812,0.15346534653465346,0.19991938734381298
0.12239347234814144,0.15308641975308643,0.20002015316404675
0.12269567845270475,0.15270935960591134,0.2002216848045143
0.12299788455726805,0.1547911547911548,0.20052398226521564
0.12330009066183137,0.15441176470588236,0.20062474808544942
0.12360229676639468,0.15403422982885084,0.2007255139056832
0.123904502870958,0.15609756097560976,0.20112857718661828
0.1242067089755213,0.15571776155717762,0.2014308746473196
0.12450891508008462,0.1553398058252427,0.2014308746473196
0.12481112118464793,0.1549636803874092,0.20173317210802097
0.12511332728921123,0.15458937198067632,0.20264006449012495
0.12541553339377456,0.15421686746987953,0.20264006449012495
0.12571773949833787,0.15384615384615385,0.20284159613059252
0.12601994560290117,0.15347721822541965,0.20304312777106007
0.1263221517074645,0.15311004784688995,0.20304312777106007
0.1266243578120278,0.15274463007159905,0.20334542523176138
0.12692656391659113,0.1523809523809524,0.20344619105199516
0.12722877002115443,0.15201900237529692,0.20415155179363156
0.12753097612571773,0.15165876777251186,0.20415155179363162
0.12783318223028106,0.15130023640661938,0.2045546150745667
0.12813538833484436,0.15330188679245282,0.20475614671503428
0.12843759443940767,0.15294117647058825,0.20495767835550183
0.128739800543971,0.15258215962441316,0.20495767835550183
0.1290420066485343,0.1522248243559719,0.20546150745667072
0.12934421275309763,0.15186915887850466,0.20566303909713826
0.12964641885766093,0.15151515151515152,0.20576380491737203
0.12994862496222423,0.1511627906976744,0.2058645707376058
0.13025083106678756,0.15081206496519722,0.20596533655783955
0.13055303717135086,0.1527777777777778,0.20616686819830712
0.13085524327591416,0.15473441108545036,0.20636839983877472
0.1311574493804775,0.1543778801843318,0.20646916565900844
0.1314596554850408,0.15402298850574714,0.20656993147924227
0.13176186158960412,0.1536697247706422,0.20667069729947599
0.13206406769416743,0.15560640732265446,0.20677146311970981
0.13236627379873073,0.1552511415525114,0.20808141878274888
0.13266847990329406,0.1571753986332574,0.20818218460298268
0.13297068600785736,0.15681818181818183,0.20828295042321646
0.13327289211242066,0.1564625850340136,0.20898831116485286
0.133575098216984,0.15610859728506787,0.20929060862555418
0.1338773043215473,0.15575620767494355,0.20949214026602178
0.13417951042611062,0.1554054054054054,0.20969367190648933
0.13448171653067392,0.1550561797752809,0.20999596936719064
0.13478392263523722,0.1547085201793722,0.210298266827892
0.13508612873980055,0.15436241610738255,0.21070133010882708
0.13538833484436386,0.15401785714285715,0.2111043933897622
0.13569054094892716,0.15367483296213807,0.21150745667069729
0.1359927470534905,0.15333333333333332,0.2120112857718662
0.1362949531580538,0.15299334811529933,0.21301894397420396
0.13659715926261712,0.15486725663716813,0.2132204756146715
0.13689936536718042,0.15673289183222958,0.21342200725513905
0.13720157147174372,0.15859030837004406,0.21342200725513907
0.13750377757630705,0.15824175824175823,0.21352277307537285
0.13780598368087035,0.1600877192982456,0.21362353889560662
0.13810818978543365,0.16192560175054704,0.21382507053607416
0.13841039588999698,0.1615720524017467,0.21382507053607416
0.1387126019945603,0.16122004357298475,0.21382507053607416
0.13901480809912362,0.1608695652173913,0.2139258363563079
0.13931701420368692,0.16268980477223427,0.21392583635630794
0.13961922030825022,0.16233766233766234,0.21432889963724303
0.13992142641281355,0.16198704103671707,0.21473196291817817
0.14022363251737685,0.16163793103448276,0.21523579201934703
0.14052583862194015,0.16129032258064516,0.2154373236598146
0.14082804472650348,0.1609442060085837,0.21563885530028215
0.14113025083106678,0.16274089935760172,0.21563885530028215
0.1414324569356301,0.1623931623931624,0.216142684401451
0.14173466304019341,0.16417910447761194,0.21614268440145104
0.14203686914475672,0.16382978723404254,0.21634421604191859
0.14233907524932005,0.16560509554140126,0.21644498186215233
0.14264128135388335,0.1652542372881356,0.2175534058847239
0.14294348745844665,0.16701902748414377,0.2175534058847239
0.14324569356300998,0.16666666666666666,0.21775493752519146
0.14354789966757328,0.16631578947368422,0.2180572349858928
0.1438501057721366,0.16596638655462184,0.21825876662636032
0.1441523118766999,0.16561844863731656,0.21825876662636032
0.14445451798126321,0.16527196652719664,0.21835953244659412
0.14475672408582654,0.16701461377870563,0.2184602982668279
0.14505893019038985,0.16666666666666666,0.21856106408706166
0.14536113629495315,0.16632016632016633,0.21906489318823055
0.14566334239951648,0.16804979253112035,0.21936719064893187
0.14596554850407978,0.16977225672877846,0.21956872228939942
0.1462677546086431,0.16942148760330578,0.2196694881096332
0.1465699607132064,0.1711340206185567,0.22007255139056828
0.1468721668177697,0.1728395061728395,0.22077791213220477
0.14717437292233304,0.17248459958932238,0.22108020959290609
0.14747657902689634,0.1721311475409836,0.22128174123337366
0.14777878513145964,0.17177914110429449,0.22158403869407495
0.14808099123602297,0.17142857142857143,0.22178557033454252
0.14838319734058628,0.1710794297352342,0.22228939943571138
0.1486854034451496,0.17073170731707318,0.22299476017734784
0.1489876095497129,0.17038539553752535,0.22370012091898428
0.1492898156542762,0.1700404858299595,0.22460701330108826
0.14959202175883954,0.1696969696969697,0.2252116082224909
0.14989422786340284,0.1693548387096774,0.2254131398629585
0.15019643396796614,0.16901408450704225,0.22551390568319227
0.15049864007252947,0.1686746987951807,0.22561467150342604
0.15080084617709277,0.1683366733466934,0.2257154373236598
0.1511030522816561,0.17,0.22581620314389358
0.1514052583862194,0.16966067864271456,0.22642079806529625
0.1517074644907827,0.1693227091633466,0.22642079806529625
0.15200967059534604,0.16898608349900596,0.22652156388553002
0.15231187669990934,0.16865079365079366,0.22652156388553005
0.15261408280447264,0.16831683168316833,0.2266223297057638
0.15291628890903597,0.16798418972332016,0.22672309552599756
0.15321849501359927,0.16765285996055226,0.22682386134623136
0.1535207011181626,0.1673228346456693,0.22773075372833532
0.1538229072227259,0.16699410609037327,0.22803305118903663
0.1541251133272892,0.16666666666666666,0.22813381700927046
0.15442731943185253,0.16634050880626222,0.2288391777509069
0.15472952553641584,0.166015625,0.2288391777509069
0.15503173164097914,0.16569200779727095,0.22893994357114067
0.15533393774554247,0.16536964980544747,0.22893994357114067
0.15563614385010577,0.1650485436893204,0.22893994357114067
0.1559383499546691,0.16666666666666666,0.2293430068520758
0.1562405560592324,0.16634429400386846,0.22964530431277708
0.1565427621637957,0.16602316602316602,0.22974607013301088
0.15684496826835903,0.1676300578034682,0.23035066505441357
0.15714717437292233,0.16923076923076924,0.2305521966948811
0.15744938047748563,0.1689059500959693,0.23065296251511488
0.15775158658204896,0.1685823754789272,0.23075372833534866
0.15805379268661227,0.1682600382409178,0.23135832325675132
0.1583559987911756,0.16793893129770993,0.23196291817815395
0.1586582048957389,0.1676190476190476,0.23196291817815395
0.1589604110003022,0.16730038022813687,0.2321644498186215
0.15926261710486553,0.16698292220113853,0.23246674727932284
0.15956482320942883,0.16666666666666666,0.23276904474002416
0.15986702931399213,0.166351606805293,0.23286981056025793
0.16016923541855546,0.1660377358490566,0.23286981056025793
0.16047144152311876,0.16760828625235405,0.2335751713018944
0.1607736476276821,0.16729323308270677,0.23397823458282951
0.1610758537322454,0.1669793621013133,0.23428053204353083
0.1613780598368087,0.16666666666666666,0.23438129786376463
0.16168026594137203,0.16635514018691588,0.23458282950423215
0.16198247204593533,0.166044776119403,0.23458282950423218
0.16228467815049863,0.16573556797020483,0.23468359532446592
0.16258688425506196,0.1654275092936803,0.23468359532446592
0.16288909035962526,0.16512059369202226,0.23538895606610236
0.1631912964641886,0.1648148148148148,0.2353889560661024
0.1634935025687519,0.1645101663585952,0.2355904877065699
0.1637957086733152,0.16420664206642066,0.23609431680773882
0.16409791477787852,0.16390423572744015,0.23629584844820636
0.16440012088244182,0.1636029411764706,0.2371019750100766
0.16470232698700513,0.163302752293578,0.23730350665054412
0.16500453309156846,0.163003663003663,0.2374042724707779
0.16530673919613176,0.16270566727605118,0.2375050382910117
0.1656089453006951,0.1624087591240876,0.2375050382910117
0.1659111514052584,0.16393442622950818,0.23760580411124546
0.1662133575098217,0.16363636363636364,0.23770656993147923
0.16651556361438502,0.16333938294010888,0.23810963321241432
0.16681776971894832,0.16304347826086957,0.23821039903264815
0.16711997582351162,0.162748643761302,0.23831116485288187
0.16742218192807495,0.16425992779783394,0.238714228133817
0.16772438803263826,0.16396396396396395,0.23881499395405079
0.16802659413720158,0.16366906474820145,0.23901652559451833
0.1683288002417649,0.16337522441651706,0.23911729141475213
0.1686310063463282,0.16308243727598568,0.23911729141475213
0.16893321245089152,0.16279069767441862,0.23972188633615477
0.16923541855545482,0.1625,0.2399234179766223
0.16953762466001812,0.1622103386809269,0.2399234179766223
0.16983983076458145,0.1619217081850534,0.24002418379685608
0.17014203686914475,0.16163410301953818,0.2400241837968561
0.17044424297370808,0.16134751773049646,0.24042724707779126
0.17074644907827138,0.16106194690265488,0.24093107617896012
0.17104865518283469,0.1607773851590106,0.24123337363966144
0.17135086128739802,0.16225749559082892,0.24153567110036275
0.17165306739196132,0.1619718309859155,0.24153567110036275
0.17195527349652462,0.1616871704745167,0.24173720274083033
0.17225747960108795,0.16140350877192983,0.2418379685610641
0.17255968570565125,0.16112084063047286,0.24203950020153164
0.17286189181021458,0.16083916083916083,0.24203950020153164
0.17316409791477788,0.16055846422338568,0.2422410318419992
0.17346630401934118,0.1602787456445993,0.24244256348246676
0.1737685101239045,0.16,0.2425433293027005
0.17407071622846781,0.16145833333333334,0.24294639258363562
0.17437292233303112,0.1611785095320624,0.2430471584038694
0.17467512843759445,0.16089965397923875,0.24314792422410317
0.17497733454215775,0.16062176165803108,0.2433494558645707
0.17527954064672108,0.16034482758620688,0.2439540507859734
0.17558174675128438,0.16006884681583478,0.2439540507859734
0.17588395285584768,0.15979381443298968,0.24415558242644098
0.176186158960411,0.1595197255574614,0.2444578798871423
0.1764883650649743,0.15924657534246575,0.24455864570737604
0.1767905711695376,0.15897435897435896,0.24465941152760984
0.17709277727410094,0.16040955631399317,0.24486094316807736
0.17739498337866424,0.16013628620102216,0.24486094316807738
0.17769718948322757,0.1598639455782313,0.24496170898831116
0.17799939558779088,0.15959252971137522,0.2451632406287787
0.17830160169235418,0.15932203389830507,0.24586860137041514
0.1786038077969175,0.15905245346869712,0.2461708988311165
0.1789060139014808,0.15878378378378377,0.24677549375251914
0.1792082200060441,0.16020236087689713,0.24717855703345426
0.17951042611060744,0.16161616161616163,0.24727932285368806
0.17981263221517074,0.16134453781512606,0.2473800886739218
0.18011483831973407,0.1610738255033557,0.2473800886739218
0.18041704442429737,0.16080402010050251,0.24748085449415558
0.18071925052886068,0.1605351170568562,0.24828698105602579
0.181021456633424,0.16026711185308848,0.24848851269649339
0.1813236627379873,0.16,0.24858927851672716
0.1816258688425506,0.15973377703826955,0.24869004433696087
0.18192807494711394,0.15946843853820597,0.2487908101571947
0.18223028105167724,0.15920398009950248,0.2489923417976622
0.18253248715624057,0.1605960264900662,0.24909310761789602
0.18283469326080387,0.16033057851239668,0.24909310761789602
0.18313689936536717,0.1617161716171617,0.24939540507859737
0.1834391054699305,0.1614497528830313,0.24969770253929865
0.1837413115744938,0.1611842105263158,0.24969770253929868
0.1840435176790571,0.16091954022988506,0.24969770253929868
0.18434572378362044,0.16229508196721312,0.24979846835953246
0.18464792988818374,0.16202945990180032,0.24989923417976623
0.18495013599274707,0.16339869281045752,0.2506045949214027
0.18525234209731037,0.1631321370309951,0.25070536074163646
0.18555454820187367,0.16286644951140064,0.2512091898428053
0.185856754306437,0.16260162601626016,0.25141072148327287
0.1861589604110003,0.16233766233766234,0.25151148730350664
0.1864611665155636,0.1620745542949757,0.25151148730350664
0.18676337262012693,0.16181229773462782,0.2520153164046755
0.18706557872469023,0.16155088852988692,0.2523176138653769
0.18736778482925356,0.1629032258064516,0.2523176138653769
0.18766999093381687,0.16264090177133655,0.2530229746070133
0.18797219703838017,0.16237942122186494,0.25302297460701334
0.1882744031429435,0.16211878009630817,0.25302297460701334
0.1885766092475068,0.16346153846153846,0.253627569528416
0.1888788153520701,0.1632,0.2538291011688835
0.18918102145663343,0.16293929712460065,0.2539298669891173
0.18948322756119673,0.16267942583732056,0.25413139862958484
0.18978543366576006,0.1624203821656051,0.25443369609028615
0.19008763977032336,0.16216216216216217,0.25443369609028615
0.19038984587488667,0.1619047619047619,0.2545344619105199
0.19069205197945,0.16164817749603805,0.2546352277307537
0.1909942580840133,0.16139240506329114,0.25544135429262393
0.1912964641885766,0.16113744075829384,0.25544135429262393
0.19159867029313993,0.1608832807570978,0.25594518339379285
0.19190087639770323,0.16220472440944883,0.25665054413542926
0.19220308250226656,0.1619496855345912,0.2571543732365981
0.19250528860682986,0.16169544740973313,0.2572551390568319
0.19280749471139316,0.1614420062695925,0.25745667069729944
0.1931097008159565,0.16118935837245696,0.2577589681580008
0.1934119069205198,0.1609375,0.2584643288996373
0.1937141130250831,0.1606864274570983,0.2584643288996373
0.19401631912964643,0.16043613707165108,0.25896815800080614
0.19431852523420973,0.16174183514774496,0.2590689238210399
0.19462073133877306,0.16149068322981366,0.2597742845626763
0.19492293744333636,0.16279069767441862,0.25997581620314386
0.19522514354789966,0.16253869969040247,0.25997581620314386
0.195527349652463,0.16228748068006182,0.25997581620314386
0.1958295557570263,0.16203703703703703,0.26027811366384523
0.1961317618615896,0.1617873651771957,0.26027811366384523
0.19643396796615292,0.16153846153846155,0.26027811366384523
0.19673617407071622,0.16129032258064516,0.2606811769447803
0.19703838017527955,0.16104294478527606,0.26088270858524787
0.19734058627984286,0.16079632465543645,0.26148730350665056
0.19764279238440616,0.16055045871559634,0.2617896009673519
0.1979449984889695,0.16030534351145037,0.26189036678758565
0.1982472045935328,0.1600609756097561,0.2620918984280532
0.1985494106980961,0.1598173515981735,0.2624949617089883
0.19885161680265942,0.1595744680851064,0.26289802498992343
0.19915382290722272,0.15933232169954475,0.26299879081015715
0.19945602901178605,0.1590909090909091,0.263099556630391
0.19975823511634935,0.1588502269288956,0.263099556630391
0.20006044122091265,0.15861027190332327,0.26320032245062475
0.20036264732547598,0.1583710407239819,0.2633010882708585
0.20066485343003929,0.15813253012048192,0.2633010882708585
0.2009670595346026,0.15789473684210525,0.264006449012495
0.20126926563916592,0.15765765765765766,0.26481257557436516
0.20157147174372922,0.15742128935532235,0.26491334139459893
0.20187367784829255,0.15718562874251496,0.2651148730350665
0.20217588395285585,0.15695067264573992,0.2652156388553003
0.20247809005741915,0.1582089552238806,0.265316404675534
0.20278029616198248,0.15797317436661698,0.26571946795646917
0.20308250226654578,0.15922619047619047,0.26571946795646917
0.20338470837110909,0.1589895988112927,0.2658202337767029
0.20368691447567241,0.16023738872403562,0.26582023377670294
0.20398912058023572,0.16,0.2659209995969367
0.20429132668479905,0.15976331360946747,0.2660217654171705
0.20459353278936235,0.16100443131462333,0.2669286577992745
0.20489573889392565,0.1607669616519174,0.26702942361950827
0.20519794499848898,0.16053019145802652,0.26743248690044336
0.20550015110305228,0.16029411764705884,0.2676340185409109
0.20580235720761558,0.16005873715124816,0.2676340185409109
0.2061045633121789,0.1598240469208211,0.2676340185409109
0.20640676941674221,0.16105417276720352,0.268037081821846
0.20670897552130554,0.1608187134502924,0.26833937928254736
0.20701118162586885,0.16058394160583941,0.2686416767432487
0.20731338773043215,0.16034985422740525,0.2688432083837162
0.20761559383499548,0.1615720524017467,0.2688432083837162
0.20791779993955878,0.1613372093023256,0.26894397420395005
0.20822000604412208,0.16110304789550073,0.26924627166465137
0.2085222121486854,0.1608695652173913,0.2694478033051189
0.2088244182532487,0.16063675832127353,0.269850866586054
0.20912662435781204,0.16184971098265896,0.269850866586054
0.20942883046237534,0.16161616161616163,0.2699516324062878
0.20973103656693864,0.1628242074927954,0.2699516324062878
0.21003324267150197,0.16258992805755396,0.2702539298669891
0.21033544877606528,0.16379310344827586,0.27055622732769047
0.21063765488062858,0.16355810616929697,0.2706569931479242
0.2109398609851919,0.16332378223495703,0.27075775896815796
0.2112420670897552,0.1630901287553648,0.27085852478839173
0.21154427319431854,0.16285714285714287,0.2711608222490931
0.21184647929888184,0.16262482168330955,0.27126158806932693
0.21214868540344514,0.1623931623931624,0.271664651350262
0.21245089150800847,0.16216216216216217,0.27186618299072957
0.21275309761257177,0.16193181818181818,0.27196694881096334
0.21305530371713507,0.16170212765957448,0.27196694881096334
0.2133575098216984,0.16147308781869688,0.27226924627166466
0.2136597159262617,0.16124469589816123,0.2724707779121322
0.21396192203082504,0.16101694915254236,0.2724707779121322
0.21426412813538834,0.1622002820874471,0.27267230955259975
0.21456633423995164,0.16338028169014085,0.2727730753728335
0.21486854034451497,0.1631504922644163,0.2727730753728335
0.21517074644907827,0.16292134831460675,0.27297460701330106
0.21547295255364157,0.1640953716690042,0.2732769044740024
0.2157751586582049,0.1638655462184874,0.2733776702942362
0.2160773647627682,0.16363636363636364,0.27388149939540507
0.21637957086733153,0.1634078212290503,0.2741837968561064
0.21668177697189483,0.16317991631799164,0.2742845626763402
0.21698398307645814,0.16295264623955433,0.274385328496574
0.21728618918102147,0.1627260083449235,0.2746876259572753
0.21758839528558477,0.1625,0.2749899234179766
0.21789060139014807,0.1622746185852982,0.27579604997984686
0.2181928074947114,0.16204986149584488,0.2760983474405482
0.2184950135992747,0.1632088520055325,0.27670294236195087
0.21879721970383803,0.1643646408839779,0.27680370818218464
0.21909942580840133,0.16413793103448276,0.2769044740024184
0.21940163191296463,0.16391184573002754,0.27710600564288596
0.21970383801752796,0.16368638239339753,0.27750906892382105
0.22000604412209127,0.16346153846153846,0.27821442966545745
0.22030825022665457,0.16323731138545952,0.2783151954856912
0.2206104563312179,0.16301369863013698,0.2783151954856913
0.2209126624357812,0.16279069767441862,0.2783151954856913
0.22121486854034453,0.16393442622950818,0.2783151954856913
0.22151707464490783,0.16371077762619374,0.27851672712615877
0.22181928074947113,0.16348773841961853,0.27871825876662637
0.22212148685403446,0.16326530612244897,0.2788190245868602
0.22242369295859776,0.16304347826086957,0.2790205562273277
0.22272589906316106,0.16417910447761194,0.27942361950826283
0.2230281051677244,0.16395663956639567,0.27952438532849655
0.2233303112722877,0.16373477672530445,0.2796251511487304
0.22363251737685103,0.1635135135135135,0.2797259169689641
0.22393472348141433,0.1632928475033738,0.28012898024989924
0.22423692958597763,0.16307277628032346,0.2809351068117694
0.22453913569054096,0.16285329744279947,0.2809351068117694
0.22484134179510426,0.16263440860215053,0.281136638452237
0.22514354789966756,0.16241610738255033,0.28143893591293834
0.2254457540042309,0.16219839142091153,0.2815397017331721
0.2257479601087942,0.16198125836680052,0.2816404675534059
0.22605016621335752,0.16310160427807488,0.28204353083434097
0.22635237231792082,0.1628838451268358,0.2822450624748086
0.22665457842248413,0.16266666666666665,0.2824465941152761
0.22695678452704746,0.16245006657789615,0.2824465941152761
0.22725899063161076,0.1622340425531915,0.282950423216445
0.22756119673617406,0.16334661354581673,0.28305118903667875
0.2278634028407374,0.16445623342175067,0.28305118903667875
0.2281656089453007,0.16423841059602648,0.28355501813784767
0.22846781504986402,0.164021164021164,0.28355501813784767
0.22877002115442732,0.16512549537648613,0.283857315598549
0.22907222725899062,0.16490765171503957,0.283857315598549
0.22937443336355395,0.16469038208168643,0.283857315598549
0.22967663946811726,0.16578947368421051,0.28426037887948413
0.22997884557268056,0.16688567674113008,0.2844619105199516
0.2302810516772439,0.1679790026246719,0.2846634421604192
0.2305832577818072,0.16775884665792923,0.28486497380088677
0.23088546388637052,0.16753926701570682,0.2851672712615881
0.23118766999093382,0.16862745098039217,0.28526803708182186
0.23148987609549712,0.16840731070496084,0.28526803708182186
0.23179208220006045,0.1694915254237288,0.2858726320032245
0.23209428830462375,0.16927083333333334,0.28597339782345826
0.23239649440918705,0.16905071521456436,0.28597339782345826
0.23269870051375038,0.16883116883116883,0.28617492946392586
0.23300090661831369,0.16861219195849547,0.2862756952841596
0.23330311272287702,0.16839378238341968,0.28637646110439335
0.23360531882744032,0.16817593790426907,0.2864772269246271
0.23390752493200362,0.16795865633074936,0.2865779927448609
0.23420973103656695,0.16774193548387098,0.2866787585650947
0.23451193714113025,0.16752577319587628,0.28688029020556227
0.23481414324569355,0.16731016731016732,0.28698105602579604
0.23511634935025688,0.16709511568123395,0.28708182184602987
0.23541855545482018,0.1681643132220796,0.28718258766626364
0.2357207615593835,0.16794871794871793,0.2872833534864974
0.23602296766394681,0.1677336747759283,0.28748488512696496
0.23632517376851012,0.16751918158567775,0.28748488512696496
0.23662737987307345,0.1673052362707535,0.28758565094719873
0.23692958597763675,0.1683673469387755,0.28788794840790005
0.23723179208220005,0.1681528662420382,0.2879887142281338
0.23753399818676338,0.16793893129770993,0.28819024586860137
0.23783620429132668,0.16899618805590852,0.28829101168883514
0.23813841039589,0.16878172588832488,0.28829101168883514
0.2384406165004533,0.16856780735107732,0.28929866989117287
0.2387428226050166,0.16962025316455695,0.289298669891173
0.23904502870957994,0.16940581542351454,0.2893994357114067
0.23934723481414324,0.1691919191919192,0.2893994357114067
0.23964944091870655,0.16897856242118536,0.2893994357114067
0.23995164702326988,0.16876574307304787,0.2904070939137445
0.24025385312783318,0.16981132075471697,0.2911124546553809
0.2405560592323965,0.16959798994974876,0.2911124546553809
0.2408582653369598,0.16938519447929737,0.29252317613865375
0.2411604714415231,0.16917293233082706,0.293329302700524
0.24146267754608644,0.16896120150187735,0.29353083434099153
0.24176488365064974,0.16875,0.2936316001612253
0.24206708975521304,0.16853932584269662,0.2937323659814591
0.24236929585977637,0.16832917705735662,0.29413542926239417
0.24267150196433968,0.16811955168119552,0.294236195082628
0.242973708068903,0.16791044776119404,0.2946392583635631
0.2432759141734663,0.16770186335403728,0.29474002418379686
0.2435781202780296,0.1674937965260546,0.2952438532849658
0.24388032638259294,0.16728624535315986,0.29574768238613464
0.24418253248715624,0.1670792079207921,0.2962515114873035
0.24448473859171954,0.1681087762669963,0.29645304312777104
0.24478694469628287,0.16913580246913582,0.2965538089480048
0.24508915080084617,0.16892725030826142,0.2965538089480048
0.2453913569054095,0.1687192118226601,0.29675534058847236
0.2456935630099728,0.16851168511685116,0.29675534058847236
0.2459957691145361,0.1683046683046683,0.29735993550987505
0.24629797521909944,0.16809815950920245,0.29776299879081014
0.24660018132366274,0.16789215686274508,0.2985691253526804
0.24690238742822604,0.16768665850673195,0.29866989117291415
0.24720459353278937,0.16748166259168704,0.29866989117291415
0.24750679963735267,0.16727716727716727,0.2987706569931479
0.247809005741916,0.16707317073170733,0.2987706569931479
0.2481112118464793,0.1668696711327649,0.29907295445384924
0.2484134179510426,0.1678832116788321,0.29937525191455056
0.24871562405560593,0.16767922235722965,0.2995767835550181
0.24901783016016923,0.16747572815533981,0.29957678355501816
0.24932003626473254,0.1684848484848485,0.300080612656187
0.24962224236929587,0.1682808716707022,0.30018137847642085
0.24992444847385917,0.16928657799274485,0.30068520757758965
0.25022665457842247,0.16908212560386474,0.3006852075775897
0.2505288606829858,0.16887816646562123,0.3007859733978235
0.25083106678754913,0.1686746987951807,0.3008867392180572
0.2511332728921124,0.1684717208182912,0.30088673921805725
0.25143547899667573,0.16826923076923078,0.30118903667875857
0.25173768510123906,0.16806722689075632,0.30128980249899234
0.25203989120580234,0.16786570743405277,0.3014913341394599
0.25234209731036567,0.1688622754491018,0.30159209995969366
0.252644303414929,0.1686602870813397,0.3030028214429666
0.25294650951949227,0.16845878136200718,0.30320435308343413
0.2532487156240556,0.16825775656324582,0.3033051189036679
0.2535509217286189,0.16805721096543505,0.30350665054413545
0.25385312783318226,0.16785714285714284,0.303708182184603
0.25415533393774553,0.16765755053507728,0.30390971382507054
0.25445754004230886,0.16864608076009502,0.3043127771060056
0.2547597461468722,0.16844602609727166,0.3044135429262394
0.25506195225143546,0.16824644549763032,0.30461507456670694
0.2553641583559988,0.1680473372781065,0.3047158403869408
0.2556663644605621,0.16784869976359337,0.30521966948810964
0.2559685705651254,0.16765053128689492,0.305521966948811
0.2562707766696887,0.16745283018867924,0.30572349858927855
0.25657298277425206,0.16725559481743227,0.3062273276904474
0.25687518887881533,0.16705882352941176,0.30642885933091496
0.25717739498337866,0.16803760282021152,0.30723498589278514
0.257479601087942,0.16784037558685447,0.30794034663442155
0.25778180719250526,0.16764361078546308,0.30814187827488915
0.2580840132970686,0.16744730679156908,0.3083434099153567
0.2583862194016319,0.1672514619883041,0.3085449415558243
0.25868842550619525,0.16705607476635514,0.30874647319629184
0.2589906316107585,0.16686114352392065,0.30985489721886333
0.25929283771532186,0.16783216783216784,0.30995566303909716
0.2595950438198852,0.16763678696158324,0.310459492140266
0.25989724992444846,0.1686046511627907,0.31066102378073357
0.2601994560290118,0.16840882694541232,0.31106408706166866
0.2605016621335751,0.16821345707656613,0.3110640870616687
0.2608038682381384,0.16801853997682503,0.31126561870213626
0.2611060743427017,0.16782407407407407,0.31126561870213626
0.26140828044726505,0.1676300578034682,0.31126561870213626
0.2617104865518283,0.1674364896073903,0.3114671503426038
0.26201269265639165,0.16839677047289503,0.31166868198307135
0.262314898760955,0.16820276497695852,0.31166868198307135
0.26261710486551826,0.16800920598388952,0.31197097944377267
0.2629193109700816,0.167816091954023,0.3120717452640065
0.2632215170746449,0.16762342135476463,0.31247480854494153
0.26352372317920825,0.16743119266055045,0.31277710600564285
0.2638259292837715,0.1672394043528064,0.3128778718258767
0.26412813538833485,0.16704805491990846,0.3129786376461104
0.2644303414928982,0.168,0.313180169286578
0.26473254759746145,0.1678082191780822,0.31328093510681176
0.2650347537020248,0.1676168757126568,0.31328093510681176
0.2653369598065881,0.1674259681093394,0.3133817009270456
0.2656391659111514,0.16723549488054607,0.3134824667472793
0.2659413720157147,0.16704545454545455,0.3134824667472793
0.26624357812027805,0.16685584562996594,0.3137847642079806
0.2665457842248413,0.16666666666666666,0.3138855300282144
0.26684799032940465,0.16761041902604756,0.3138855300282144
0.267150196433968,0.167420814479638,0.31408706166868194
0.26745240253853125,0.1672316384180791,0.314087061668682
0.2677546086430946,0.1670428893905192,0.31418782748891577
0.2680568147476579,0.1668545659526494,0.31418782748891577
0.26835902085222124,0.16666666666666666,0.3144901249496171
0.2686612269567845,0.16760404949381327,0.3147924224103184
0.26896343306134785,0.16741573033707866,0.31519548569125355
0.2692656391659112,0.16722783389450055,0.31569931479242236
0.26956784527047445,0.16704035874439463,0.31660620717452637
0.2698700513750378,0.167973124300112,0.31680773881499397
0.2701722574796011,0.16778523489932887,0.3170092704554615
0.2704744635841644,0.16759776536312848,0.3170092704554615
0.2707766696887277,0.16741071428571427,0.3174123337363966
0.27107887579329104,0.16722408026755853,0.31801692865779924
0.2713810818978543,0.16703786191536749,0.31811769447803306
0.27168328800241764,0.1668520578420467,0.3182184602982668
0.271985494106981,0.16666666666666666,0.31852075775896815
0.27228770021154425,0.16759156492785793,0.3187222893994357
0.2725899063161076,0.1674057649667406,0.31892382103990324
0.2728921124206709,0.1672203765227021,0.3193268843208384
0.27319431852523424,0.1670353982300885,0.32003224506247485
0.2734965246297975,0.16795580110497238,0.32023377670294234
0.27379873073436084,0.16887417218543047,0.32043530834340994
0.27410093683892417,0.16979051819184124,0.3206368399838775
0.27440314294348744,0.1696035242290749,0.3207376058041112
0.2747053490480508,0.1694169416941694,0.3210399032648126
0.2750075551526141,0.16923076923076924,0.32144296654574767
0.2753097612571774,0.1690450054884742,0.32144296654574767
0.2756119673617407,0.1699561403508772,0.3215437323659815
0.27591417346630404,0.16976998904709747,0.3216444981862152
0.2762163795708673,0.16958424507658643,0.3219467956469166
0.27651858567543064,0.16939890710382513,0.32204756146715036
0.27682079177999397,0.16921397379912664,0.3223498589278517
0.27712299788455724,0.17011995637949837,0.32245062474808545
0.2774252039891206,0.1710239651416122,0.32245062474808545
0.2777274100936839,0.1708378672470076,0.32275292220878676
0.27802961619824723,0.17065217391304346,0.3227529222087868
0.2783318223028105,0.17046688382193267,0.3229544538492543
0.27863402840737383,0.1702819956616052,0.32345828295042317
0.27893623451193716,0.17118093174431204,0.3236598145908908
0.27923844061650044,0.170995670995671,0.32436517533252723
0.27954064672106377,0.17189189189189188,0.3248690044336961
0.2798428528256271,0.1717062634989201,0.3251713018943974
0.28014505893019037,0.1715210355987055,0.32547359935509873
0.2804472650347537,0.1724137931034483,0.32577589681580005
0.28074947113931703,0.17330462863293863,0.3257758968158001
0.2810516772438803,0.17311827956989248,0.32597742845626765
0.28135388334844363,0.17400644468313642,0.32607819427650137
0.28165608945300696,0.17489270386266095,0.3260781942765014
0.28195829555757024,0.17470525187566988,0.3260781942765014
0.28226050166213357,0.1745182012847966,0.3264812575574365
0.2825627077666969,0.17433155080213902,0.3265820233776703
0.2828649138712602,0.17414529914529914,0.3268843208383716
0.2831671199758235,0.17395944503735325,0.32728738411930675
0.28346932608038683,0.17377398720682302,0.32758968158000806
0.28377153218495016,0.17465388711395102,0.32769044740024184
0.28407373828951343,0.17446808510638298,0.32769044740024184
0.28437594439407676,0.1742826780021254,0.3280935106811769
0.2846781504986401,0.1751592356687898,0.328093510681177
0.28498035660320337,0.17497348886532343,0.3281942765014107
0.2852825627077667,0.17584745762711865,0.3281942765014107
0.28558476881233,0.17566137566137566,0.32829504232164447
0.2858869749168933,0.17547568710359407,0.32829504232164447
0.28618918102145663,0.17529039070749736,0.32839580814187824
0.28649138712601996,0.1751054852320675,0.3283958081418783
0.28679359323058323,0.17597471022128555,0.3287988714228134
0.28709579933514656,0.17578947368421052,0.32889963724304716
0.2873980054397099,0.17560462670872765,0.3292019347037485
0.2877002115442732,0.17542016806722688,0.32950423216444985
0.2880024176488365,0.17523609653725078,0.32950423216444985
0.2883046237533998,0.1750524109014675,0.32950423216444985
0.28860682985796315,0.17486910994764399,0.32960499798468357
0.28890903596252643,0.17468619246861924,0.3296049979846836
0.28921124206708976,0.17450365726227796,0.3297057638049174
0.2895134481716531,0.174321503131524,0.32980652962515117
0.28981565427621636,0.17518248175182483,0.3301088270858525
0.2901178603807797,0.175,0.33101571946795644
0.290420066485343,0.17481789802289283,0.331217251108424
0.2907222725899063,0.17463617463617465,0.33121725110842404
0.2910244786944696,0.17445482866043613,0.33151954856912536
0.29132668479903295,0.17427385892116182,0.33162031438935907
0.2916288909035962,0.17409326424870467,0.3317210802095929
0.29193109700815956,0.17391304347826086,0.3318218460298267
0.2922333031127229,0.1737331954498449,0.3320233776702943
0.2925355092172862,0.17355371900826447,0.33212414349052805
0.2928377153218495,0.17337461300309598,0.33222490931076176
0.2931399214264128,0.17422680412371133,0.3323256751309956
0.29344212753097615,0.17507723995880536,0.3327287384119307
0.2937443336355394,0.1748971193415638,0.33323256751309954
0.29404653974010275,0.17574511819116137,0.3337363966142684
0.2943487458446661,0.175564681724846,0.33383716243450223
0.29465095194922936,0.1753846153846154,0.33393792825473606
0.2949531580537927,0.1762295081967213,0.3340386940749698
0.295255364158356,0.17707267144319344,0.3341394598952035
0.2955575702629193,0.1768916155419223,0.33434099153567115
0.2958597763674826,0.1767109295199183,0.33444175735590487
0.29616198247204595,0.17755102040816326,0.3345425231761387
0.2964641885766092,0.17737003058103976,0.33484482063684
0.29676639468117255,0.17718940936863545,0.33484482063684
0.2970686007857359,0.1770091556459817,0.3350463522773075
0.2973708068902992,0.17682926829268292,0.3350463522773075
0.2976730129948625,0.1766497461928934,0.33514711809754133
0.2979752190994258,0.17647058823529413,0.3355501813784764
0.29827742520398914,0.1773049645390071,0.3363563079403466
0.2985796313085524,0.1771255060728745,0.33635630794034665
0.29888183741311575,0.17795753286147623,0.33686013704151546
0.2991840435176791,0.17777777777777778,0.3368601370415156
0.29948624962224235,0.17759838546922302,0.3370616686819831
0.2997884557268057,0.1774193548387097,0.33716243450221683
0.300090661831369,0.1782477341389728,0.33776702942361947
0.3003928679359323,0.1790744466800805,0.33776702942361947
0.3006950740404956,0.1798994974874372,0.33806932688432084
0.30099728014505894,0.17971887550200802,0.33867392180572353
0.3012994862496222,0.17953861584754263,0.33917775090689234
0.30160169235418555,0.17935871743486975,0.33937928254736
0.3019038984587489,0.17917917917917917,0.33958081418782743
0.3022061045633122,0.179,0.33958081418782754
0.3025083106678755,0.17882117882117882,0.33958081418782754
0.3028105167724388,0.17964071856287425,0.34028617492946395
0.30311272287700214,0.1794616151545364,0.3403869407496977
0.3034149289815654,0.17928286852589642,0.34099153567110035
0.30371713508612874,0.1791044776119403,0.3411930673115679
0.30401934119069207,0.17892644135188868,0.3413945989520355
0.30432154729525535,0.17874875868917578,0.3418984280532043
0.3046237533998187,0.17857142857142858,0.3427045546150746
0.304925959504382,0.17839444995044598,0.3430068520757759
0.3052281656089453,0.1792079207920792,0.343409915356711
0.3055303717135086,0.18001978239366964,0.344316807738815
0.30583257781807194,0.17984189723320157,0.34441757355904873
0.3061347839226352,0.17966436327739388,0.3446191051995163
0.30643699002719854,0.1794871794871795,0.3446191051995163
0.30673919613176187,0.18029556650246306,0.3447198710197501
0.3070414022363252,0.18110236220472442,0.3447198710197501
0.3073436083408885,0.18092428711897737,0.34482063683998393
0.3076458144454518,0.1807465618860511,0.34482063683998393
0.30794802055001513,0.18056918547595682,0.3451229343006852
0.3082502266545784,0.1803921568627451,0.34542523176138656
0.30855243275914174,0.1802154750244858,0.34592906086255537
0.30885463886370507,0.18003913894324852,0.34643288996372434
0.30915684496826834,0.1798631476050831,0.34653365578395806
0.30945905107283167,0.1806640625,0.34693671906489315
0.309761257177395,0.18048780487804877,0.34693671906489315
0.3100634632819583,0.18128654970760233,0.3471382507053607
0.3103656693865216,0.18111002921129504,0.3472390165255945
0.31066787549108493,0.18093385214007782,0.3472390165255945
0.3109700815956482,0.18075801749271136,0.3483474405481661
0.31127228770021154,0.18058252427184465,0.3483474405481661
0.31157449380477487,0.18040737148399613,0.34844820636839985
0.3118766999093382,0.18023255813953487,0.3486497380088674
0.31217890601390147,0.18102613746369797,0.3490528012898025
0.3124811121184648,0.18181818181818182,0.3495566303909714
0.31278331822302813,0.1826086956521739,0.3496573962112051
0.3130855243275914,0.18243243243243243,0.34975816203143895
0.31338773043215473,0.18225650916104147,0.34985892785167266
0.31368993653671806,0.18208092485549132,0.34985892785167266
0.31399214264128134,0.18190567853705486,0.3498589278516728
0.31429434874584466,0.18173076923076922,0.35016122531237404
0.314596554850408,0.18155619596541786,0.35016122531237404
0.31489876095497127,0.1813819577735125,0.35026199113260786
0.3152009670595346,0.18120805369127516,0.35106811769447804
0.3155031731640979,0.18199233716475097,0.3512696493349456
0.3158053792686612,0.18181818181818182,0.35137041515517936
0.31610758537322453,0.1826003824091778,0.3515719467956469
0.31640979147778786,0.1833810888252149,0.351975010076582
0.3167119975823512,0.183206106870229,0.351975010076582
0.31701420368691446,0.18303145853193517,0.35217654171704954
0.3173164097914778,0.18285714285714286,0.352881902458686
0.3176186158960411,0.18268315889628925,0.3532849657396211
0.3179208220006044,0.18250950570342206,0.3533857315598549
0.3182230281051677,0.18233618233618235,0.35348649738008864
0.31852523420973106,0.18311195445920303,0.3542926239419589
0.31882744031429433,0.18293838862559242,0.3545949214026602
0.31912964641885766,0.18276515151515152,0.35469568722289396
0.319431852523421,0.1825922421948912,0.35499798468359534
0.31973405862798426,0.1833648393194707,0.3551995163240629
0.3200362647325476,0.18413597733711048,0.35590487706569934
0.3203384708371109,0.18396226415094338,0.3561064087061669
0.3206406769416742,0.18378887841658811,0.35630794034663443
0.3209428830462375,0.18361581920903955,0.3564087061668682
0.32124508915080086,0.18344308560677328,0.3564087061668682
0.3215472952553642,0.18421052631578946,0.356509471987102
0.32184950135992746,0.18403755868544602,0.3567110036275696
0.3221517074644908,0.18386491557223264,0.35691253526803707
0.3224539135690541,0.1836925960637301,0.35691253526803707
0.3227561196736174,0.18352059925093633,0.35701330108827084
0.3230583257781807,0.1833489242282507,0.3572148327287384
0.32336053188274405,0.18317757009345795,0.3576178960096735
0.3236627379873073,0.1830065359477124,0.35771866182990725
0.32396494409187065,0.1837686567164179,0.3577186618299073
0.324267150196434,0.18359739049394222,0.3581217251108424
0.32456935630099726,0.18342644320297952,0.3581217251108424
0.3248715624055606,0.18325581395348836,0.3585247883917775
0.3251737685101239,0.18401486988847585,0.35892785167271263
0.3254759746146872,0.18384401114206128,0.35892785167271263
0.3257781807192505,0.1836734693877551,0.3597339782345828
0.32608038682381385,0.1835032437442076,0.35983474405481664
0.3263825929283772,0.18333333333333332,0.360540104796453
0.32668479903294045,0.18316373728029603,0.3605401047964531
0.3269870051375038,0.18299445471349354,0.3609431680773882
0.3272892112420671,0.18282548476454294,0.36124546553808945
0.3275914173466304,0.18265682656826568,0.361446997178557
0.3278936234511937,0.1824884792626728,0.36185006045949214
0.32819582955575705,0.18232044198895028,0.3619508262797259
0.3284980356603203,0.18215271389144433,0.36225312374042734
0.32880024176488365,0.18198529411764705,0.362353889560661
0.329102447869447,0.18181818181818182,0.36235388956066106
0.32940465397401025,0.181651376146789,0.3626561870213623
0.3297068600785736,0.18148487626031165,0.3642684401451028
0.3300090661831369,0.1813186813186813,0.36446997178557033
0.3303112722877002,0.18115279048490393,0.3644699717855704
0.3306134783922635,0.1809872029250457,0.3646715034260379
0.33091568449682685,0.18082191780821918,0.3649738008867392
0.3312178906013902,0.18065693430656934,0.36507456670697297
0.33152009670595345,0.1804922515952598,0.36517533252720674
0.3318223028105168,0.18123861566484517,0.36517533252720674
0.3321245089150801,0.181073703366697,0.3653768641676743
0.3324267150196434,0.1809090909090909,0.3653768641676744
0.3327289211242067,0.1807447774750227,0.36567916162837566
0.33303112722877004,0.18058076225045372,0.36598145908907703
0.3333333333333333,0.1813236627379873,0.3660822249093108
0.33363553943789664,0.18115942028985507,0.3662837565497783
0.33393774554246,0.18190045248868777,0.36648528819024584
0.33423995164702325,0.18173598553345388,0.36648528819024584
0.3345421577515866,0.18157181571815717,0.3664852881902459
0.3348443638561499,0.18140794223826714,0.3667875856509472
0.3351465699607132,0.1812443642921551,0.36678758565094727
0.3354487760652765,0.18198198198198198,0.366888351471181
0.33575098216983984,0.18181818181818182,0.366888351471181
0.33605318827440317,0.18165467625899281,0.36698911729141476
0.33635539437896644,0.18149146451033243,0.36698911729141476
0.3366576004835298,0.1822262118491921,0.36799677549375254
0.3369598065880931,0.18206278026905828,0.3681983071342201
0.3372620126926564,0.18189964157706093,0.36860137041515517
0.3375642187972197,0.18173679498657117,0.36900443369609026
0.33786642490178304,0.1815742397137746,0.3690044336960903
0.3381686310063463,0.18141197497765862,0.3691051995163241
0.33847083711090964,0.18125,0.3697097944377267
0.33877304321547297,0.18108831400535236,0.3697097944377267
0.33907524932003624,0.18092691622103388,0.36991132607819427
0.3393774554245996,0.18076580587711488,0.3701128577186618
0.3396796615291629,0.1806049822064057,0.3702136235388956
0.3399818676337262,0.18044444444444444,0.37081821846029833
0.3402840737382895,0.1802841918294849,0.37091898428053205
0.34058627984285283,0.18012422360248448,0.3711205159209996
0.34088848594741616,0.1799645390070922,0.37132204756146714
0.34119069205197944,0.17980513728963685,0.37132204756146714
0.34149289815654277,0.17964601769911503,0.37132204756146714
0.3417951042611061,0.18037135278514588,0.3715235792019347
0.34209731036566937,0.18021201413427562,0.3716243450221685
0.3423995164702327,0.18093556928508384,0.3717251108424023
0.34270172257479603,0.18077601410934743,0.3721281741233373
0.3430039286793593,0.1814977973568282,0.37253123740427246
0.34330613478392263,0.18221830985915494,0.37293430068520755
0.34360834088848596,0.1820580474934037,0.3730350665054414
0.34391054699304924,0.18189806678383127,0.37374042724707773
0.34421275309761257,0.18173836698858647,0.37384119306731156
0.3445149592021759,0.1824561403508772,0.37424425634824665
0.34481716530673917,0.18229623137598597,0.3749496170898831
0.3451193714113025,0.18213660245183888,0.37505038291011683
0.34542157751586583,0.18197725284339458,0.3755542120112858
0.34572378362042916,0.18181818181818182,0.37615880693268844
0.34602598972499243,0.18165938864628822,0.37625957275292227
0.34632819582955576,0.18150087260034903,0.37656187021362353
0.3466304019341191,0.1822144725370532,0.37736799677549376
0.34693260803868237,0.18205574912891986,0.37746876259572754
0.3472348141432457,0.18189730200174065,0.3776702942361951
0.347537020247809,0.1817391304347826,0.3778718258766626
0.3478392263523723,0.18158123370981755,0.3778718258766626
0.34814143245693563,0.1814236111111111,0.3779725916968964
0.34844363856149896,0.18126626192541198,0.3779725916968964
0.34874584466606223,0.18110918544194107,0.37807335751713017
0.34904805077062556,0.18095238095238095,0.37827488915759777
0.3493502568751889,0.18166089965397925,0.37857718661829903
0.34965246297975217,0.18236819360414866,0.37857718661829903
0.3499546690843155,0.18221070811744386,0.37908101571946795
0.3502568751888788,0.182053494391717,0.37908101571946795
0.35055908129344215,0.18189655172413793,0.37908101571946795
0.35086128739800543,0.181739879414298,0.37918178153970167
0.35116349350256876,0.18158347676419967,0.37918178153970167
0.3514656996071321,0.18142734307824593,0.3796856106408706
0.35176790571169536,0.18213058419243985,0.3797863764611044
0.3520701118162587,0.18283261802575107,0.3797863764611044
0.352372317920822,0.18267581475128644,0.3798871422813382
0.3526745240253853,0.18251928020565553,0.38069326884320837
0.3529767301299486,0.18236301369863014,0.3809955663039097
0.35327893623451195,0.18306244653550044,0.3809955663039097
0.3535811423390752,0.18376068376068377,0.3816001612253124
0.35388334844363856,0.18360375747224594,0.3817009270455462
0.3541855545482019,0.18344709897610922,0.3821039903264813
0.35448776065276516,0.18329070758738278,0.38240628778718255
0.3547899667573285,0.18313458262350937,0.3825070536074164
0.3550921728618918,0.1829787234042553,0.38260781942765015
0.35539437896645515,0.1828231292517007,0.3833131801692866
0.3556965850710184,0.1826677994902294,0.3836154776299879
0.35599879117558175,0.18251273344651953,0.383615477629988
0.3563009972801451,0.1823579304495335,0.38432083837162434
0.35660320338470836,0.18220338983050846,0.3845223700120919
0.3569054094892717,0.18204911092294665,0.38482466747279326
0.357207615593835,0.18189509306260576,0.38492543329302703
0.3575098216983983,0.18174133558748942,0.3850261991132608
0.3578120278029616,0.18158783783783783,0.3850261991132608
0.35811423390752495,0.18143459915611815,0.38553002821442967
0.3584164400120882,0.1812816188870152,0.38563079403466344
0.35871864611665155,0.18112889637742208,0.38583232567513104
0.3590208522212149,0.18097643097643099,0.3859330914953647
0.35932305832577816,0.1808242220353238,0.38593309149536476
0.3596252644303415,0.18067226890756302,0.3860338573155986
0.3599274705349048,0.18052057094878254,0.38633615477629996
0.36022967663946814,0.18036912751677853,0.3864369205965336
0.3605318827440314,0.18105616093880972,0.38673921805723505
0.36083408884859475,0.18090452261306533,0.3869407496977026
0.3611362949531581,0.18075313807531382,0.38774687625957277
0.36143850105772135,0.1806020066889632,0.3879484079000403
0.3617407071622847,0.18045112781954886,0.3882507053607416
0.362042913266848,0.18030050083472454,0.38825070536074163
0.3623451193714113,0.18098415346121768,0.3883514711809754
0.3626473254759746,0.18083333333333335,0.3883514711809754
0.36294953158053794,0.1806827643630308,0.388553002821443
0.3632517376851012,0.1805324459234609,0.38875453446191055
0.36355394378966455,0.18038237738985868,0.38875453446191055
0.3638561498942279,0.18106312292358803,0.38925836356307936
0.36415835599879115,0.18091286307053941,0.38925836356307936
0.3644605621033545,0.18076285240464346,0.3893591293833132
0.3647627682079178,0.18061309030654515,0.38976219266424833
0.36506497431248114,0.18129139072847683,0.3898629584844821
0.3653671804170444,0.18114143920595532,0.3899637243047158
0.36566938652160774,0.18099173553719008,0.3899637243047159
0.36597159262617107,0.18084227910817507,0.39006449012494965
0.36627379873073435,0.1806930693069307,0.39046755340588474
0.3665760048352977,0.18054410552349548,0.3906690850463523
0.366878210939861,0.18039538714991762,0.39107214832728737
0.3671804170444243,0.18024691358024691,0.391273679967755
0.3674826231489876,0.18092105263157895,0.39157597742845623
0.36778482925355094,0.18077239112571897,0.3917775090689238
0.3680870353581142,0.180623973727422,0.3917775090689239
0.36838924146267754,0.1804757998359311,0.39207980652962515
0.36869144756724087,0.18114754098360655,0.392180572349859
0.36899365367180414,0.180999180999181,0.3922813381700927
0.3692958597763675,0.18085106382978725,0.3923821039903265
0.3695980658809308,0.18070318887980377,0.39258363563079407
0.36990027198549413,0.18055555555555555,0.3931882305521967
0.3702024780900574,0.18122448979591838,0.3932889963724304
0.37050468419462074,0.18107667210440456,0.39349052801289797
0.37080689029918407,0.1817440912795436,0.39369205965336557
0.37110909640374734,0.18159609120521172,0.3942966545747682
0.37141130250831067,0.1822620016273393,0.3945989520354696
0.371713508612874,0.1821138211382114,0.3946997178557033
0.3720157147174373,0.18196588139723802,0.3952035469568722
0.3723179208220006,0.18181818181818182,0.39530431277710604
0.37262012692656393,0.1816707218167072,0.39530431277710604
0.3729223330311272,0.18152350081037277,0.39540507859733975
0.37322453913569054,0.1813765182186235,0.39560661023780735
0.37352674524025387,0.18122977346278318,0.3957073760580411
0.37382895134481714,0.18108326596604687,0.3957073760580411
0.37413115744938047,0.18093699515347333,0.39621120515921
0.3744333635539438,0.1807909604519774,0.3963119709794438
0.37473556965850713,0.1814516129032258,0.3963119709794438
0.3750377757630704,0.18130539887187752,0.39641273679967753
0.37533998186763373,0.18115942028985507,0.39691656590084645
0.37564218797219706,0.18101367658889783,0.397118097541314
0.37594439407676034,0.18167202572347266,0.3975211608222491
0.37624660018132366,0.18152610441767067,0.398024989923418
0.376548806285887,0.18138041733547353,0.39822652156388555
0.37685101239045027,0.18123496391339214,0.39822652156388555
0.3771532184950136,0.18189102564102563,0.39852881902458687
0.3774554245995769,0.18174539631705364,0.39893188230552196
0.3777576307041402,0.1816,0.39903264812575573
0.37805983680870353,0.18225419664268586,0.3990326481257558
0.37836204291326686,0.18210862619808307,0.3991334139459895
0.37866424901783013,0.1819632881085395,0.39973800886739214
0.37896645512239346,0.18261562998405104,0.39973800886739214
0.3792686612269568,0.18247011952191236,0.4003426037887949
0.3795708673315201,0.18312101910828024,0.4005441354292623
0.3798730734360834,0.18297533810660302,0.4005441354292624
0.3801752795406467,0.1836248012718601,0.40094719871019757
0.38047748564521006,0.1834789515488483,0.40104796453043123
0.38077969174977333,0.18412698412698414,0.40124949617089883
0.38108189785433666,0.18477398889770025,0.40175332527206775
0.3813841039589,0.18462757527733756,0.40225715437323656
0.38168631006346326,0.18448139350752177,0.4024586860137041
0.3819885161680266,0.1843354430379747,0.40316404675534057
0.3822907222725899,0.1841897233201581,0.40336557839580817
0.3825929283771532,0.1848341232227488,0.40386940749697703
0.3828951344817165,0.18468823993685873,0.4039701733172108
0.38319734058627986,0.18533123028391169,0.40457476823861344
0.38349954669084313,0.18597320724980299,0.40487706569931475
0.38380175279540646,0.18661417322834645,0.4057839580814188
0.3841039588999698,0.18646734854445318,0.4058847239016526
0.3844061650045331,0.18632075471698112,0.4060862555421201
0.3847083711090964,0.1861743912018853,0.4060862555421201
0.3850105772136597,0.18602825745682888,0.4062877871825877
0.38531278331822305,0.18588235294117647,0.4064893188230552
0.3856149894227863,0.1865203761755486,0.40669085046352277
0.38591719552734965,0.18637431480031325,0.4067916162837566
0.386219401631913,0.18622848200312989,0.40709391374445786
0.38652160773647626,0.18686473807662235,0.4072954453849255
0.3868238138410396,0.18671875,0.4076985086658605
0.3871260199456029,0.1873536299765808,0.4076985086658606
0.3874282260501662,0.18798751950078002,0.40790004030632804
0.3877304321547295,0.18784099766173032,0.40800080612656187
0.38803263825929285,0.18769470404984423,0.4081015719467957
0.3883348443638561,0.18754863813229572,0.4081015719467957
0.38863705046841945,0.187402799377916,0.4085046352277308
0.3889392565729828,0.18725718725718726,0.4086054010479645
0.3892414626775461,0.18711180124223603,0.40870616686819833
0.3895436687821094,0.186966640806827,0.40900846432889965
0.3898458748866727,0.1868217054263566,0.40931076178960096
0.39014808099123605,0.18667699457784662,0.4102176541717049
0.3904502870957993,0.18653250773993807,0.4105199516324063
0.39075249320036265,0.18638824439288476,0.4111245465538089
0.391054699304926,0.18624420401854713,0.4113260781942765
0.39135690540948925,0.18687258687258687,0.4118299072954454
0.3916591115140526,0.1875,0.4119306731156791
0.3919613176186159,0.18735543562066306,0.4119306731156791
0.3922635237231792,0.187211093990755,0.41223297057638053
0.3925657298277425,0.18706697459584296,0.41233373639661425
0.39286793593230585,0.18692307692307691,0.4125352680370818
0.3931701420368691,0.18754803996925443,0.4125352680370819
0.39347234814143245,0.1881720430107527,0.4126360338573156
0.3937745542459958,0.18802762854950114,0.41313986295848454
0.3940767603505591,0.18788343558282208,0.41324062877871826
0.3943789664551224,0.18773946360153257,0.41455058444175735
0.3946811725596857,0.1883614088820827,0.4146513502619911
0.39498337866424904,0.18821729150726854,0.41485288190245867
0.3952855847688123,0.18883792048929662,0.41515517936316
0.39558779087337564,0.18869365928189458,0.41565900846432896
0.395889996977939,0.18854961832061068,0.4157597742845627
0.39619220308250225,0.18916857360793288,0.4158605401047964
0.3964944091870656,0.18902439024390244,0.4163643692059653
0.3967966152916289,0.18888042650418888,0.4166666666666667
0.3970988213961922,0.1887366818873668,0.41717049576783555
0.3974010275007555,0.18859315589353612,0.4172712615880693
0.39770323360531884,0.189209726443769,0.41747279322853686
0.3980054397098821,0.18906605922551253,0.4177750906892383
0.39830764581444544,0.18892261001517452,0.41787585650947195
0.3986098519190088,0.18953752843062927,0.4181781539701734
0.3989120580235721,0.19015151515151515,0.4181781539701734
0.3992142641281354,0.19000757002271007,0.4183796856106408
0.3995164702326987,0.18986384266263237,0.41837968561064093
0.39981867633726204,0.18972033257747545,0.41848045143087464
0.4001208824418253,0.18957703927492447,0.4185812172511085
0.40042308854638864,0.18943396226415093,0.41888351471180973
0.40072529465095197,0.18929110105580693,0.4192865779927448
0.40102750075551524,0.18914845516201959,0.4195888754534462
0.40132970686007857,0.1897590361445783,0.4198911729141475
0.4016319129646419,0.19036869826937547,0.4199919387343813
0.4019341190692052,0.19022556390977444,0.4202942361950826
0.4022363251737685,0.19008264462809918,0.420596533655784
0.40253853127833183,0.18993993993993993,0.4206972994760177
0.4028407373828951,0.1905476369092273,0.4207980652962515
0.40314294348745844,0.1904047976011994,0.4212011285771866
0.40344514959202177,0.1902621722846442,0.4212011285771866
0.4037473556965851,0.19086826347305388,0.421503426037888
0.40404956180114837,0.19147344801795063,0.4216041918581217
0.4043517679057117,0.19133034379671152,0.42170495767835553
0.40465397401027503,0.1919342793129201,0.4222087867795244
0.4049561801148383,0.1925373134328358,0.4222087867795244
0.40525838621940163,0.19239373601789708,0.42230955259975816
0.40556059232396496,0.19299552906110284,0.4229141475211608
0.40586279842852824,0.1928518242740134,0.4232164449818622
0.40616500453309157,0.19270833333333334,0.42382103990326475
0.4064672106376549,0.19256505576208177,0.4240225715437324
0.40676941674221817,0.1924219910846954,0.4247279322853688
0.4070716228467815,0.19227913882702302,0.4248286981056026
0.40737382895134483,0.19213649851632048,0.42503022974607013
0.4076760350559081,0.19199406968124536,0.4250302297460702
0.40797824116047143,0.19185185185185186,0.4259371221281741
0.40828044726503476,0.19170984455958548,0.42654171704957683
0.4085826533695981,0.1915680473372781,0.4267432486900444
0.40888485947416137,0.19142645971914266,0.4269447803305119
0.4091870655787247,0.1912850812407681,0.42704554615074564
0.409489271683288,0.19114391143911438,0.42714631197097935
0.4097914777878513,0.19100294985250738,0.42714631197097946
0.41009368389241463,0.19086219602063376,0.4274486094316807
0.41039588999697796,0.19072164948453607,0.42754937525191455
0.41069809610154123,0.1905813097866078,0.42754937525191455
0.41100030220610456,0.19117647058823528,0.4276501410721483
0.4113025083106679,0.19103600293901543,0.4277509068923821
0.41160471441523117,0.19162995594713655,0.42775090689238215
0.4119069205197945,0.1922230374174615,0.42916162837565497
0.4122091266243578,0.19281524926686217,0.42916162837565497
0.4125113327289211,0.19267399267399268,0.4292623941958887
0.41281353883348443,0.1925329428989751,0.4293631600161225
0.41311574493804776,0.19239209948792976,0.4293631600161225
0.4134179510426111,0.1922514619883041,0.42986698911729143
0.41372015714717436,0.19284149013878743,0.430068520757759
0.4140223632517377,0.19343065693430658,0.4307738814993954
0.414324569356301,0.19328956965718452,0.43107617896009676
0.4146267754608643,0.19387755102040816,0.43107617896009676
0.4149289815654276,0.1937363437727604,0.431882305521967
0.41523118766999095,0.19359534206695778,0.43238613462313585
0.4155333937745542,0.19345454545454546,0.43248690044336957
0.41583559987911756,0.1933139534883721,0.4324869004433696
0.4161378059836809,0.19317356572258534,0.43349455864570735
0.41644001208824416,0.193033381712627,0.4335953244659412
0.4167422181928075,0.19289340101522842,0.4337968561064087
0.4170444242973708,0.1927536231884058,0.43389762192664244
0.4173466304019341,0.19261404779145547,0.4341999193873438
0.4176488365064974,0.19247467438494936,0.43440145102781136
0.41795104261106075,0.19233550253073028,0.4345022168480452
0.4182532487156241,0.19291907514450868,0.4345022168480452
0.41855545482018736,0.19350180505415163,0.43500604594921405
0.4188576609247507,0.19336219336219337,0.43500604594921405
0.419159867029314,0.1932227829848594,0.43520757758968154
0.4194620731338773,0.1930835734870317,0.43530834340991537
0.4197642792384406,0.1929445644348452,0.43530834340991537
0.42006648534300395,0.19280575539568345,0.4356106408706166
0.4203686914475672,0.19266714593817397,0.4360137041515518
0.42067089755213055,0.1925287356321839,0.43621523579201943
0.4209731036566939,0.19239052404881551,0.43641676743248686
0.42127530976125716,0.19296987087517933,0.4366182990729544
0.4215775158658205,0.1935483870967742,0.43671906489318824
0.4218797219703838,0.19340974212034384,0.4369205965336558
0.4221819280749471,0.19327129563350035,0.4369205965336558
0.4224841341795104,0.19313304721030042,0.4369205965336558
0.42278634028407375,0.19299499642601858,0.4369205965336558
0.4230885463886371,0.19285714285714287,0.43722289399435715
0.42339075249320035,0.1934332619557459,0.4373236598145909
0.4236929585977637,0.19329529243937232,0.4374244256348247
0.423995164702327,0.1931575196008553,0.43802902055622733
0.4242973708068903,0.19301994301994302,0.4382305521966949
0.4245995769114536,0.19288256227758008,0.4385328496573962
0.42490178301601694,0.1934566145092461,0.43863361547763
0.4252039891205802,0.19402985074626866,0.43873438129786374
0.42550619522514355,0.19460227272727273,0.43873438129786374
0.4258084013297069,0.19446415897799857,0.4390366787585651
0.42611060743427015,0.1950354609929078,0.4398428053204353
0.4264128135388335,0.19560595322466337,0.4398428053204353
0.4267150196433968,0.1954674220963173,0.439943571140669
0.4270172257479601,0.19603680113234254,0.4399435711406691
0.4273194318525234,0.1958981612446959,0.44054816606207176
0.42762163795708674,0.19575971731448763,0.4408504635227731
0.42792384406165007,0.19562146892655366,0.44105199516324056
0.42822605016621335,0.19548341566690192,0.441354292623942
0.4285282562707767,0.19534555712270804,0.4414550584441757
0.42883046237534,0.1959126145172657,0.4414550584441757
0.4291326684799033,0.19577464788732393,0.4419588875453446
0.4294348745844666,0.1956368754398311,0.4419588875453446
0.42973708068902994,0.1962025316455696,0.44205965336557834
0.4300392867935932,0.1960646521433591,0.44256348246674726
0.43034149289815654,0.19592696629213482,0.4427650141072148
0.43064369900271987,0.1957894736842105,0.4427650141072148
0.43094590510728314,0.1956521739130435,0.44286577992744863
0.4312481112118465,0.19551506657323056,0.4430673115679162
0.4315503173164098,0.19607843137254902,0.4430673115679162
0.4318525234209731,0.1959412176347096,0.4431680773881499
0.4321547295255364,0.1965034965034965,0.4437726723095526
0.43245693563009974,0.19636617749825297,0.44387343812978636
0.43275914173466307,0.1962290502793296,0.44397420395002013
0.43306134783922634,0.19609211444521982,0.44397420395002013
0.43336355394378967,0.19595536959553697,0.4441757355904877
0.433665760048353,0.19581881533101045,0.44427650141072145
0.4339679661529163,0.19568245125348188,0.4443772672309552
0.4342701722574796,0.19624217118997914,0.44447803305118905
0.43457237836204293,0.19680111265646733,0.4445787988714229
0.4348745844666062,0.19666435024322446,0.4446795646916566
0.43517679057116954,0.19652777777777777,0.44488109633212414
0.43547899667573287,0.1970853573907009,0.4451833937928255
0.43578120278029614,0.19694868238557559,0.4454856912535268
0.43608340888485947,0.1968121968121968,0.4457879887142282
0.4363856149894228,0.19736842105263158,0.4458887545344619
0.4366878210939861,0.1972318339100346,0.4459895203546957
0.4369900271985494,0.19778699861687413,0.446291817815397
0.43729223330311273,0.19765031098825156,0.446291817815397
0.43759443940767606,0.19751381215469613,0.44639258363563084
0.43789664551223934,0.1973775017253278,0.44689641273679975
0.43819885161680266,0.19724137931034483,0.4470979443772672
0.438501057721366,0.19710544452102,0.44729947601773484
0.43880326382592927,0.19696969696969696,0.44740024183796856
0.4391054699304926,0.19683413626978666,0.4479040709391375
0.4394076760350559,0.19738651994497936,0.448105602579605
0.4397098821396192,0.1972508591065292,0.44830713422007257
0.44001208824418253,0.1971153846153846,0.44881096332124143
0.44031429434874586,0.19698009608785175,0.44931479242241035
0.44061650045330913,0.19684499314128945,0.4496170898831116
0.44091870655787246,0.19671007539410554,0.4500201531640467
0.4412209126624358,0.19657534246575342,0.4500201531640467
0.44152311876699907,0.19644079397672826,0.4501209189842806
0.4418253248715624,0.19699042407660738,0.45032245062474807
0.4421275309761257,0.19685577580314423,0.45062474808544933
0.44242973708068906,0.19672131147540983,0.45133010882708585
0.44273194318525233,0.19726962457337885,0.4514308746473196
0.44303414928981566,0.1971350613915416,0.45183393792825477
0.443336355394379,0.19700068166325835,0.45203546956872226
0.44363856149894226,0.19686648501362397,0.4523377670294237
0.4439407676035056,0.19673247106875424,0.4525392986698911
0.4442429737080689,0.19659863945578232,0.45253929866989123
0.4445451798126322,0.1964649898028552,0.45264006449012495
0.4448473859171955,0.19701086956521738,0.4527408303103588
0.44514959202175886,0.19687712152070605,0.4529423619508262
0.44545179812632213,0.19674355495251017,0.4529423619508263
0.44575400423088546,0.19728813559322034,0.45314389359129387
0.4460562103354488,0.19715447154471544,0.4532446594115276
0.44635841644001206,0.1976980365605958,0.4532446594115276
0.4466606225445754,0.19824086603518268,0.4536477226924627
0.4469628286491387,0.19810682893847195,0.4539500201531641
0.44726503475370205,0.19797297297297298,0.4544538492543329
0.4475672408582653,0.19851451721809588,0.4546553808948004
0.44786944696282865,0.199055330634278,0.45465538089480045
0.448171653067392,0.19892110586648684,0.45465538089480045
0.44847385917195526,0.19878706199460916,0.4552599758162032
0.4487760652765186,0.19865319865319866,0.45546150745667074
0.4490782713810819,0.19851951547779273,0.4556630390971383
0.4493804774856452,0.19838601210490922,0.45606610237807327
0.4496826835902085,0.198252688172043,0.4562676340185409
0.44998488969477185,0.19811954331766285,0.4565699314792422
0.4502870957993351,0.19798657718120805,0.456670697299476
0.45058930190389845,0.19852448021462105,0.456670697299476
0.4508915080084618,0.19839142091152814,0.45737605804111253
0.45119371411302506,0.1982585398526457,0.4576783555018138
0.4514959202175884,0.19879518072289157,0.4580814187827489
0.4517981263221517,0.19866220735785953,0.4580814187827489
0.45210033242671505,0.19852941176470587,0.45828295042321643
0.4524025385312783,0.19839679358717435,0.45828295042321643
0.45270474463584165,0.19826435246995994,0.45848448206368403
0.453006950740405,0.19879919946631086,0.45858524788391786
0.45330915684496825,0.19866666666666666,0.45878677952438535
0.4536113629495316,0.19853431045969352,0.459391374445788
0.4539135690540949,0.19840213049267644,0.45989520354695684
0.4542157751586582,0.19827012641383898,0.4601975010076582
0.4545179812632215,0.1988031914893617,0.4601975010076582
0.45482018736778485,0.19933554817275748,0.46029826682789193
0.4551223934723481,0.199203187250996,0.4603990326481257
0.45542459957691145,0.19907100199071,0.4604997984683596
0.4557268056814748,0.19960212201591512,0.46070133010882713
0.45602901178603805,0.2001325381047051,0.46140669085046354
0.4563312178906014,0.2,0.4615074566706973
0.4566334239951647,0.20052945069490405,0.46211205159209995
0.45693563009972804,0.2003968253968254,0.4622128174123337
0.4572378362042913,0.2002643754130866,0.4622128174123337
0.45754004230885464,0.2001321003963012,0.46251511487303504
0.457842248413418,0.2,0.4625151148730351
0.45814445451798125,0.19986807387862796,0.4630189439742039
0.4584466606225446,0.1997363216875412,0.46362353889560665
0.4587488667271079,0.19960474308300397,0.46372430471584036
0.4590510728316712,0.19947333772218565,0.464328899637243
0.4593532789362345,0.1993421052631579,0.4645304312777106
0.45965548504079784,0.1992110453648915,0.4648327287384119
0.4599576911453611,0.19973718791064388,0.4649334945586457
0.46025989724992444,0.19960604070912671,0.4654373236598146
0.4605621033544878,0.1994750656167979,0.46563885530028215
0.46086430945905105,0.19934426229508198,0.4658403869407497
0.4611665155636144,0.19921363040629095,0.46654574768238616
0.4614687216681777,0.1990831696136215,0.4668480451430875
0.46177092777274104,0.19895287958115182,0.4668480451430875
0.4620731338773043,0.1988227599738391,0.467049576783555
0.46237533998186764,0.19869281045751633,0.46725110842402257
0.46267754608643097,0.1992161985630307,0.4672511084240227
0.46297975219099424,0.19973890339425587,0.4674526400644901
0.46328195829555757,0.19960861056751467,0.4674526400644901
0.4635841644001209,0.19947848761408082,0.46765417170495766
0.4638863705046842,0.2,0.46856106408706166
0.4641885766092475,0.19986979166666666,0.4686618299072955
0.46449078271381083,0.19973975276512687,0.4687625957275292
0.4647929888183741,0.19960988296488946,0.4687625957275292
0.46509519492293744,0.20012995451591942,0.46876259572752926
0.46539740102750077,0.20064935064935066,0.46886336154776304
0.46569960713206404,0.20051914341336793,0.4691656590084643
0.46600181323662737,0.20038910505836577,0.46916565900846435
0.4663040193411907,0.20025923525599482,0.46916565900846435
0.46660622544575403,0.20012953367875647,0.46916565900846435
0.4669084315503173,0.2,0.46956872228939944
0.46721063765488063,0.1998706338939198,0.4698710197501008
0.46751284375944396,0.1997414350355527,0.46997178557033453
0.46781504986400724,0.20025839793281655,0.4703748488512696
0.46811725596857057,0.2001291155584248,0.4703748488512696
0.4684194620731339,0.2,0.4705763804917373
0.46872166817769717,0.19987105093488072,0.47097944377267226
0.4690238742822605,0.19974226804123713,0.4710802095929061
0.46932608038682383,0.19961365099806824,0.4714832728738412
0.4696282864913871,0.1994851994851995,0.4715840386940749
0.46993049259595043,0.19935691318327975,0.47178557033454255
0.47023269870051376,0.19987146529562982,0.4718863361547763
0.47053490480507704,0.19974309569685292,0.47218863361547764
0.47083711090964037,0.20025673940949937,0.4722893994357114
0.4711393170142037,0.20012828736369467,0.4724909310761789
0.471441523118767,0.2,0.4729947601773478
0.4717437292233303,0.2005124919923126,0.4730955259975816
0.47204593532789363,0.2003841229193342,0.47329705763804913
0.47234814143245696,0.20089571337172105,0.4737001209189842
0.47265034753702023,0.20076726342711,0.4741031841999194
0.47295255364158356,0.2012779552715655,0.4741031841999194
0.4732547597461469,0.20114942528735633,0.4749093107617896
0.47355696585071017,0.20102105934907466,0.47541313986295847
0.4738591719552735,0.20089285714285715,0.47611850060459493
0.4741613780598368,0.20076481835564053,0.47621926642482865
0.4744635841644001,0.20063694267515925,0.47621926642482876
0.47476579026896343,0.2005092297899427,0.4763200322450625
0.47506799637352676,0.20038167938931298,0.4764207980652963
0.47537020247809003,0.20025429116338206,0.47662232970576374
0.47567240858265336,0.20012706480304956,0.47692462716646516
0.4759746146872167,0.2,0.4772269246271665
0.47627682079178,0.1998730964467005,0.4772269246271665
0.4765790268963433,0.20038046924540268,0.47732769044740025
0.4768812330009066,0.2008871989860583,0.4774284562676341
0.47718343910546995,0.20075997466751108,0.47762998790810157
0.4774856452100332,0.20063291139240505,0.4779322853688029
0.47778785131459656,0.20050600885515496,0.47803305118903666
0.4780900574191599,0.20037926675094817,0.4784361144699718
0.47839226352372316,0.20025268477574226,0.47873841193067307
0.4786944696282865,0.20075757575757575,0.47914147521160827
0.4789966757328498,0.20063091482649842,0.47944377267230953
0.4792988818374131,0.2005044136191677,0.4794437726723096
0.4796010879419764,0.2003780718336484,0.47964530431277713
0.47990329404653975,0.20025188916876574,0.47994760177347845
0.480205500151103,0.2001258653241032,0.48024989923417977
0.48050770625566636,0.2,0.4808544941555824
0.4808099123602297,0.20050282840980516,0.48095525997581623
0.481112118464793,0.20037688442211055,0.4811567916162838
0.4814143245693563,0.20087884494664154,0.4812575574365175
0.4817165306739196,0.2013801756587202,0.48135832325675126
0.48201873677848295,0.20188087774294672,0.4813583232567513
0.4823209428830462,0.20175438596491227,0.48186215235792024
0.48262314898760955,0.2016280525986224,0.4821644498186215
0.4829253550921729,0.20150187734668334,0.48236598145908904
0.48322756119673616,0.20137585991244528,0.48246674727932287
0.4835297673012995,0.20125,0.4826682789197904
0.4838319734058628,0.20112429731417863,0.48286981056025796
0.4841341795104261,0.2009987515605493,0.482869810560258
0.4844363856149894,0.20087336244541484,0.48327287384119305
0.48473859171955275,0.2013715710723192,0.4832728738411931
0.485040797824116,0.2012461059190031,0.4837767029423619
0.48534300392867935,0.20112079701120797,0.4841797662232971
0.4856452100332427,0.20099564405724954,0.4841797662232971
0.485947416137806,0.20149253731343283,0.4844820636839984
0.4862496222423693,0.20136730888750776,0.4845828295042322
0.4865518283469326,0.20124223602484473,0.48478436114469975
0.48685403445149594,0.2011173184357542,0.48508665860540107
0.4871562405560592,0.20099255583126552,0.48559048770656993
0.48745844666062255,0.20086794792312462,0.48589278516727125
0.4877606527651859,0.201363073110285,0.4859935509875051
0.48806285886974915,0.20123839009287925,0.4860943168077388
0.4883650649743125,0.20111386138613863,0.48639661426844016
0.4886672710788758,0.20160791589363017,0.4864973800886739
0.4889694771834391,0.20210135970333745,0.4865981459089077
0.4892716832880024,0.20197652872143299,0.4866989117291414
0.48957388939256574,0.20185185185185187,0.4866989117291414
0.489876095497129,0.20172732880937694,0.48679967754937525
0.49017830160169235,0.20221948212083848,0.4870012091898428
0.4904805077062557,0.20271102895871843,0.4871019750100765
0.490782713810819,0.2025862068965517,0.4871019750100766
0.4910849199153823,0.20246153846153847,0.48720274083031034
0.4913871260199456,0.2029520295202952,0.4874042724707779
0.49168933212450894,0.20282728948985865,0.48760580411124543
0.4919915382290722,0.20270270270270271,0.48770656993147926
0.49229374433363554,0.20319214241866176,0.4880088673921805
0.49259595043819887,0.20368098159509201,0.4880088673921806
0.49289815654276214,0.2035561005518087,0.4882103990326481
0.4932003626473255,0.2034313725490196,0.48831116485288195
0.4935025687518888,0.2039191671769749,0.4884119306731156
0.4938047748564521,0.20379436964504283,0.48911729141475213
0.4941069809610154,0.2036697247706422,0.4894195888754535
0.49440918706557874,0.20354523227383864,0.4910318419991939
0.494711393170142,0.20403176542455712,0.4913341394598952
0.49501359927470534,0.2039072039072039,0.49143490528012895
0.49531580537926867,0.20378279438682123,0.4915356711003627
0.495618011483832,0.20365853658536584,0.49153567110036284
0.4959202175883953,0.20353443022547227,0.49173720274083027
0.4962224236929586,0.20341047503045068,0.49173720274083027
0.49652462979752193,0.20328667072428486,0.4920395002015316
0.4968268359020852,0.20316301703163017,0.49214026602176536
0.49712904200664854,0.20364741641337386,0.4922410318419992
0.49743124811121187,0.20352369380315918,0.4923417976622329
0.49773345421577514,0.2034001214329083,0.49244256348246673
0.49803566032033847,0.2032766990291262,0.4926440951229343
0.4983378664249018,0.2031534263189812,0.4935509875050383
0.4986400725294651,0.20303030303030303,0.4937525191455059
0.4989422786340284,0.20351302241066022,0.4943571140669085
0.49924448473859173,0.2033898305084746,0.4943571140669085
0.499546690843155,0.20326678765880218,0.49445787988714224
0.49984889694771834,0.2037484885126965,0.49516324062877876
0.5001511030522816,0.20362537764350452,0.49526400644901253
0.5004533091568449,0.2041062801932367,0.49526400644901253
0.5007555152614083,0.20458660229330114,0.49536477226924625
0.5010577213659716,0.20446320868516285,0.4954655380894801
0.5013599274705349,0.20433996383363473,0.49607013301088276
0.5016621335750983,0.20481927710843373,0.4961708988311165
0.5019643396796615,0.20469596628537026,0.49627166465135025
0.5022665457842248,0.2045728038507822,0.49627166465135025
0.5025687518887881,0.20444978953698137,0.49647319629181785
0.5028709579933515,0.2049278846153846,0.4967754937525191
0.5031731640979148,0.20540540540540542,0.49687625957275294
0.5034753702024781,0.20588235294117646,0.49697702539298666
0.5037775763070415,0.20575884823035392,0.49727932285368803
0.5040797824116047,0.20623501199040767,0.4975816203143893
0.504381988516168,0.2061114439784302,0.4978839177750907
0.5046841946207313,0.2059880239520958,0.4979846835953245
0.5049864007252947,0.20646319569120286,0.4979846835953245
0.505288606829858,0.2069377990430622,0.49828698105602576
0.5055908129344213,0.20741183502689778,0.4984885126964933
0.5058930190389845,0.2072879330943847,0.4989923417976622
0.5061952251435479,0.20776119402985074,0.49929463925836354
0.5064974312481112,0.20763723150357996,0.49939540507859737
0.5067996373526745,0.2075134168157424,0.49989923417976617
0.5071018434572379,0.20738974970202623,0.49989923417976617
0.5074040495618012,0.20726622989874927,0.5002015316404677
0.5077062556663645,0.20714285714285716,0.5004030632809351
0.5080084617709277,0.2070196311719215,0.5008061265618703
0.5083106678754911,0.20689655172413793,0.5012091898428054
0.5086128739800544,0.2073677956030897,0.5015114873035066
0.5089150800846177,0.20783847980997625,0.5016122531237405
0.509217286189181,0.20771513353115728,0.5016122531237405
0.5095194922937444,0.20759193357058126,0.5017130189439741
0.5098216983983076,0.2080616478956728,0.501813784764208
0.5101239045028709,0.2079383886255924,0.5019145505844418
0.5104261106074343,0.20781527531083482,0.5020153164046756
0.5107283167119976,0.2076923076923077,0.5021160822249093
0.5110305228165609,0.20756948551153165,0.5021160822249093
0.5113327289211242,0.2074468085106383,0.5022168480451431
0.5116349350256875,0.2073242764323686,0.5022168480451431
0.5119371411302508,0.2077922077922078,0.5024183796856106
0.5122393472348141,0.20766961651917404,0.502720677146312
0.5125415533393775,0.20754716981132076,0.5028214429665457
0.5128437594439408,0.20801414260459636,0.5035268037081821
0.5131459655485041,0.20789163722025913,0.5036275695284159
0.5134481716530674,0.2077692760447322,0.5039298669891172
0.5137503777576307,0.2076470588235294,0.5039298669891173
0.514052583862194,0.2075249853027631,0.5042321644498187
0.5143547899667573,0.20740305522914218,0.5049375251914551
0.5146569960713206,0.20728126834997063,0.5049375251914551
0.514959202175884,0.20715962441314553,0.5056428859330915
0.5152614082804473,0.20703812316715542,0.5057436517533253
0.5155636143850105,0.20691676436107856,0.5060459492140267
0.5158658204895739,0.20679554774458114,0.5061467150342605
0.5161680265941372,0.20725995316159251,0.5065497783151954
0.5164702326987005,0.20713867758923346,0.5066505441354292
0.5167724388032638,0.20760233918128654,0.5068520757758969
0.5170746449078272,0.20806545879602573,0.5068520757758969
0.5173768510123905,0.20794392523364486,0.5068520757758969
0.5176790571169537,0.2078225335668418,0.5069528415961306
0.517981263221517,0.20770128354725786,0.5070536074163644
0.5182834693260804,0.2075801749271137,0.507255139056832
0.5185856754306437,0.20745920745920746,0.5074566706972995
0.518887881535207,0.20733838089691323,0.5079604997984685
0.5191900876397704,0.20721769499417927,0.5081620314389359
0.5194922937443336,0.20709714950552646,0.5082627972591697
0.5197944998488969,0.20755813953488372,0.5082627972591697
0.5200967059534602,0.20801859384079024,0.508565094719871
0.5203989120580236,0.20789779326364694,0.5087666263603386
0.5207011181625869,0.2077771329077191,0.5088673921805723
0.5210033242671502,0.20765661252900233,0.5088673921805724
0.5213055303717135,0.20753623188405798,0.5089681580008061
0.5216077364762768,0.20799536500579374,0.5090689238210399
0.5219099425808401,0.20845396641574984,0.5093712212817413
0.5222121486854034,0.20833333333333334,0.5097742845626764
0.5225143547899668,0.2087912087912088,0.50987505038291
0.5228165608945301,0.2092485549132948,0.5099758162031439
0.5231187669990934,0.2097053726169844,0.5101773478436115
0.5234209731036567,0.20958429561200922,0.5102781136638452
0.52372317920822,0.20946335833814195,0.510378879484079
0.5240253853127833,0.209919261822376,0.5105804111245466
0.5243275914173466,0.20979827089337175,0.5106811769447803
0.52462979752191,0.20967741935483872,0.5109834744054816
0.5249320036264733,0.2095567069660334,0.5110842402257154
0.5252342097310365,0.2094361334867664,0.511285771866183
0.5255364158355998,0.2093156986774008,0.511688835147118
0.5258386219401632,0.20919540229885059,0.5117896009673518
0.5261408280447265,0.20907524411257897,0.5122934300685208
0.5264430341492898,0.2095292766934558,0.5126964933494559
0.5267452402538532,0.20940906483075158,0.513099556630391
0.5270474463584165,0.20928899082568808,0.5133010882708585
0.5273496524629797,0.20974212034383954,0.5135026199113261
0.527651858567543,0.20962199312714777,0.5136033857315598
0.5279540646721064,0.20950200343445907,0.5139056831922612
0.5282562707766697,0.20938215102974828,0.5141072148327287
0.528558476881233,0.20926243567753003,0.5148125755743652
0.5288606829857964,0.20971428571428571,0.5148125755743652
0.5291628890903596,0.20959451741861793,0.5148125755743652
0.5294650951949229,0.20947488584474885,0.5151148730350665
0.5297673012994862,0.20935539075869938,0.5154171704957679
0.5300695074040496,0.20923603192702395,0.5160217654171705
0.5303717135086129,0.20968660968660968,0.5160217654171705
0.5306739196131762,0.20956719817767655,0.5164248286981056
0.5309761257177394,0.20944792259533296,0.5165255945183395
0.5312783318223028,0.20932878270762229,0.5167271261588069
0.5315805379268661,0.2092097782831154,0.5167271261588069
0.5318827440314294,0.20909090909090908,0.5169286577992745
0.5321849501359928,0.20954003407155025,0.5171301894397421
0.5324871562405561,0.2094211123723042,0.5174324869004434
0.5327893623451194,0.20986954055587068,0.5175332527206771
0.5330915684496826,0.20975056689342403,0.5182386134623135
0.533393774554246,0.2096317280453258,0.5182386134623135
0.5336959806588093,0.20951302378255945,0.5183393792825474
0.5339981867633726,0.20996038483305038,0.5183393792825474
0.534300392867936,0.21040723981900453,0.5186416767432487
0.5346025989724993,0.21028829847371397,0.5191455058444175
0.5349048050770625,0.21016949152542372,0.5200523982265216
0.5352070111816258,0.2106154714850367,0.520253929866989
0.5355092172861892,0.21049661399548533,0.5208585247883918
0.5358114233907525,0.21037789058093626,0.5210600564288593
0.5361136294953158,0.21025930101465615,0.5211608222490932
0.5364158355998792,0.21014084507042252,0.5212615880693269
0.5367180417044425,0.21058558558558557,0.5213623538895606
0.5370202478090057,0.2104670793472144,0.5214631197097944
0.537322453913569,0.2109111361079865,0.5214631197097944
0.5376246600181324,0.21079258010118043,0.521664651350262
0.5379268661226957,0.21067415730337077,0.5219669488109634
0.538229072227259,0.21055586749017405,0.5221684804514309
0.5385312783318223,0.21043771043771045,0.5224707779121321
0.5388334844363856,0.21031968592260236,0.5224707779121321
0.5391356905409489,0.2102017937219731,0.5224707779121321
0.5394378966455122,0.21008403361344538,0.5229746070133011
0.5397401027500756,0.20996640537513997,0.5232769044740024
0.5400423088546389,0.2098489087856743,0.5232769044740024
0.5403445149592022,0.20973154362416108,0.5233776702942362
0.5406467210637654,0.20961430967020683,0.5233776702942362
0.5409489271683288,0.20949720670391062,0.5239822652156388
0.5412511332728921,0.20938023450586266,0.524788391777509
0.5415533393774554,0.20926339285714285,0.5250906892382105
0.5418555454820188,0.2091466815393196,0.5250906892382105
0.5421577515865821,0.20958751393534003,0.5250906892382105
0.5424599576911454,0.20947075208913649,0.5251914550584442
0.5427621637957086,0.2099109131403118,0.5253929866989117
0.543064369900272,0.21035058430717862,0.5254937525191455
0.5433665760048353,0.21023359288097887,0.5254937525191455
0.5436687821093986,0.21011673151750973,0.5256952841596131
0.543970988213962,0.21,0.5258968158000806
0.5442731943185253,0.20988339811215992,0.5258968158000806
0.5445754004230885,0.2097669256381798,0.5260983474405482
0.5448776065276518,0.2096505823627288,0.5264006449012495
0.5451798126322152,0.20953436807095344,0.5265014107214833
0.5454820187367785,0.20997229916897506,0.5265014107214833
0.5457842248413418,0.21040974529346623,0.526602176541717
0.5460864309459051,0.21029330381848368,0.5268037081821846
0.5463886370504685,0.21017699115044247,0.5270052398226522
0.5466908431550317,0.21006080707573244,0.527509068923821
0.546993049259595,0.20994475138121546,0.5282144296654575
0.5472952553641584,0.2098288238542242,0.5283151954856912
0.5475974614687217,0.2097130242825607,0.5283151954856913
0.547899667573285,0.21014892443463873,0.528415961305925
0.5482018736778483,0.21003307607497243,0.5287182587666264
0.5485040797824116,0.21046831955922865,0.529322853688029
0.5488062858869749,0.21090308370044053,0.5293228536880291
0.5491084919915382,0.2107870115575124,0.5295243853284965
0.5494106980961015,0.21122112211221122,0.5296251511487303
0.5497129042006649,0.21165475536008796,0.5300282144296654
0.5500151103052282,0.21208791208791208,0.5301289802498993
0.5503173164097914,0.21252059308072488,0.5303305118903668
0.5506195225143548,0.212403951701427,0.5304312777106005
0.5509217286189181,0.21228743828853539,0.5314389359129383
0.5512239347234814,0.21217105263157895,0.5314389359129383
0.5515261408280447,0.21205479452054796,0.5316404675534058
0.5518283469326081,0.21248630887185105,0.5318419991938734
0.5521305530371714,0.21291735084838534,0.5321442966545747
0.5524327591417346,0.21334792122538293,0.5321442966545747
0.552734965246298,0.21323127392017496,0.5327488915759774
0.5530371713508613,0.21366120218579235,0.5332527206771464
0.5533393774554246,0.2135445111960677,0.53335348649738
0.5536415835599879,0.21397379912663755,0.5335550181378476
0.5539437896645513,0.2138570649208947,0.5336557839580814
0.5542459957691145,0.21428571428571427,0.5340588472390165
0.5545482018736778,0.21416893732970027,0.5345626763401854
0.5548504079782411,0.21459694989106753,0.5350665054413543
0.5551526140828045,0.21502449646162222,0.5355703345425232
0.5554548201873678,0.21490750816104462,0.5357718661829908
0.5557570262919311,0.21533442088091354,0.5358726320032244
0.5560592323964945,0.21521739130434783,0.5360741636436921
0.5563614385010577,0.21510048886474742,0.5364772269246272
0.556663644605621,0.21498371335504887,0.5366787585650947
0.5569658507101843,0.21486706456863808,0.536981056025796
0.5572680568147477,0.21475054229934923,0.5372833534864974
0.557570262919311,0.2151761517615176,0.5377871825876662
0.5578724690238743,0.21560130010834236,0.5377871825876662
0.5581746751284375,0.21548456957227938,0.5378879484079001
0.5584768812330009,0.21536796536796537,0.5386940749697703
0.5587790873375642,0.21525148729042726,0.5386940749697703
0.5590812934421275,0.21567567567567567,0.5388956066102378
0.5593834995466909,0.21609940572663425,0.5389963724304715
0.5596857056512542,0.21652267818574514,0.5389963724304716
0.5599879117558174,0.21640582838640043,0.5390971382507054
0.5602901178603807,0.2162891046386192,0.5391979040709391
0.5605923239649441,0.21671159029649595,0.5392986698911729
0.5608945300695074,0.2165948275862069,0.5392986698911729
0.5611967361740707,0.21647819063004847,0.5393994357114066
0.5614989422786341,0.2163616792249731,0.5395002015316405
0.5618011483831974,0.2162452931683701,0.5396009673518742
0.5621033544877606,0.2161290322580645,0.5396009673518742
0.5624055605923239,0.21601289629231596,0.5407093913744457
0.5627077666968873,0.2158968850698174,0.5409109230149134
0.5630099728014506,0.2163177670424047,0.5410116888351472
0.5633121789060139,0.21620171673819744,0.5414147521160823
0.5636143850105773,0.2160857908847185,0.5416162837565498
0.5639165911151405,0.21596998928188638,0.5416162837565498
0.5642187972197038,0.2158543117300482,0.5417170495767836
0.5645210033242671,0.21627408993576017,0.5418178153970173
0.5648232094288305,0.21615837346174424,0.5419185812172511
0.5651254155333938,0.2160427807486631,0.54242241031842
0.5654276216379571,0.2159273115980759,0.5427247077791213
0.5657298277425205,0.21634615384615385,0.5432285368802902
0.5660320338470837,0.21623064602242392,0.5440346634421604
0.566334239951647,0.21664887940234792,0.5444377267230955
0.5666364460562103,0.21653333333333333,0.5445384925433293
0.5669386521607737,0.21695095948827292,0.5445384925433293
0.567240858265337,0.21736814064997337,0.5447400241837969
0.5675430643699003,0.21778487752928646,0.5450423216444982
0.5678452704744635,0.21766897285790315,0.5454453849254333
0.5681474765790269,0.2175531914893617,0.5458484482063684
0.5684496826835902,0.2174375332270069,0.5458484482063684
0.5687518887881535,0.2173219978746015,0.5458484482063684
0.5690540948927169,0.21720658523632502,0.5459492140266021
0.5693563009972802,0.21709129511677283,0.5459492140266021
0.5696585071018434,0.21697612732095492,0.5462515114873034
0.5699607132064067,0.2168610816542948,0.5466545747682386
0.5702629193109701,0.21674615792262852,0.5470576380491737
0.5705651254155334,0.21716101694915255,0.5471584038694074
0.5708673315200967,0.21704605611434621,0.5471584038694075
0.57116953762466,0.21693121693121692,0.5474607013301088
0.5714717437292234,0.2168164992067689,0.5476622329705764
0.5717739498337866,0.2167019027484144,0.5481660620717452
0.5720761559383499,0.21658742736397252,0.5481660620717452
0.5723783620429133,0.21647307286166842,0.548266827891979
0.5726805681474766,0.21635883905013192,0.548266827891979
0.5729827742520399,0.21677215189873417,0.5483675937122129
0.5732849803566032,0.21665788086452292,0.5485691253526803
0.5735871864611665,0.21654373024236037,0.5485691253526804
0.5738893925657298,0.21695629278567669,0.548770656993148
0.5741915986702931,0.2168421052631579,0.5488714228133817
0.5744938047748565,0.21725407680168332,0.5491737202740831
0.5747960108794198,0.21766561514195584,0.5491737202740831
0.5750982169839831,0.21807672096689437,0.5494760177347844
0.5754004230885464,0.21796218487394958,0.550080612656187
0.5757026291931097,0.2178477690288714,0.5502821442966545
0.576004835297673,0.21773347324239245,0.5502821442966545
0.5763070414022363,0.21761929732564236,0.5503829101168883
0.5766092475067996,0.21750524109014674,0.5503829101168883
0.576911453611363,0.21739130434782608,0.5504836759371221
0.5772136597159263,0.21780104712041884,0.5507859733978234
0.5775158658204895,0.21821036106750394,0.5510882708585249
0.5778180719250529,0.21809623430962344,0.5513905683192261
0.5781202780296162,0.21798222686879248,0.5514913341394599
0.5784224841341795,0.21839080459770116,0.5517936316001611
0.5787246902387428,0.21827676240208876,0.551894397420395
0.5790268963433062,0.21816283924843424,0.5519951632406288
0.5793291024478694,0.21857068335941576,0.5521966948810962
0.5796313085524327,0.21845672575599584,0.5522974607013301
0.579933514656996,0.21834288692027098,0.5522974607013301
0.5802357207615594,0.21822916666666667,0.5532043530834341
0.5805379268661227,0.2181155648099948,0.5536074163643692
0.580840132970686,0.21800208116545267,0.5536074163643692
0.5811423390752494,0.21788871554862194,0.5537081821846029
0.5814445451798126,0.21777546777546777,0.5539097138250705
0.5817467512843759,0.21766233766233767,0.5540104796453044
0.5820489573889392,0.21754932502596053,0.554615074566707
0.5823511634935026,0.21743642968344576,0.5551189036678759
0.5826533695980659,0.21732365145228216,0.555521966948811
0.5829555757026292,0.21721099015033696,0.5556227327690447
0.5832577818071925,0.21761658031088082,0.5566303909713826
0.5835599879117558,0.2180217503883998,0.55683192261185
0.5838621940163191,0.2179089026915114,0.557335751713019
0.5841644001208824,0.21779617175375066,0.5577388149939541
0.5844666062254458,0.21820062047569805,0.5578395808141878
0.5847688123300091,0.2186046511627907,0.5578395808141878
0.5850710184345724,0.2184917355371901,0.5578395808141879
0.5853732245391357,0.21837893649974188,0.5581418782748891
0.585675430643699,0.21826625386996903,0.5582426440951229
0.5859776367482623,0.2186694172253739,0.5582426440951229
0.5862798428528256,0.21855670103092784,0.5583434099153567
0.586582048957389,0.21895929933024214,0.5589480048367593
0.5868842550619523,0.21936148300720906,0.5590487706569932
0.5871864611665155,0.2197632527020072,0.559552599758162
0.5874886672710788,0.21965020576131689,0.5596533655783958
0.5877908733756422,0.21953727506426735,0.5601571946795647
0.5880930794802055,0.21942446043165467,0.5601571946795647
0.5883952855847688,0.21931176168464303,0.5602579604997985
0.5886974916893322,0.21919917864476385,0.5603587263200323
0.5889996977938954,0.21908671113391484,0.5616686819830714
0.5893019038984587,0.21897435897435896,0.5621725110842403
0.589604110003022,0.21886212198872373,0.5628778718258767
0.5899063161075854,0.21875,0.5633817009270455
0.5902085222121487,0.21863799283154123,0.5636839983877469
0.590510728316712,0.21852610030706243,0.5639862958484482
0.5908129344212754,0.2184143222506394,0.564087061668682
0.5911151405258386,0.21830265848670757,0.5641878274889157
0.5914173466304019,0.21870209504343383,0.5650947198710198
0.5917195527349652,0.21859039836567926,0.5652962515114873
0.5920217588395286,0.21898928024502298,0.5658000806126563
0.5923239649440919,0.21887755102040815,0.56590084643289
0.5926261710486552,0.21876593574706782,0.5660016122531237
0.5929283771532184,0.21865443425076453,0.5665054413542926
0.5932305832577818,0.21905247070809986,0.5668077388149939
0.5935327893623451,0.21945010183299388,0.5672108020959291
0.5938349954669084,0.2193384223918575,0.5676138653768642
0.5941372015714718,0.21973550356052898,0.5678153970173317
0.5944394076760351,0.21962379257752923,0.5682184602982668
0.5947416137805984,0.21951219512195122,0.5685207577589682
0.5950438198851616,0.21940071102082276,0.5688230552196695
0.595346025989725,0.21928934010152284,0.569931479242241
0.5956482320942883,0.2191780821917808,0.5710399032648126
0.5959504381988516,0.21906693711967545,0.5711406690850463
0.596252644303415,0.21946274708565636,0.5712414349052801
0.5965548504079783,0.2193515704154002,0.5716444981862153
0.5968570565125415,0.21924050632911393,0.5721483272873842
0.5971592626171048,0.21963562753036436,0.5723498589278516
0.5974614687216682,0.21952453211937278,0.5749697702539298
0.5977636748262315,0.21941354903943378,0.5752720677146311
0.5980658809307948,0.21930267812026275,0.575372833534865
0.5983680870353582,0.2191919191919192,0.575372833534865
0.5986702931399214,0.21908127208480566,0.5755743651753326
0.5989724992444847,0.2194752774974773,0.5756751309955663
0.599274705349048,0.21936459909228442,0.5756751309955663
0.5995769114536114,0.21975806451612903,0.5756751309955663
0.5998791175581747,0.21964735516372796,0.5758766626360338
0.600181323662738,0.22004028197381673,0.5758766626360338
0.6004835297673013,0.22043281328636136,0.5761789600967352
0.6007857358718646,0.22032193158953722,0.576279725916969
0.6010879419764279,0.22021116138763197,0.5764812575574365
0.6013901480809912,0.2201005025125628,0.5768843208383716
0.6016923541855546,0.21998995479658462,0.5776904474002418
0.6019945602901179,0.21987951807228914,0.5781942765014106
0.6022967663946812,0.21976919217260413,0.5783958081418783
0.6025989724992444,0.21965897693079237,0.5783958081418783
0.6029011786038078,0.21954887218045113,0.5784965739621121
0.6032033847083711,0.21943887775551102,0.5790004030632809
0.6035055908129344,0.21932899349023535,0.5790004030632809
0.6038077969174978,0.21921921921921922,0.5792019347037485
0.6041100030220611,0.2191095547773887,0.5793027005239823
0.6044122091266244,0.219,0.5794034663442161
0.6047144152311876,0.21889055472263869,0.5795042321644498
0.605016621335751,0.2192807192807193,0.5798065296251512
0.6053188274403143,0.21967049425861207,0.5798065296251512
0.6056210335448776,0.21956087824351297,0.5799072954453849
0.605923239649441,0.2194513715710723,0.5802095929060863
0.6062254457540043,0.2193419740777667,0.58031035872632
0.6065276518585675,0.2192326856003986,0.5804111245465539
0.6068298579631308,0.21912350597609562,0.5805118903667876
0.6071320640676942,0.21951219512195122,0.5806126561870214
0.6074342701722575,0.21940298507462686,0.580814187827489
0.6077364762768208,0.21929388363998012,0.581217251108424
0.6080386823813841,0.2191848906560636,0.5813180169286578
0.6083408884859474,0.21907600596125187,0.5814187827488916
0.6086430945905107,0.21896722939424032,0.5817210802095929
0.608945300695074,0.21935483870967742,0.5820233776702942
0.6092475067996374,0.2197420634920635,0.5821241434905281
0.6095497129042007,0.22012890431333665,0.5822249093107618
0.609851919008764,0.22001982160555006,0.5824264409512293
0.6101541251133273,0.2199108469539376,0.5831318016928658
0.6104563312178906,0.2198019801980198,0.5832325675130996
0.6107585373224539,0.21969322117763485,0.583434099153567
0.6110607434270172,0.22007912957467854,0.5835348649738009
0.6113629495315805,0.21997034107760752,0.5835348649738009
0.6116651556361439,0.22035573122529645,0.5837363966142685
0.6119673617407072,0.22074074074074074,0.5837363966142685
0.6122695678452704,0.2211253701875617,0.5840386940749698
0.6125717739498338,0.22101628021706957,0.5840386940749698
0.6128739800543971,0.22140039447731755,0.5841394598952035
0.6131761861589604,0.2212912764908822,0.5846432889963724
0.6134783922635237,0.22118226600985222,0.5849455864570737
0.6137805983680871,0.22107336287543083,0.5849455864570737
0.6140828044726504,0.22096456692913385,0.585247883917775
0.6143850105772136,0.22085587801278897,0.5854494155582426
0.614687216681777,0.2207472959685349,0.5858524788391777
0.6149894227863403,0.22063882063882065,0.5865578395808142
0.6152916288909036,0.22053045186640471,0.586658605401048
0.6155938349954669,0.22091310751104565,0.586658605401048
0.6158960411000303,0.22080471050049066,0.5867593712212817
0.6161982472045935,0.22069641981363414,0.587162434502217
0.6165004533091568,0.221078431372549,0.587565497783152
0.6168026594137201,0.22097011268985792,0.5876662636033857
0.6171048655182835,0.22086190009794318,0.5877670294236195
0.6174070716228468,0.22075379344101811,0.5889762192664248
0.6177092777274101,0.22113502935420742,0.5890769850866585
0.6180114838319734,0.22102689486552568,0.5890769850866585
0.6183136899365367,0.22140762463343108,0.5896815800080613
0.6186158960411,0.22178798241328773,0.5903869407496977
0.6189181021456633,0.22216796875,0.5904877065699315
0.6192203082502267,0.2225475841874085,0.5906892382103991
0.61952251435479,0.2229268292682927,0.5906892382103991
0.6198247204593533,0.22281813749390542,0.5913945989520355
0.6201269265639165,0.22270955165692008,0.5918984280532044
0.6204291326684799,0.2230881636629323,0.5920999596936719
0.6207313387730432,0.22297955209347614,0.5920999596936719
0.6210335448776065,0.22335766423357664,0.5924022571543732
0.6213357509821699,0.2232490272373541,0.5928053204353083
0.6216379570867332,0.2236266407389402,0.5929060862555421
0.6219401631912964,0.22351797862001943,0.5931076178960096
0.6222423692958597,0.22340942204953862,0.5931076178960096
0.6225445754004231,0.22330097087378642,0.5932083837162434
0.6228467815049864,0.22319262493934983,0.5937122128174123
0.6231489876095497,0.22308438409311349,0.5942160419185812
0.6234511937141131,0.22297624818225883,0.5945183393792826
0.6237533998186764,0.22335271317829458,0.5946191051995163
0.6240556059232396,0.2232445520581114,0.5946191051995163
0.6243578120278029,0.22362052274927396,0.5954252317613865
0.6246600181323663,0.22351233671988388,0.5955259975816204
0.6249622242369296,0.22388781431334623,0.595626763401854
0.6252644303414929,0.22426292895118416,0.5958282950423217
0.6255666364460563,0.2246376811594203,0.5965336557839581
0.6258688425506195,0.22501207146306132,0.597037484885127
0.6261710486551828,0.22538610038610038,0.5973397823458283
0.6264732547597461,0.2252773757838881,0.5980451430874648
0.6267754608643095,0.2256509161041466,0.5981459089076985
0.6270776669688728,0.22554216867469878,0.5982466747279322
0.6273798730734361,0.2254335260115607,0.5982466747279324
0.6276820791779993,0.22532498796340877,0.5987505038291011
0.6279842852825627,0.2252165543792108,0.598851269649335
0.628286491387126,0.2255892255892256,0.5992543329302701
0.6285886974916893,0.22548076923076923,0.5993550987505039
0.6288909035962527,0.22537241710716002,0.5997581620314388
0.629193109700816,0.22526416906820365,0.6000604594921403
0.6294953158053793,0.2256361017762842,0.600161225312374
0.6297975219099425,0.22600767754318618,0.6002619911326078
0.6300997280145059,0.22637889688249402,0.6009673518742442
0.6304019341190692,0.22627037392138064,0.6009673518742443
0.6307041402236325,0.22664111164350742,0.6009673518742443
0.6310063463281959,0.22701149425287356,0.6012696493349456
0.6313085524327592,0.22690282431785544,0.6014711809754131
0.6316107585373224,0.22727272727272727,0.601571946795647
0.6319129646418857,0.22764227642276422,0.6016727126158807
0.6322151707464491,0.22753346080305928,0.6017734784361145
0.6325173768510124,0.22790253225035834,0.601975010076582
0.6328195829555757,0.2282712511938873,0.6021765417170496
0.633121789060139,0.22816229116945108,0.6023780733575171
0.6334239951647024,0.22853053435114504,0.6025796049979847
0.6337262012692656,0.22889842632331903,0.6026803708182185
0.6340284073738289,0.22878932316491898,0.602881902458686
0.6343306134783923,0.2286803239637923,0.6031841999193874
0.6346328195829556,0.22904761904761906,0.6032849657396211
0.6349350256875189,0.22893860066634936,0.6038895606610238
0.6352372317920822,0.22930542340627974,0.6039903264812575
0.6355394378966455,0.2291963861150737,0.604191858121725
0.6358416440012088,0.22908745247148288,0.6043933897621927
0.6361438501057721,0.22897862232779098,0.6045949214026601
0.6364460562103355,0.22934472934472935,0.604695687222894
0.6367482623148988,0.2292358803986711,0.6049979846835953
0.6370504684194621,0.22912713472485768,0.6050987505038291
0.6373526745240253,0.22901849217638692,0.6051995163240629
0.6376548806285887,0.22890995260663508,0.6054010479645304
0.637957086733152,0.22927522501184272,0.6057033454252317
0.6382592928377153,0.22964015151515152,0.6059048770656993
0.6385614989422786,0.22953147184098438,0.6061064087061668
0.638863705046842,0.22989593188268684,0.6063079403466344
0.6391659111514053,0.2297872340425532,0.6068117694478032
0.6394681172559685,0.22967863894139887,0.606912535268037
0.6397703233605319,0.2295701464336325,0.6072148327287383
0.6400725294650952,0.22946175637393768,0.6073155985489721
0.6403747355696585,0.2298253893345918,0.6077186618299073
0.6406769416742218,0.22971698113207548,0.6086255542120113
0.6409791477787852,0.23008015087223008,0.6086255542120113
0.6412813538833484,0.23044297832233743,0.608726320032245
0.6415835599879117,0.23080546396608573,0.6088270858524788
0.641885766092475,0.23069679849340866,0.6090286174929463
0.6421879721970384,0.23105882352941176,0.6090286174929465
0.6424901783016017,0.23095014111006584,0.6090286174929465
0.642792384406165,0.231311706629055,0.6091293833131802
0.6430945905107284,0.231203007518797,0.6092301491334139
0.6433967966152916,0.23156411460779708,0.6097339782345829
0.6436990027198549,0.231924882629108,0.6099355098750504
0.6440012088244182,0.2318160488033787,0.610137041515518
0.6443034149289816,0.23170731707317074,0.6103385731559855
0.6446056210335449,0.2320675105485232,0.6103385731559855
0.6449078271381082,0.232427366447985,0.6110439338976219
0.6452100332426715,0.2323185011709602,0.611446997178557
0.6455122393472348,0.23267790262172286,0.6121523579201935
0.6458144454517981,0.23303696771174542,0.6125554212011286
0.6461166515563614,0.23292797006548177,0.6125554212011286
0.6464188576609248,0.23281907433380084,0.6126561870213624
0.6467210637654881,0.23271028037383176,0.612756952841596
0.6470232698700513,0.23260158804297057,0.6133615477629988
0.6473254759746147,0.23249299719887956,0.6136638452237002
0.647627682079178,0.2323845076994867,0.6138653768641676
0.6479298881837413,0.23227611940298507,0.6139661426844015
0.6482320942883046,0.23216783216783216,0.614167674324869
0.648534300392868,0.2320596458527493,0.6144699717855704
0.6488365064974313,0.23241732650209596,0.6147722692462717
0.6491387126019945,0.23230912476722532,0.6148730350665054
0.6494409187065578,0.23220102373196835,0.6148730350665055
0.6497431248111212,0.23255813953488372,0.6149738008867393
0.6500453309156845,0.23291492329149233,0.6151753325272068
0.6503475370202478,0.2328066914498141,0.6153768641676743
0.6506497431248112,0.23316302833255922,0.6154776299879081
0.6509519492293744,0.2330547818012999,0.6157799274486094
0.6512541553339377,0.23294663573085847,0.615981459089077
0.651556361438501,0.23330241187384043,0.6161829907295445
0.6518585675430644,0.2336578581363004,0.6165860540104796
0.6521607736476277,0.23354958294717332,0.6173921805723499
0.652462979752191,0.2334414080592867,0.61819830713422
0.6527651858567544,0.23333333333333334,0.6181983071342201
0.6530673919613176,0.23322535863026378,0.6181983071342202
0.6533695980658809,0.23311748381128586,0.6187021362353889
0.6536718041704442,0.23300970873786409,0.6194074969770255
0.6539740102750076,0.2333641404805915,0.6195082627972591
0.6542762163795709,0.23371824480369516,0.6196090286174929
0.6545784224841342,0.23361034164358263,0.6200120918984281
0.6548806285886974,0.233502538071066,0.6201128577186618
0.6551828346932608,0.2333948339483395,0.620515920999597
0.6554850407978241,0.23328722913785155,0.6210197501007658
0.6557872469023874,0.23317972350230415,0.6211205159209996
0.6560894530069508,0.23307231690465224,0.6211205159209996
0.6563916591115141,0.23296500920810312,0.6216243450221685
0.6566938652160773,0.23285780027611597,0.6224304715840386
0.6569960713206406,0.23321067157313707,0.6225312374042725
0.657298277425204,0.23310344827586207,0.6228335348649737
0.6576004835297673,0.23299632352941177,0.6229343006852076
0.6579026896343306,0.23288929719797888,0.6229343006852076
0.658204895738894,0.2327823691460055,0.6230350665054413
0.6585071018434573,0.23267553923818265,0.6230350665054414
0.6588093079480205,0.23256880733944954,0.6231358323256752
0.6591115140525838,0.23292067858780377,0.6241434905280129
0.6594137201571472,0.23281393217231897,0.6242442563482467
0.6597159262617105,0.23270728355474118,0.624546553808948
0.6600181323662738,0.2326007326007326,0.6247480854494155
0.6603203384708372,0.23249427917620138,0.6247480854494155
0.6606225445754004,0.232387923147301,0.6249496170898831
0.6609247506799637,0.23228166438042983,0.6257557436517532
0.661226956784527,0.23263254113345522,0.6257557436517533
0.6615291628890904,0.2325262677021471,0.6261588069326884
0.6618313689936537,0.2328767123287671,0.6261588069326884
0.662133575098217,0.2327704244637152,0.6263603385731561
0.6624357812027803,0.23266423357664234,0.6266626360338573
0.6627379873073436,0.23301413588691292,0.6268641676743248
0.6630401934119069,0.2333637192342753,0.6271664651350263
0.6633423995164702,0.23325740318906607,0.6275695284159614
0.6636446056210336,0.2331511839708561,0.6275695284159614
0.6639468117255969,0.23304506144742831,0.6275695284159614
0.6642490178301602,0.2329390354868062,0.628174123337364
0.6645512239347234,0.2328331059572533,0.6297863764611044
0.6648534300392868,0.23318181818181818,0.6299879081015719
0.6651556361438501,0.23307587460245344,0.6300886739218057
0.6654578422484134,0.2329700272479564,0.6302902055622733
0.6657600483529768,0.23286427598729006,0.630390971382507
0.6660622544575401,0.23275862068965517,0.6306932688432084
0.6663644605621033,0.23265306122448978,0.630894800483676
0.6666666666666666,0.23254759746146872,0.6309955663039096
0.66696887277123,0.23244222927050295,0.6309955663039097
0.6672710788757933,0.23278985507246377,0.6320032245062475
0.6675732849803566,0.23313716613852423,0.6321039903264812
0.66787549108492,0.2334841628959276,0.632204756146715
0.6681776971894833,0.23337856173677068,0.6323055219669488
0.6684799032940465,0.2332730560578662,0.6324062877871826
0.6687821093986098,0.23361952101220063,0.6324062877871826
0.6690843155031732,0.23396567299006324,0.6328093510681176
0.6693865216077365,0.23386004514672687,0.6329101168883514
0.6696887277122998,0.2342057761732852,0.6331116485288191
0.6699909338168631,0.23410013531799728,0.6338170092704555
0.6702931399214264,0.23399458972046888,0.6339177750906893
0.6705953460259897,0.23433979269941416,0.634018540910923
0.670897552130553,0.23423423423423423,0.6341193067311568
0.6711997582351164,0.23457901846015308,0.6346231358323257
0.6715019643396797,0.23492349234923493,0.6347239016525594
0.671804170444243,0.2352676563202879,0.6347239016525595
0.6721063765488063,0.2356115107913669,0.635429262394196
0.6724085826533696,0.2355056179775281,0.6355300282144297
0.6727107887579329,0.23539982030548068,0.636235388956066
0.6730129948624962,0.23529411764705882,0.6364369205965336
0.6733152009670595,0.23518850987432674,0.636739218057235
0.6736174070716229,0.23553162853297444,0.6370415155179363
0.6739196131761862,0.23542600896860988,0.6372430471584039
0.6742218192807494,0.23532048408785297,0.6373438129786376
0.6745240253853128,0.23521505376344087,0.6374445787988714
0.6748262314898761,0.2355575459023735,0.6375453446191052
0.6751284375944394,0.2358997314234557,0.6379484079000403
0.6754306436990027,0.23579418344519015,0.6380491737202741
0.6757328498035661,0.23613595706618962,0.6381499395405079
0.6760350559081293,0.2364774251229325,0.6382507053607416
0.6763372620126926,0.23681858802502234,0.638553002821443
0.676639468117256,0.23715944618133095,0.6391575977428456
0.6769416742218193,0.2375,0.6392583635630794
0.6772438803263826,0.23784024988844266,0.6392583635630794
0.6775460864309459,0.23818019625334522,0.6393591293833132
0.6778482925355093,0.23807400802496656,0.639459895203547
0.6781504986400725,0.23796791443850268,0.6395606610237807
0.6784527047446358,0.2378619153674833,0.6400644901249496
0.6787549108491991,0.2382012466607302,0.6400644901249496
0.6790571169537625,0.23809523809523808,0.6401652559451834
0.6793593230583258,0.23798932384341637,0.6407698508665861
0.6796615291628891,0.2383281458425967,0.6409713825070537
0.6799637352674524,0.23866666666666667,0.6411729141475212
0.6802659413720157,0.23900488671701467,0.6415759774284563
0.680568147476579,0.238898756660746,0.6415759774284563
0.6808703535811423,0.23879272081668887,0.6417775090689238
0.6811725596857057,0.23868677905944988,0.6420798065296252
0.681474765790269,0.23902439024390243,0.6422813381700927
0.6817769718948323,0.23891843971631205,0.6422813381700927
0.6820791779993955,0.23881258307487815,0.6422813381700927
0.6823813841039589,0.23870682019486272,0.6423821039903265
0.6826835902085222,0.23860115095174855,0.6426844014510279
0.6829857963130855,0.23893805309734514,0.6427851672712616
0.6832880024176489,0.23883237505528526,0.6428859330914953
0.6835902085222122,0.23872679045092837,0.643087464731963
0.6838924146267754,0.23906319045514804,0.6432889963724305
0.6841946207313387,0.23895759717314488,0.6433897621926642
0.6844968268359021,0.2392935982339956,0.6435912938331319
0.6847990329404654,0.23918799646954986,0.6437928254735993
0.6851012390450287,0.23908248786943095,0.6438935912938332
0.6854034451495921,0.23941798941798942,0.6439943571140669
0.6857056512541553,0.23931247245482593,0.6442966545747683
0.6860078573587186,0.239647577092511,0.6452035469568723
0.6863100634632819,0.23954205195948922,0.645304312777106
0.6866122695678453,0.23987676056338028,0.6455058444175735
0.6869144756724086,0.2402111746590409,0.6460096735187424
0.6872166817769719,0.2405452946350044,0.6463119709794437
0.6875188878815353,0.2408791208791209,0.6464127367996776
0.6878210939860985,0.24077328646748683,0.6468158000806127
0.6881233000906618,0.24110671936758893,0.6472188633615478
0.6884255061952251,0.24100087796312555,0.6478234582829504
0.6887277122997885,0.24089512944273805,0.6478234582829504
0.6890299184043518,0.2412280701754386,0.6479242241031842
0.6893321245089151,0.24156071898290224,0.6481257557436517
0.6896343306134783,0.24189307624890447,0.6482265215638855
0.6899365367180417,0.2422251423565484,0.6482265215638855
0.690238742822605,0.2425569176882662,0.6487303506650545
0.6905409489271683,0.2424507658643326,0.6488311164852881
0.6908431550317317,0.24278215223097113,0.6488311164852881
0.691145361136295,0.2431132487975514,0.6488311164852882
0.6914475672408583,0.243006993006993,0.6490326481257558
0.6917497733454215,0.24290083005679336,0.6491334139459896
0.6920519794499849,0.2427947598253275,0.6492341797662233
0.6923541855545482,0.24312527280663465,0.6493349455864571
0.6926563916591115,0.2430191972076789,0.6494357114066909
0.6929585977636749,0.24291321412996075,0.6497380088673922
0.6932608038682382,0.24324324324324326,0.6500403063280934
0.6935630099728014,0.24313725490196078,0.6500403063280935
0.6938652160773647,0.24346689895470383,0.6501410721483273
0.6941674221819281,0.24379625598606877,0.6503426037887948
0.6944696282864914,0.24369016536118362,0.6504433696090287
0.6947718343910547,0.2435841670291431,0.6507456670697299
0.695074040495618,0.24347826086956523,0.6509471987101975
0.6953762466001813,0.2438070404172099,0.6509471987101975
0.6956784527047446,0.24370112945264988,0.6510479645304313
0.6959806588093079,0.2435953104646114,0.6512494961708989
0.6962828649138713,0.24348958333333334,0.6515517936316001
0.6965850710184346,0.24338394793926246,0.6522571543732366
0.6968872771229979,0.2432784041630529,0.6526602176541717
0.6971894832275612,0.2436064152579107,0.6526602176541717
0.6974916893321245,0.24393414211438474,0.6530632809351068
0.6977938954366878,0.24426158510177565,0.653869407496977
0.6980961015412511,0.24415584415584415,0.654373236598146
0.6983983076458145,0.2444829078321073,0.6545747682386134
0.6987005137503778,0.24437716262975778,0.6546755340588473
0.6990027198549411,0.24470384781668827,0.6546755340588474
0.6993049259595043,0.24503025064822817,0.6551793631600161
0.6996071320640677,0.2449244060475162,0.6555824264409512
0.699909338168631,0.24481865284974094,0.6555824264409513
0.7002115442731943,0.24471299093655588,0.655683192261185
0.7005137503777576,0.24460742018981882,0.6558847239016524
0.700815956482321,0.2445019404915912,0.6558847239016525
0.7011181625868843,0.24439655172413793,0.6558847239016526
0.7014203686914475,0.24429125376992675,0.6566908504635228
0.7017225747960109,0.2441860465116279,0.6570939137444579
0.7020247809005742,0.24451140766250537,0.6570939137444579
0.7023269870051375,0.24483648881239242,0.6572954453849255
0.7026291931097008,0.24473118279569891,0.6576985086658605
0.7029313992142642,0.24505588993981084,0.6577992744860942
0.7032336053188274,0.24538031800601634,0.6581015719467956
0.7035358114233907,0.24527491408934707,0.6582023377670295
0.703838017527954,0.24516960068699012,0.6588069326884322
0.7041402236325174,0.24506437768240344,0.6592099959693672
0.7044424297370807,0.24495924495924495,0.6595122934300685
0.704744635841644,0.2448542024013722,0.6595122934300686
0.7050468419462073,0.24474924989284183,0.6599153567110037
0.7053490480507706,0.24507283633247642,0.6606207174526401
0.7056512541553339,0.24539614561027837,0.6606207174526401
0.7059534602598972,0.24529109589041095,0.6607214832728738
0.7062556663644606,0.24561403508771928,0.6609230149133415
0.7065578724690239,0.24593669803250642,0.6610237807335752
0.7068600785735872,0.24625908507909364,0.6611245465538089
0.7071622846781505,0.2465811965811966,0.661124546553809
0.7074644907827138,0.24647586501495086,0.661124546553809
0.7077666968872771,0.24679760888129804,0.6614268440145102
0.7080689029918404,0.24669227486128895,0.6614268440145102
0.7083711090964038,0.24658703071672355,0.6615276098347441
0.7086733152009671,0.24690831556503198,0.6620314389359129
0.7089755213055303,0.24722932651321397,0.6623337363966143
0.7092777274100937,0.2475500639113762,0.662434502216848
0.709579933514657,0.24744463373083475,0.6626360338573156
0.7098821396192203,0.2473392933163048,0.6627367996775494
0.7101843457237836,0.24723404255319148,0.6628375654977832
0.710486551828347,0.24712888132709485,0.6629383313180169
0.7107887579329103,0.24744897959183673,0.6630390971382507
0.7110909640374735,0.24734381640458988,0.6635429262394196
0.7113931701420368,0.24766355140186916,0.6639459895203547
0.7116953762466002,0.24798301486199575,0.6641475211608222
0.7119975823511635,0.24787775891341257,0.6641475211608222
0.7122997884557268,0.2477725922783199,0.664248286981056
0.7126019945602902,0.24766751484308736,0.6644498186215236
0.7129042006648534,0.24798643493005512,0.6647521160822248
0.7132064067694167,0.2478813559322034,0.664752116082225
0.71350861287398,0.24777636594663277,0.66515517936316
0.7138108189785434,0.2480948348856901,0.6653567110036276
0.7141130250831067,0.2484130342784596,0.6663643692059653
0.71441523118767,0.24873096446700507,0.6666666666666666
0.7147174372922332,0.24862579281183933,0.6672712615880694
0.7150196433967966,0.2489433643279797,0.6673720274083031
0.7153218495013599,0.24883819180397126,0.6676743248690045
0.7156240556059232,0.24873310810810811,0.6678758565094719
0.7159262617104866,0.24862811312790206,0.6680773881499396
0.7162284678150499,0.2489451476793249,0.6681781539701733
0.7165306739196132,0.24884015183466893,0.6684804514308746
0.7168328800241764,0.2487352445193929,0.6688835147118098
0.7171350861287398,0.24863042562157606,0.6689842805320435
0.7174372922333031,0.2485256950294861,0.6690850463522772
0.7177394983378664,0.24842105263157896,0.6691858121725112
0.7180417044424298,0.24873737373737373,0.6695888754534461
0.7183439105469931,0.2486327303323517,0.6695888754534461
0.7186461166515563,0.24852817493692178,0.6695888754534463
0.7189483227561196,0.24884405212274066,0.66968964127368
0.719250528860683,0.24915966386554622,0.670193470374849
0.7195527349652463,0.249055018899622,0.6711003627569528
0.7198549410698096,0.2489504617968094,0.6713018943974204
0.720157147174373,0.2492656315568611,0.6717049576783555
0.7204593532789363,0.24958053691275167,0.671906489318823
0.7207615593834995,0.249895178197065,0.671906489318823
0.7210637654880628,0.24979044425817268,0.671906489318823
0.7213659715926262,0.24968579807289484,0.6719064893188231
0.7216681776971895,0.24958123953098826,0.6725110842402257
0.7219703838017528,0.2494767685223943,0.6726118500604595
0.7222725899063162,0.24937238493723848,0.672813381700927
0.7225747960108794,0.2492680886658302,0.6731156791616284
0.7228770021154427,0.2491638795986622,0.6731156791616284
0.723179208220006,0.24947764312578355,0.6734179766223297
0.7234814143245694,0.24937343358395989,0.6737202740830309
0.7237836204291327,0.24926931106471817,0.6738210399032648
0.724085826533696,0.24958263772954925,0.6740225715437324
0.7243880326382592,0.24989570296203586,0.6743248690044337
0.7246902387428226,0.24979149291075897,0.6743248690044338
0.7249924448473859,0.25010421008753647,0.6746271664651351
0.7252946509519492,0.25,0.6750302297460701
0.7255968570565126,0.25031236984589755,0.6758363563079404
0.7258990631610759,0.25062447960033307,0.6758363563079404
0.7262012692656392,0.2505201831044528,0.6759371221281741
0.7265034753702024,0.2504159733777038,0.6772470777912133
0.7268056814747658,0.2503118503118503,0.677347843611447
0.7271078875793291,0.2506234413965087,0.6774486094316808
0.7274100936838924,0.25051931865392607,0.6775493752519145
0.7277122997884558,0.25083056478405313,0.6779524385328496
0.7280145058930191,0.2511415525114155,0.6781539701733172
0.7283167119975823,0.25145228215767634,0.67875856509472
0.7286189181021456,0.25176275404396514,0.6789600967351874
0.728921124206709,0.25165837479270314,0.6792623941958887
0.7292233303112723,0.25155408205553254,0.6792623941958887
0.7295255364158356,0.251864125932063,0.6794639258363563
0.729827742520399,0.25175983436853,0.6797662232970577
0.7301299486249623,0.25165562913907286,0.6800685207577589
0.7304321547295255,0.2515515101365329,0.680068520757759
0.7307343608340888,0.2518610421836228,0.6810761789600966
0.7310365669386522,0.2517569243489045,0.6810761789600969
0.7313387730432155,0.25206611570247933,0.6811769447803305
0.7316409791477788,0.2523750516315572,0.6814792422410317
0.7319431852523421,0.2526837324525186,0.6816807738814994
0.7322453913569054,0.25257944696657036,0.6822853688029019
0.7325475974614687,0.2524752475247525,0.6822853688029021
0.732849803566032,0.25237113402061856,0.6825876662636033
0.7331520096705954,0.2522671063478978,0.6829907295445384
0.7334542157751587,0.25257519571487436,0.6832930270052398
0.733756421879722,0.2524711696869852,0.6834945586457074
0.7340586279842852,0.2523672293124743,0.6834945586457074
0.7343608340888486,0.2522633744855967,0.6837968561064086
0.7346630401934119,0.2525709584533114,0.6841999193873439
0.7349652462979752,0.2524671052631579,0.6841999193873439
0.7352674524025385,0.25236333744348544,0.6844014510278114
0.7355696585071019,0.2522596548890715,0.6844014510278114
0.7358718646116652,0.2521560574948665,0.6845022168480451
0.7361740707162284,0.25205254515599346,0.6847037484885128
0.7364762768207918,0.25235945835043083,0.6848045143087464
0.7367784829253551,0.2526661197703035,0.6853083434099153
0.7370806890299184,0.2525625256252563,0.6858121725110843
0.7373828951344817,0.25245901639344265,0.6861144699717855
0.7376851012390451,0.2523555919705039,0.6861144699717855
0.7379873073436083,0.25266175266175267,0.6861144699717855
0.7382895134481716,0.25255832992222677,0.6861144699717855
0.738591719552735,0.2528641571194763,0.6863160016122531
0.7388939256572983,0.25316973415132926,0.6865175332527208
0.7391961317618616,0.2530662305805397,0.6866182990729545
0.7394983378664249,0.2529628116060482,0.6867190648931882
0.7398005439709883,0.252859477124183,0.6869205965336557
0.7401027500755515,0.2527562270314414,0.6872228939943571
0.7404049561801148,0.25265306122448977,0.6872228939943571
0.7407071622846781,0.2525499796001632,0.6876259572752922
0.7410093683892415,0.25244698205546495,0.6880290205562273
0.7413115744938048,0.2527517325723604,0.6885328496573963
0.7416137805983681,0.2526487367563162,0.6888351471180975
0.7419159867029314,0.2529531568228106,0.6894397420395002
0.7422181928074947,0.2528501628664495,0.6900443369609027
0.742520398912058,0.25274725274725274,0.6900443369609027
0.7428226050166213,0.2526444263628967,0.6902458686013704
0.7431248111211847,0.2525416836112241,0.6902458686013704
0.743427017225748,0.2524390243902439,0.6908504635227731
0.7437292233303112,0.2523364485981308,0.6908504635227731
0.7440314294348745,0.252233956133225,0.6911527609834743
0.7443336355394379,0.25213154689403167,0.691354292623942
0.7446358416440012,0.2520292207792208,0.6915558242644094
0.7449380477485645,0.2519269776876268,0.6921604191858122
0.7452402538531279,0.2518248175182482,0.6923619508262796
0.7455424599576912,0.25172274017024726,0.6923619508262798
0.7458446660622544,0.2516207455429498,0.6928657799274486
0.7461468721668177,0.25192385581206966,0.6930673115679161
0.7464490782713811,0.2522267206477733,0.6930673115679161
0.7467512843759444,0.2521246458923513,0.69316807738815
0.7470534904805077,0.25202265372168287,0.69316807738815
0.7473556965850711,0.2523251112009705,0.6932688432083838
0.7476579026896343,0.25222312045270817,0.6933696090286174
0.7479601087941976,0.25252525252525254,0.6937726723095525
0.7482623148987609,0.252827140549273,0.6943772672309553
0.7485645210033243,0.2531287848203472,0.694478033051189
0.7488667271078876,0.25302663438256656,0.6945787988714228
0.7491689332124509,0.2529245663574022,0.6945787988714228
0.7494711393170143,0.2528225806451613,0.6946795646916565
0.7497733454215775,0.25272067714631197,0.6947803305118904
0.7500755515261408,0.25302175664786464,0.6948810963321241
0.7503777576307041,0.25332259363672976,0.6949818621523578
0.7506799637352675,0.2532206119162641,0.695384925433293
0.7509821698398308,0.2535211267605634,0.695384925433293
0.7512843759443941,0.25382139983909896,0.695384925433293
0.7515865820489573,0.25371934057096907,0.6954856912535267
0.7518887881535207,0.25361736334405144,0.6957879887142281
0.752190994258084,0.25391723583768583,0.6959895203546956
0.7524932003626473,0.25381526104417673,0.6962918178153971
0.7527954064672107,0.25411481332798075,0.6964933494558645
0.753097612571774,0.2540128410914928,0.6965941152760985
0.7533998186763372,0.2539109506618532,0.6974002418379687
0.7537020247809005,0.25380914194065757,0.6975010076582023
0.7540042308854639,0.25410821643286574,0.6976017734784361
0.7543064369900272,0.25440705128205127,0.6978033051189038
0.7546086430945905,0.25470564677613133,0.6980048367593712
0.7549108491991539,0.25500400320256206,0.6986094316807739
0.7552130553037172,0.2553021208483393,0.6986094316807739
0.7555152614082804,0.2556,0.6988109633212414
0.7558174675128437,0.25589764094362255,0.6988109633212414
0.7561196736174071,0.2557953637090328,0.6991132607819428
0.7564218797219704,0.25609268877347185,0.6993147924224102
0.7567240858265337,0.25599041533546324,0.6997178557033453
0.757026291931097,0.2558882235528942,0.6998186215235792
0.7573284980356603,0.2561851556264964,0.7001209189842804
0.7576307041402236,0.2560829676904667,0.7002216848045144
0.7579329102447869,0.25598086124401914,0.7003224506247481
0.7582351163493503,0.255878836189717,0.7007255139056832
0.7585373224539136,0.2557768924302789,0.7007255139056832
0.7588395285584769,0.25567502986857826,0.7011285771866183
0.7591417346630402,0.25557324840764334,0.7011285771866183
0.7594439407676035,0.2554715479506566,0.7014308746473196
0.7597461468721668,0.2553699284009546,0.7019347037484884
0.7600483529767301,0.2552683896620278,0.7020354695687222
0.7603505590812935,0.25516693163751986,0.7030431277710602
0.7606527651858568,0.25546285260230434,0.7040507859733977
0.7609549712904201,0.25536139793486895,0.7041515517936316
0.7612571773949833,0.2552600238189758,0.7047561467150342
0.7615593834995467,0.25515873015873014,0.7051592099959693
0.76186158960411,0.2550575168583895,0.7051592099959695
0.7621637957086733,0.25535289452815224,0.7056630390971382
0.7624660018132366,0.2556480380499406,0.705763804917372
0.7627682079178,0.2559429477020602,0.7059653365578397
0.7630704140223632,0.25584158415841585,0.7066706972994762
0.7633726201269265,0.2557403008709422,0.707073760580411
0.7636748262314899,0.2556390977443609,0.7072752922208787
0.7639770323360532,0.2555379746835443,0.7079806529625152
0.7642792384406165,0.2554369315935152,0.7080814187827489
0.7645814445451798,0.25533596837944667,0.7082829504232165
0.7648836506497432,0.2552350849466614,0.7083837162434502
0.7651858567543064,0.25552922590837285,0.7087867795243853
0.7654880628588697,0.25582313462297673,0.7088875453446191
0.765790268963433,0.25611681136543013,0.7089883111648528
0.7660924750679964,0.2560157790927022,0.7091898428053205
0.7663946811725597,0.25591482649842273,0.7094921402660218
0.766696887277123,0.2562081198265668,0.7096936719064892
0.7669990933816863,0.256107171000788,0.7099959693671906
0.7673012994862496,0.25600630169358013,0.7100967351874244
0.7676035055908129,0.2559055118110236,0.7101975010076581
0.7679057116953762,0.25580480125934674,0.7111043933897623
0.7682079177999396,0.25570416994492523,0.7112051592099959
0.7685101239045029,0.2559968541093197,0.7113059250302297
0.7688123300090662,0.2562893081761006,0.7115074566706973
0.7691145361136295,0.25658153241650294,0.7117089883111648
0.7694167422181928,0.25648075412411625,0.7118097541313987
0.7697189483227561,0.2563800549666274,0.7121120515920999
0.7700211544273194,0.2562794348508634,0.7122128174123338
0.7703233605318828,0.2565712043938799,0.7122128174123338
0.7706255666364461,0.2564705882352941,0.713018943974204
0.7709277727410093,0.25676205409643277,0.7134220072551392
0.7712299788455727,0.25705329153605017,0.7135227730753728
0.771532184950136,0.2573443008225617,0.7137243047158405
0.7718343910546993,0.2572435395458105,0.7139258363563079
0.7721365971592626,0.25753424657534246,0.713925836356308
0.772438803263826,0.257433489827856,0.7140266021765417
0.7727410093683892,0.25733281188893237,0.7145304312777107
0.7730432154729525,0.2576231430805317,0.7146311970979443
0.7733454215775158,0.2575224697147323,0.7146311970979444
0.7736476276820792,0.257421875,0.7147319629181782
0.7739498337866425,0.2577118313158922,0.7148327287384119
0.7742520398912058,0.2576112412177986,0.7154373236598146
0.7745542459957692,0.2575107296137339,0.715638855300282
0.7748564521003324,0.2578003120124805,0.7159411527609834
0.7751586582048957,0.2576998050682261,0.716142684401451
0.775460864309459,0.25759937646141856,0.7164449818621522
0.7757630704140224,0.2574990261005064,0.7165457476823861
0.7760652765185857,0.257398753894081,0.7166465135026199
0.776367482623149,0.25729855975087584,0.7167472793228536
0.7766696887277122,0.2571984435797665,0.7168480451430875
0.7769718948322756,0.2574873590042785,0.7168480451430875
0.7772741009368389,0.25777604976671853,0.7169488109633213
0.7775763070414022,0.25806451612903225,0.7170495767835551
0.7778785131459656,0.25835275835275834,0.7171503426037887
0.7781807192505289,0.25864077669902913,0.71745264006449
0.7784829253550922,0.25892857142857145,0.7178557033454253
0.7787851314596554,0.2588280946837408,0.7179564691656589
0.7790873375642188,0.2587276958882855,0.7180572349858928
0.7793895436687821,0.2586273749515316,0.7181580008061266
0.7796917497733454,0.25852713178294573,0.7182587666263603
0.7799939558779088,0.25881441301821,0.7183595324465942
0.7802961619824721,0.2587141750580945,0.7189641273679968
0.7805983680870353,0.2590011614401858,0.7192664248286981
0.7809005741915986,0.25890092879256965,0.7194679564691656
0.781202780296162,0.25918762088974856,0.7197702539298669
0.7815049864007253,0.2590873936581593,0.7198710197501007
0.7818071925052886,0.25937379203710864,0.7201733172108021
0.782109398609852,0.2596599690880989,0.7201733172108021
0.7824116047144152,0.25955967555040554,0.7201733172108021
0.7827138108189785,0.2594594594594595,0.7202740830310358
0.7830160169235418,0.2593593207255886,0.7202740830310358
0.7833182230281052,0.25925925925925924,0.7205763804917371
0.7836204291326685,0.25954492865406864,0.7208786779524385
0.7839226352372318,0.25944487278334616,0.7209794437726723
0.7842248413417952,0.25934489402697497,0.7213825070536074
0.7845270474463584,0.25924499229583975,0.7218863361547764
0.7848292535509217,0.25953022718521374,0.7220878677952439
0.785131459655485,0.25943033102386454,0.7221886336154776
0.7854336657600484,0.2593305117352828,0.7221886336154776
0.7857358718646117,0.2592307692307692,0.7222893994357115
0.786038077969175,0.2591311034217609,0.7223901652559451
0.7863402840737382,0.2590315142198309,0.7226924627166466
0.7866424901783016,0.2593161736457933,0.7226924627166466
0.7869446962828649,0.25921658986175117,0.7230955259975816
0.7872469023874282,0.2591170825335892,0.7231962918178154
0.7875491084919916,0.25901765157329243,0.7234985892785168
0.7878513145965549,0.25891829689298046,0.7237001209189843
0.7881535207011182,0.25920245398773006,0.7239016525594518
0.7884557268056814,0.25910310463779224,0.7244054816606207
0.7887579329102448,0.2590038314176245,0.7248085449415559
0.7890601390148081,0.2592876292608196,0.7255139056831922
0.7893623451193714,0.25957120980091886,0.72571543732366
0.7896645512239348,0.25985457328740913,0.7263200322450625
0.7899667573284981,0.25975516449885233,0.7265215638855299
0.7902689634330613,0.25965583173996176,0.7265215638855299
0.7905711695376246,0.2595565749235474,0.7265215638855301
0.790873375642188,0.2594573939625525,0.7269246271664652
0.7911755817467513,0.25935828877005346,0.7273276904474003
0.7914777878513146,0.25925925925925924,0.7276299879081015
0.791779993955878,0.2595419847328244,0.7278315195485691
0.7920822000604412,0.2594429607020221,0.7280330511890368
0.7923844061650045,0.2593440122044241,0.7281338170092705
0.7926866122695678,0.2596263820053374,0.7284361144699717
0.7929888183741312,0.25990853658536583,0.7285368802902056
0.7932910244786945,0.2598095238095238,0.7286376461104394
0.7935932305832578,0.2597105864432597,0.7290407093913744
0.7938954366878211,0.2599923867529501,0.7291414752116082
0.7941976427923844,0.2598934550989346,0.7293430068520758
0.7944998488969477,0.2601749714720426,0.729746070133011
0.794802055001511,0.2600760456273764,0.7299476017734784
0.7951042611060744,0.26035727860129226,0.7300483675937123
0.7954064672106377,0.26063829787234044,0.7300483675937123
0.795708673315201,0.2609191036840106,0.7300483675937123
0.7960108794197642,0.2611996962794229,0.7302498992341798
0.7963130855243276,0.26148007590132827,0.7308544941555825
0.7966152916288909,0.26176024279210924,0.7318621523579202
0.7969174977334542,0.2616609783845279,0.7319629181781538
0.7972197038380175,0.26194086429112967,0.7324667472793228
0.7975219099425809,0.2618416066691929,0.7326682789197904
0.7978241160471442,0.26212121212121214,0.7330713422007255
0.7981263221517074,0.26240060583112457,0.7335751713018944
0.7984285282562708,0.26230128690386073,0.7336759371221282
0.7987307343608341,0.26220204313280365,0.7343812978637646
0.7990329404653974,0.26248108925869895,0.734683595324466
0.7993351465699607,0.2627599243856333,0.7348851269649335
0.7996373526745241,0.26266061980347694,0.7352881902458686
0.7999395587790873,0.2629391764261428,0.7353889560661023
0.8002417648836506,0.26321752265861026,0.7361950826279725
0.800543970988214,0.2634956587391468,0.7362958484482064
0.8008461770927773,0.26339622641509436,0.7370012091898429
0.8011483831973406,0.26329686910599776,0.7370012091898429
0.8014505893019039,0.2631975867269985,0.738311164852882
0.8017527954064672,0.263098379193366,0.738311164852882
0.8020550015110305,0.26337603617181615,0.7385126964933494
0.8023572076155938,0.263653483992467,0.7391172914147521
0.8026594137201571,0.26393072289156627,0.7395203546956871
0.8029616198247205,0.26383138878434326,0.7398226521563885
0.8032638259292838,0.26410835214446954,0.7398226521563886
0.8035660320338471,0.26438510718315156,0.7399234179766223
0.8038682381384104,0.2642857142857143,0.7399234179766223
0.8041704442429737,0.26456219466366027,0.7400241837968561
0.804472650347537,0.2644628099173554,0.74012494961709
0.8047748564521003,0.26436349981224183,0.7402257154373236
0.8050770625566637,0.26426426426426425,0.7402257154373236
0.805379268661227,0.26454033771106944,0.7403264812575574
0.8056814747657902,0.26481620405101275,0.7404272470777912
0.8059836808703535,0.2647169103862017,0.7416364369205964
0.8062858869749169,0.2646176911544228,0.7417372027408303
0.8065880930794802,0.264518546272012,0.7424425634824668
0.8068902991840435,0.2644194756554307,0.7424425634824668
0.8071925052886069,0.2646948708348933,0.742744860943168
0.8074947113931702,0.26497005988023953,0.7428456267634019
0.8077969174977334,0.2648709315375982,0.743248690044337
0.8080991236022967,0.2647718773373224,0.744155582426441
0.8084013297068601,0.2646728971962617,0.7442563482466746
0.8087035358114234,0.2645739910313901,0.7443571140669084
0.8090057419159867,0.2648487112439298,0.7445586457073761
0.8093079480205501,0.2647498132935026,0.7453647722692462
0.8096101541251133,0.2650242627846211,0.74546553808948
0.8099123602296766,0.2652985074626866,0.7455663039097139
0.8102145663342399,0.2651995524058187,0.7455663039097139
0.8105167724388033,0.26547352721849365,0.7456670697299476
0.8108189785433666,0.26574729780096906,0.7458686013704151
0.8111211846479299,0.2656482861400894,0.745969367190649
0.8114233907524931,0.2655493482309125,0.7461708988311164
0.8117255968570565,0.2654504839910648,0.7466747279322853
0.8120278029616198,0.2653516933382955,0.7467754937525192
0.8123300090661831,0.265625,0.7469770253929866
0.8126322151707465,0.2655262179248791,0.7469770253929867
0.8129344212753098,0.2654275092936803,0.7469770253929867
0.8132366273798731,0.2653288740245262,0.747279322853688
0.8135388334844363,0.26560178306092125,0.7473800886739218
0.8138410395889997,0.26587448941700703,0.7476823861346231
0.814143245693563,0.2657757980697847,0.7484885126964933
0.8144454517981263,0.26567717996289425,0.7487908101571946
0.8147476579026897,0.2659495548961424,0.7487908101571947
0.815049864007253,0.26585094549499444,0.7488915759774285
0.8153520701118162,0.26575240919199405,0.7491938734381298
0.8156542762163795,0.2656539459058911,0.7493954050785975
0.8159564823209429,0.2659259259259259,0.7495969367190649
0.8162586884255062,0.26582747130692336,0.7496977025392987
0.8165608945300695,0.26572908956328645,0.7498992341797662
0.8168631006346329,0.2656307806141324,0.7504030632809351
0.8171653067391962,0.2655325443786982,0.7505038291011689
0.8174675128437594,0.2658040665434381,0.7506045949214025
0.8177697189483227,0.26570583887657057,0.751309955663039
0.8180719250528861,0.2656076837827854,0.7515114873035067
0.8183741311574494,0.2655096011816839,0.7523176138653769
0.8186763372620127,0.26578073089701,0.752720677146312
0.818978543366576,0.26605166051660517,0.752720677146312
0.8192807494711393,0.26595352268535594,0.752720677146312
0.8195829555757026,0.26585545722713866,0.7528214429665457
0.8198851616802659,0.26612605971249537,0.7533252720677147
0.8201873677848293,0.2660280029476787,0.7536275695284159
0.8204895738893926,0.2662983425414365,0.7537283353486498
0.8207917799939559,0.2665684830633284,0.7546352277307538
0.8210939860985191,0.26683842473316155,0.7547359935509875
0.8213961922030825,0.2671081677704194,0.7548367593712214
0.8216983983076458,0.2673777123942626,0.7549375251914551
0.8220006044122091,0.2676470588235294,0.7553405884723902
0.8223028105167725,0.2675486953325983,0.755844417573559
0.8226050166213358,0.2674504041146216,0.7560459492140267
0.8229072227258991,0.26735218508997427,0.7560459492140267
0.8232094288304623,0.26725403817914833,0.7562474808544941
0.8235116349350257,0.2675229357798165,0.7564490124949618
0.823813841039589,0.2674247982391783,0.7566505441354292
0.8241160471441523,0.26732673267326734,0.756751309955663
0.8244182532487156,0.26722873900293254,0.756751309955663
0.824720459353279,0.2671308171491389,0.7573559048770657
0.8250226654578422,0.26703296703296703,0.7575574365175332
0.8253248715624055,0.26730135481508605,0.7577589681580008
0.8256270776669689,0.26720351390922403,0.7581620314389359
0.8259292837715322,0.26710574460300035,0.7583635630794036
0.8262314898760955,0.2670080468178493,0.7586658605401048
0.8265336959806588,0.26691042047531993,0.7594719871019749
0.8268359020852222,0.2671783625730994,0.760378879484079
0.8271381081897854,0.2670807453416149,0.7608827085852479
0.8274403142943487,0.26698319941563187,0.7608827085852479
0.827742520398912,0.26688572471705,0.7609834744054816
0.8280447265034754,0.2667883211678832,0.7614873035066506
0.8283469326080387,0.26669098869025903,0.7617896009673518
0.828649138712602,0.26659372720641866,0.7620918984280531
0.8289513448171653,0.26649653663871675,0.7621926642482869
0.8292535509217286,0.26676384839650147,0.7621926642482869
0.8295557570262919,0.26666666666666666,0.7623941958887546
0.8298579631308552,0.2669337217771304,0.7624949617089882
0.8301601692354186,0.26720058245358574,0.7626964933494559
0.8304623753399819,0.26710334788937407,0.7626964933494559
0.8307645814445451,0.26700618406693344,0.7626964933494559
0.8310667875491085,0.26690909090909093,0.763099556630391
0.8313689936536718,0.26717557251908397,0.7638049173720275
0.8316711997582351,0.26744186046511625,0.7643087464731962
0.8319734058627984,0.26734471485652017,0.7643087464731962
0.8322756119673618,0.26761074800290485,0.7643087464731964
0.8325778180719251,0.267513611615245,0.7645102781136638
0.8328800241764883,0.2677793904208999,0.7648125755743651
0.8331822302810517,0.2680449764236489,0.7649133413945989
0.833484436385615,0.2683103698332125,0.7649133413945989
0.8337866424901783,0.2685755708590069,0.7652156388553002
0.8340888485947416,0.2684782608695652,0.765316404675534
0.834391054699305,0.26838102136906916,0.7654171704957679
0.8346932608038682,0.2682838522809558,0.7655179363160016
0.8349954669084315,0.2681867535287731,0.7655179363160016
0.8352976730129948,0.26845151953690305,0.7659209995969367
0.8355998791175582,0.2683544303797468,0.7661225312374041
0.8359020852221215,0.26861894432393346,0.7661225312374041
0.8362042913266848,0.268521864835562,0.7663240628778718
0.8365064974312482,0.26878612716763006,0.7664248286981056
0.8368087035358114,0.26868905742145177,0.7665255945183395
0.8371109096403747,0.26859205776173284,0.7665255945183395
0.837413115744938,0.2688560086611332,0.767130189439742
0.8377153218495014,0.26875901875901875,0.7672309552599758
0.8380175279540647,0.26902271907681213,0.7674324869004433
0.838319734058628,0.26892573900504685,0.7674324869004434
0.8386219401631912,0.2691891891891892,0.7687424425634825
0.8389241462677546,0.26945244956772335,0.7687424425634825
0.8392263523723179,0.2697155203456968,0.770253929866989
0.8395285584768812,0.26997840172786175,0.7713623538895606
0.8398307645814446,0.2702410939186758,0.7714631197097944
0.8401329706860079,0.27014388489208635,0.7715638855300283
0.8404351767905711,0.27040632865875586,0.7717654171704957
0.8407373828951344,0.2706685837526959,0.7720677146311972
0.8410395889996978,0.27057132590729427,0.7722692462716646
0.8413417951042611,0.2704741379310345,0.7723700120918985
0.8416440012088244,0.2707360861759425,0.7727730753728336
0.8419462073133878,0.2706389088298636,0.7729746070133011
0.8422484134179511,0.2709006099748834,0.7731761386537687
0.8425506195225143,0.27080344332855094,0.7732769044740024
0.8428528256270776,0.27106489781283616,0.773881499395405
0.843155031731641,0.2709677419354839,0.7744860943168077
0.8434572378362043,0.271228950197062,0.7745868601370415
0.8437594439407676,0.2714899713467049,0.7749899234179766
0.844061650045331,0.2713927676333691,0.7750906892382105
0.8443638561498942,0.27165354330708663,0.7755945183393793
0.8446660622544575,0.27191413237924866,0.775695284159613
0.8449682683590208,0.27217453505007155,0.7756952841596131
0.8452704744635842,0.27207722559885594,0.7757960499798467
0.8455726805681475,0.272337383845604,0.7769044740024184
0.8458748866727108,0.2722400857449089,0.7773075372833534
0.8461770927772742,0.2725,0.7775090689238211
0.8464792988818374,0.2724027133166726,0.7776098347440549
0.8467815049864007,0.2723054960742327,0.7777106005642885
0.847083711090964,0.27256510881198714,0.7780128980249899
0.8473859171955274,0.2724679029957204,0.7782144296654575
0.8476881233000907,0.2723707664884136,0.7782144296654575
0.847990329404654,0.27263007840342124,0.7785167271261587
0.8482925355092172,0.2728892055575347,0.7787182587666264
0.8485947416137806,0.27314814814814814,0.77881902458686
0.8488969477183439,0.2730509077963688,0.778919790407094
0.8491991538229072,0.2733096085409253,0.7791213220475615
0.8495013599274706,0.27321237993596587,0.7794236195082629
0.8498035660320339,0.27347083926031296,0.7797259169689642
0.8501057721365971,0.2737291148240313,0.7800282144296654
0.8504079782411604,0.27398720682302774,0.7800282144296654
0.8507101843457238,0.27424511545293073,0.7801289802498993
0.8510123904502871,0.2741477272727273,0.7806328093510682
0.8513145965548504,0.2744053958111466,0.7809351068117695
0.8516168026594138,0.27430801987224984,0.7810358726320032
0.8519190087639771,0.274210713018801,0.7810358726320032
0.8522212148685403,0.27411347517730494,0.7815397017331721
0.8525234209731036,0.27437079049982277,0.7818419991938734
0.852825627077667,0.2742735648476258,0.7819427650141072
0.8531278331822303,0.27417640807651433,0.7820435308343411
0.8534300392867936,0.27443342776203966,0.7820435308343411
0.853732245391357,0.2743362831858407,0.7821442966545747
0.8540344514959202,0.2745930644019816,0.7822450624748085
0.8543366576004835,0.2748496639547223,0.7823458282950423
0.8546388637050468,0.2747524752475248,0.7824465941152762
0.8549410698096102,0.27465535524920465,0.78254735993551
0.8552432759141735,0.2745583038869258,0.7826481257557436
0.8555454820187368,0.2744613210879548,0.7828496573962113
0.8558476881233001,0.2747175141242938,0.782950423216445
0.8561498942278634,0.2746205435933639,0.7831519548569125
0.8564521003324267,0.27487649964714184,0.7832527206771464
0.85675430643699,0.2751322751322751,0.7839580814187826
0.8570565125415534,0.27538787023977435,0.7848649738008867
0.8573587186461167,0.27564328516038067,0.7852680370818218
0.85766092475068,0.2758985200845666,0.7853688029020556
0.8579631308552432,0.27580133849947164,0.7857718661829907
0.8582653369598066,0.27605633802816903,0.7860741636436921
0.8585675430643699,0.2759591693065822,0.7860741636436921
0.8588697491689332,0.27586206896551724,0.7862756952841595
0.8591719552734965,0.27576503693281745,0.7867795243853285
0.8594741613780599,0.27566807313642755,0.7868802902055623
0.8597763674826231,0.2759226713532513,0.7875856509471987
0.8600785735871864,0.2758257203092059,0.7876864167674325
0.8603807796917498,0.2760800842992624,0.7879887142281339
0.8606829857963131,0.27633426966292135,0.7880894800483677
0.8609851919008764,0.27623727623727623,0.7910116888351472
0.8612873980054397,0.27649122807017545,0.791515517936316
0.8615896041100031,0.27639424763240966,0.7918178153970175
0.8618918102145663,0.2762973352033661,0.7923216444981862
0.8621940163191296,0.27620049071153174,0.792926239419589
0.862496222423693,0.27610371408549406,0.7930270052398226
0.8627984285282563,0.2763572679509632,0.7931277710600564
0.8631006346328196,0.2766106442577031,0.7931277710600564
0.8634028407373829,0.2768638431921596,0.793329302700524
0.8637050468419462,0.27711686494051785,0.7943369609028618
0.8640072529465095,0.2770199370409234,0.7945384925433293
0.8643094590510728,0.2772727272727273,0.7947400241837969
0.8646116651556361,0.2775253407899336,0.7952438532849658
0.8649138712601995,0.2777777777777778,0.7954453849254333
0.8652160773647628,0.27803003842123647,0.7956469165659009
0.8655182834693261,0.2779329608938548,0.7957476823861347
0.8658204895738894,0.2778359511343805,0.796049979846836
0.8661226956784527,0.27808792742498256,0.7971584038694074
0.866424901783016,0.2783397279386118,0.7971584038694074
0.8667271078875793,0.2785913528591353,0.7974607013301088
0.8670293139921427,0.2784942488672011,0.7975614671503425
0.867331520096706,0.278397212543554,0.7981660620717452
0.8676337262012692,0.2786485545106235,0.7983675937122129
0.8679359323058325,0.278899721448468,0.7988714228133817
0.8682381384103959,0.2791507135398538,0.7988714228133817
0.8685403445149592,0.27905358385525403,0.7990729544538492
0.8688425506195225,0.27930434782608693,0.7996775493752519
0.8691447567240859,0.27920723226703753,0.8002821442966545
0.8694469628286491,0.27911018421967326,0.800987505038291
0.8697491689332124,0.27936066712995133,0.8012898024989924
0.8700513750377757,0.2796109760333449,0.801894397420395
0.8703535811423391,0.2798611111111111,0.8027005239822652
0.8706557872469024,0.2797639708434571,0.8037081821846029
0.8709579933514657,0.27966689798750866,0.8048166062071745
0.8712601994560291,0.27991675338189387,0.8056227327690447
0.8715624055605923,0.27981969486823854,0.8058242644095123
0.8718646116651556,0.27972270363951474,0.8058242644095124
0.8721668177697189,0.2796257796257796,0.8063280935106811
0.8724690238742823,0.2798753030827849,0.8066303909713826
0.8727712299788456,0.27977839335180055,0.8069326884320839
0.8730734360834089,0.2796815507095881,0.8072349858927851
0.8733756421879721,0.2799307958477509,0.8078395808141878
0.8736778482925355,0.2801798685575925,0.8079403466344216
0.8739800543970988,0.28042876901798064,0.8079403466344216
0.8742822605016621,0.28067749740753545,0.8079403466344216
0.8745844666062255,0.28092605390463027,0.8081418782748893
0.8748866727107888,0.28082901554404144,0.8082426440951229
0.8751888788153521,0.280732044198895,0.8082426440951229
0.8754910849199153,0.2809803244735934,0.8082426440951229
0.8757932910244787,0.28122843340234643,0.8085449415558242
0.876095497129042,0.2811314246291825,0.8088472390165257
0.8763977032336053,0.2813793103448276,0.8092503022974608
0.8766999093381687,0.28162702516373667,0.8092503022974608
0.877002115442732,0.28187456926257753,0.8093510681176944
0.8773043215472952,0.2821219428177747,0.8094518339379283
0.8776065276518585,0.28202479338842973,0.8098548972188634
0.8779087337564219,0.2819277108433735,0.8106610237807336
0.8782109398609852,0.2818306951135582,0.8106610237807336
0.8785131459655485,0.28207774337805297,0.8110640870616687
0.8788153520701119,0.2823246217331499,0.8114671503426037
0.8791175581746751,0.28257133035407356,0.8115679161628374
0.8794197642792384,0.2824742268041237,0.8120717452640065
0.8797219703838017,0.282720714531089,0.8127771060056429
0.8800241764883651,0.28262362637362637,0.8127771060056429
0.8803263825929284,0.2828698935805012,0.8128778718258767
0.8806285886974917,0.28277282086479066,0.8132809351068118
0.880930794802055,0.2830188679245283,0.8133817009270455
0.8812330009066183,0.2832647462277092,0.8136839983877469
0.8815352070111816,0.28351045594789165,0.8136839983877469
0.8818374131157449,0.2834132967786155,0.8139862958484482
0.8821396192203083,0.28365878725590954,0.8152962515114872
0.8824418253248716,0.28356164383561644,0.8153970173317212
0.8827440314294349,0.2838069154399178,0.8153970173317212
0.8830462375339981,0.2840520191649555,0.8154977831519549
0.8833484436385615,0.28395484091686624,0.8155985489721886
0.8836506497431248,0.28419972640218877,0.8160016122531237
0.8839528558476881,0.2841025641025641,0.8160016122531237
0.8842550619522515,0.28400546821599454,0.8165054413542926
0.8845572680568148,0.2839084386744107,0.8166062071745263
0.8848594741613781,0.2838114754098361,0.8167069729947601
0.8851616802659413,0.2837145783543872,0.8170092704554616
0.8854638863705047,0.2839590443686007,0.8171100362756953
0.885766092475068,0.2842033435687479,0.817210802095929
0.8860682985796313,0.2844474761255116,0.8177146311970979
0.8863705046841946,0.2843504943743607,0.8177146311970979
0.886672710788758,0.2845944103612815,0.818117694478033
0.8869749168933212,0.2848381601362862,0.8181176944780332
0.8872771229978845,0.2847411444141689,0.8182184602982668
0.8875793291024479,0.2849846782431052,0.8182184602982668
0.8878815352070112,0.2852280462899932,0.818218460298267
0.8881837413115745,0.2851309969377339,0.8188230552196695
0.8884859474161378,0.28537414965986396,0.8191253526803708
0.8887881535207011,0.2852771166269976,0.8194276501410721
0.8890903596252644,0.28552005438477224,0.8201330108827086
0.8893925657298277,0.2854230377166157,0.8202337767029424
0.889694771834391,0.28566576086956524,0.8208383716243449
0.8899969779389544,0.28590831918505943,0.8209391374445788
0.8902991840435177,0.2858112695179905,0.8211406690850463
0.890601390148081,0.2857142857142857,0.8214429665457477
0.8909035962526443,0.28595658073270014,0.8220475614671504
0.8912058023572076,0.28585961342828076,0.8220475614671504
0.8915080084617709,0.28576271186440677,0.8220475614671504
0.8918102145663342,0.28566587597424603,0.8234582829504232
0.8921124206708976,0.2859078590785908,0.8246674727932285
0.8924146267754609,0.2858110396207247,0.8246674727932285
0.8927168328800241,0.2860528097494922,0.8246674727932285
0.8930190389845875,0.2859560067681895,0.8255743651753326
0.8933212450891508,0.2861975642760487,0.8259774284562676
0.8936234511937141,0.2861007778153534,0.8260781942765014
0.8939256572982774,0.286342123056119,0.8261789600967352
0.8942278634028408,0.2862453531598513,0.8269850866586054
0.8945300695074041,0.28614864864864864,0.8272873841193067
0.8948322756119673,0.2860520094562648,0.8272873841193068
0.8951344817165306,0.2862930452397029,0.8274889157597741
0.895436687821094,0.28619642254471817,0.8278919790407094
0.8957388939256573,0.28643724696356276,0.8286981056025796
0.8960411000302206,0.2863406408094435,0.8288996372430472
0.896343306134784,0.2862440997977074,0.829000403063281
0.8966455122393472,0.28648466464442196,0.8302095929060863
0.8969477183439105,0.2863881401617251,0.8303103587263201
0.8972499244484738,0.28662849444257327,0.8315195485691254
0.8975521305530372,0.2868686868686869,0.8318218460298267
0.8978543366576005,0.286772130595759,0.8318218460298267
0.8981565427621638,0.28667563930013457,0.8320233776702942
0.898458748866727,0.2865792129162462,0.8321241434905281
0.8987609549712904,0.2864828513786147,0.8329302700523983
0.8990631610758537,0.28672268907563025,0.8331318016928658
0.899365367180417,0.2866263440860215,0.8332325675130995
0.8996675732849804,0.28653006382264024,0.8332325675130997
0.8999697793895437,0.2867696440564137,0.8338371624345022
0.900271985494107,0.28700906344410876,0.8338371624345022
0.9005741915986702,0.287248322147651,0.8340386940749699
0.9008763977032336,0.2871519624287152,0.8340386940749699
0.9011786038077969,0.2870556673373575,0.8343409915356711
0.9014808099123602,0.2872946697955079,0.8345425231761386
0.9017830160169236,0.2875335120643432,0.8350463522773075
0.9020852221214869,0.2877721943048576,0.8352478839177752
0.9023874282260501,0.28801071667782985,0.8358524788391778
0.9026896343306134,0.2879142952795447,0.8362555421201129
0.9029918404351768,0.28815261044176704,0.8363563079403465
0.9032940465397401,0.28805620608899296,0.8367593712212816
0.9035962526443034,0.28795986622073577,0.8369609028617493
0.9038984587488668,0.28819792711467734,0.8370616686819831
0.9042006648534301,0.28843582887700536,0.837162434502217
0.9045028709579933,0.2886735716672235,0.837162434502217
0.9048050770625566,0.28857715430861725,0.8374647319629182
0.90510728316712,0.2888146911519199,0.8374647319629182
0.9054094892716833,0.2887182910547397,0.8375654977831518
0.9057116953762466,0.28862195528862195,0.8381700927045546
0.90601390148081,0.2885256837891928,0.8386739218057234
0.9063161075853732,0.28842947649216405,0.8386739218057234
0.9066183136899365,0.28833333333333333,0.8392785167271262
0.9069205197944998,0.2882372542485838,0.8392785167271262
0.9072227258990632,0.28847435043304465,0.840286174929464
0.9075249320036265,0.2883782883782884,0.8407900040306329
0.9078271381081898,0.28828229027962715,0.8412938331318017
0.908129344212753,0.2885191347753744,0.8414953647722693
0.9084315503173164,0.2884231536926148,0.8417976622329705
0.9087337564218797,0.28865979381443296,0.8418984280532044
0.909035962526443,0.2888962765957447,0.8423014913341395
0.9093381686310064,0.2888002658690595,0.8425030229746069
0.9096403747355697,0.28903654485049834,0.8433091495364772
0.909942580840133,0.28927266688807707,0.8436114469971786
0.9102447869446962,0.28950863213811423,0.8438129786376459
0.9105469930492596,0.2897444407567209,0.8439137444578799
0.9108491991538229,0.2896483078964831,0.8439137444578799
0.9111514052583862,0.28955223880597014,0.8440145102781136
0.9114536113629496,0.28978779840848806,0.8446191051995163
0.9117558174675129,0.2900232018561485,0.845223700120919
0.9120580235720761,0.2899271040424122,0.845626763401854
0.9123602296766394,0.2901623053991388,0.8458282950423217
0.9126624357812028,0.2900662251655629,0.8462313583232568
0.9129646418857661,0.29030122476001324,0.8466344216041918
0.9132668479903294,0.29053606882859034,0.8466344216041919
0.9135690540948928,0.29043996030433344,0.8468359532446593
0.9138712601994561,0.29034391534391535,0.8472390165255944
0.9141734663040193,0.2905785123966942,0.8475413139862958
0.9144756724085826,0.29081295439524124,0.8478436114469972
0.914777878513146,0.29071688140072677,0.8479443772672309
0.9150800846177093,0.2906208718626156,0.8481459089076985
0.9153822907222726,0.29052492571805877,0.8482466747279322
0.915684496826836,0.29042904290429045,0.848347440548166
0.9159867029313992,0.2903332233586275,0.8485489721886337
0.9162889090359625,0.2905672823218997,0.8494558645707375
0.9165911151405258,0.2904714803824596,0.8496573962112052
0.9168933212450892,0.2903757415952538,0.8496573962112052
0.9171955273496525,0.29060955518945636,0.849758162031439
0.9174977334542158,0.29051383399209485,0.8503627569528417
0.917799939558779,0.29074744813961145,0.8504635227730754
0.9181021456633424,0.29098090849242925,0.8508665860540104
0.9184043517679057,0.29088515959197103,0.851571946795647
0.918706557872469,0.2911184210526316,0.8516727126158807
0.9190087639770324,0.29102268990463664,0.8517734784361144
0.9193109700815957,0.29125575279421434,0.8518742442563482
0.919613176186159,0.29148866250410777,0.8520757758968157
0.9199153822907222,0.29172141918528255,0.8523780733575171
0.9202175883952856,0.29195402298850576,0.8531841999193874
0.9205197944998489,0.29185817465528563,0.8531841999193874
0.9208220006044122,0.29176238923531345,0.8532849657396211
0.9211242067089755,0.291994750656168,0.8536880290205562
0.9214264128135389,0.29189898327320435,0.8539903264812576
0.9217286189181021,0.29180327868852457,0.8542926239419589
0.9220308250226654,0.2920353982300885,0.8544941555824265
0.9223330311272288,0.2919397116644823,0.8549979846835952
0.9226352372317921,0.2921716344579103,0.8557033454252317
0.9229374433363554,0.29240340537000653,0.8559048770656993
0.9232396494409187,0.2923076923076923,0.8562071745264005
0.9235418555454821,0.29221204188481675,0.8562071745264007
0.9238440616500453,0.2921164540399084,0.856912535268037
0.9241462677546086,0.2920209287115762,0.8573155985489723
0.924448473859172,0.2919254658385093,0.8594316807738815
0.9247506799637353,0.29183006535947714,0.8595324465941152
0.9250528860682986,0.29206141783730805,0.8596332124143492
0.9253550921728619,0.2919660352710647,0.8597339782345829
0.9256572982774252,0.29219719229513547,0.8597339782345829
0.9259595043819885,0.2921018276762402,0.8599355098750504
0.9262617104865518,0.29200652528548127,0.8602378073357517
0.9265639165911151,0.29191128506197,0.8611446997178557
0.9268661226956785,0.29214215846103686,0.8612454655380896
0.9271683288002418,0.2923728813559322,0.8613462313583232
0.927470534904805,0.29260345389377646,0.8616485288190247
0.9277727410093684,0.29283387622149837,0.8617492946392584
0.9280749471139317,0.29306414848583523,0.8620515920999597
0.928377153218495,0.2932942708333333,0.8622531237404273
0.9286793593230583,0.2931988285063456,0.8624546553808948
0.9289815654276217,0.29310344827586204,0.8639661426844015
0.929283771532185,0.29300813008130083,0.8639661426844015
0.9295859776367482,0.29291287386215864,0.8639661426844015
0.9298881837413115,0.292817679558011,0.864167674324869
0.9301903898458749,0.29272254710851203,0.864167674324869
0.9304925959504382,0.292627476453394,0.8652760983474406
0.9307948020550015,0.29285714285714287,0.8666868198307133
0.9310970081595649,0.29276209023044464,0.8667875856509473
0.9313992142641281,0.2926670992861778,0.8669891172914147
0.9317014203686914,0.2928965293545248,0.867291414752116
0.9320036264732547,0.2928015564202335,0.8694074969770255
0.9323058325778181,0.2927066450567261,0.8695082627972592
0.9326080386823814,0.2929358392741413,0.8700120918984281
0.9329102447869447,0.2931648850016197,0.8703143893591294
0.9332124508915081,0.2930699481865285,0.8707174526400645
0.9335146569960713,0.2932988022013597,0.8712212817412334
0.9338168631006346,0.2935275080906149,0.8717251108424021
0.9341190692051979,0.29375606599805887,0.8722289399435712
0.9344212753097613,0.2936610608020699,0.8725312374042725
0.9347234814143246,0.2938894277400582,0.87273276904474
0.9350256875188879,0.2937944408532644,0.8728335348649737
0.9353278936234511,0.2940226171243942,0.8737404272470778
0.9356300997280145,0.294250645994832,0.8739419588875453
0.9359323058325778,0.2941556344849855,0.874546553808948
0.9362345119371411,0.29406068431245963,0.8752519145505845
0.9365367180417045,0.2942884801548887,0.8753526803708183
0.9368389241462678,0.29419354838709677,0.8756549778315196
0.937141130250831,0.2944211544663012,0.8760580411124547
0.9374433363553943,0.29432624113475175,0.8761588069326884
0.9377455424599577,0.294231388978408,0.876763401854091
0.938047748564521,0.29445876288659795,0.87726723095526
0.9383499546690843,0.2946859903381642,0.8776702942361951
0.9386521607736477,0.29459111397295557,0.8779725916968965
0.938954366878211,0.29481815255873833,0.8781741233373639
0.9392565729827742,0.2947232947232947,0.8789802498992342
0.9395587790873375,0.2949501447410743,0.8792825473599355
0.9398609851919009,0.29517684887459805,0.8793833131801693
0.9401631912964642,0.29540340726454517,0.8798871422813382
0.9404653974010275,0.29562982005141386,0.8800886739218057
0.9407676035055909,0.295856087375522,0.8800886739218058
0.9410698096101541,0.2960822093770071,0.8803909713825071
0.9413720157147174,0.29630818619582666,0.8804917372027408
0.9416742218192807,0.29653401797175866,0.8811970979443773
0.9419764279238441,0.2964388835418672,0.8814993954050786
0.9422786340284074,0.29634381013470174,0.8819024586860137
0.9425808401329707,0.29656941327348507,0.8819024586860138
0.942883046237534,0.296474358974359,0.8823055219669488
0.9431852523420973,0.2963793655879526,0.8823055219669488
0.9434874584466606,0.2966047405509289,0.882708585247884
0.9437896645512239,0.2968299711815562,0.8828093510681176
0.9440918706557873,0.2967349551856594,0.8829101168883514
0.9443940767603506,0.29696,0.8831116485288191
0.9446962828649139,0.29686500319897635,0.8835147118097542
0.9449984889694771,0.29677006715701953,0.8844216041918581
0.9453006950740405,0.2969948849104859,0.8850261991132609
0.9456029011786038,0.2972195589645254,0.8854292623941958
0.9459051072831671,0.297444089456869,0.8857315598548973
0.9462073133877305,0.2973490897476844,0.8859330914953647
0.9465095194922938,0.29757343550446996,0.8861346231358324
0.946811725596857,0.2977976380466007,0.8864369205965336
0.9471139317014203,0.297702616464582,0.886739218057235
0.9474161378059837,0.29792663476874004,0.8871422813381701
0.947718343910547,0.2981505102040816,0.887646110439339
0.9480205500151103,0.2980554670066943,0.8880491737202741
0.9483227561196736,0.2982791586998088,0.8887545344619104
0.948624962224237,0.298502707868748,0.8890568319226118
0.9489271683288002,0.2987261146496815,0.8895606610237806
0.9492293744333635,0.29894937917860553,0.8897621926642483
0.9495315805379269,0.2991725015913431,0.8904675534058847
0.9498337866424902,0.2993954820235444,0.8906690850463522
0.9501359927470535,0.2993002544529262,0.8906690850463524
0.9504381988516168,0.29952305246422894,0.8908706166868199
0.9507404049561801,0.29974570883661794,0.8911729141475212
0.9510426110607434,0.299968223705116,0.8913744457879887
0.9513448171653067,0.29987293519695046,0.8914752116082226
0.95164702326987,0.29977770720863767,0.8914752116082226
0.9519492293744334,0.29968253968253966,0.8915759774284563
0.9522514354789967,0.2995874325610917,0.8917775090689238
0.95255364158356,0.2998096446700508,0.8919790407093915
0.9528558476881233,0.30003171582619725,0.8923821039903265
0.9531580537926866,0.3002536461636018,0.8923821039903265
0.9534602598972499,0.3004754358161648,0.8924828698105602
0.9537624660018132,0.30038022813688214,0.8926844014510277
0.9540646721063766,0.3002850807728856,0.8927851672712616
0.9543668782109399,0.30050664977834074,0.893087464731963
0.9546690843155031,0.3007280785058563,0.8932889963724304
0.9549712904200665,0.30063291139240506,0.8933897621926642
0.9552734965246298,0.30085416007592536,0.8946997178557033
0.9555757026291931,0.30075901328273247,0.895304312777106
0.9558779087337564,0.30098008220044264,0.8961104393389762
0.9561801148383198,0.3008849557522124,0.8970173317210802
0.956482320942883,0.30078988941548185,0.897118097541314
0.9567845270474463,0.30101073910296905,0.898024989923418
0.9570867331520096,0.3012314493211241,0.8999395405078596
0.957388939256573,0.30113636363636365,0.9000403063280936
0.9576911453611363,0.301356894919533,0.9003426037887948
0.9579933514656996,0.30157728706624604,0.9020556227327691
0.958295557570263,0.30179754020813626,0.9023579201934703
0.9585977636748262,0.30170239596469106,0.9027609834744054
0.9588999697793895,0.3019224708477781,0.9033655783958081
0.9592021758839528,0.3018273471959672,0.9034663442160419
0.9595043819885162,0.30173228346456693,0.9035671100362758
0.9598065880930795,0.3019521410579345,0.9036678758565095
0.9601087941976428,0.3021718602455146,0.9040709391374446
0.960411000302206,0.30239144115796096,0.904776299879081
0.9607132064067694,0.3026108839257628,0.9051793631600161
0.9610154125113327,0.30251572327044024,0.9054816606207176
0.961317618615896,0.3024206224457718,0.9055824264409512
0.9616198247204594,0.30263984915147707,0.9066908504635228
0.9619220308250227,0.30285893810870246,0.9067916162837566
0.962224236929586,0.3030778894472362,0.9068923821039903
0.9625264430341492,0.3032967032967033,0.9070939137444579
0.9628286491387126,0.30351537978656623,0.9071946795646917
0.9631308552432759,0.3034201443363665,0.9076985086658605
0.9634330613478392,0.30363864491844417,0.908000806126562
0.9637352674524026,0.30385700846660396,0.908806932688432
0.9640374735569659,0.30407523510971785,0.9090084643288997
0.9643396796615291,0.30397994359135067,0.9091092301491334
0.9646418857660924,0.30388471177944865,0.910217654171705
0.9649440918706558,0.30378953961791416,0.9103184199919387
0.9652462979752191,0.30400751408891674,0.9104191858121725
0.9655485040797824,0.30391236306729263,0.9107214832728738
0.9658507101843458,0.3041301627033792,0.9108222490931076
0.966152916288909,0.30434782608695654,0.9109230149133415
0.9664551223934723,0.3042526579111945,0.9111245465538089
0.9667573284980356,0.3041575492341357,0.9112253123740427
0.967059534602599,0.304375,0.9119306731156792
0.9673617407071623,0.3045923149015933,0.9120314389359129
0.9676639468117256,0.3048094940662086,0.9123337363966142
0.967966152916289,0.30471433031532935,0.9124345022168482
0.9682683590208522,0.3046192259675406,0.9131398629584845
0.9685705651254155,0.30483619344773794,0.9131398629584845
0.9688727712299788,0.30505302557704306,0.9139459895203547
0.9691749773345422,0.3049579045837231,0.9143490528012898
0.9694771834391055,0.30517456359102246,0.9146513502619911
0.9697793895436688,0.30539108756622,0.9153567110036276
0.970081595648232,0.3052959501557632,0.9171704957678356
0.9703838017527954,0.30520087200249146,0.9171704957678356
0.9706860078573587,0.30541718555417185,0.9175735590487707
0.970988213961922,0.3056333644568939,0.9175735590487707
0.9712904200664854,0.305849408836341,0.9177750906892381
0.9715926261710487,0.30606531881804044,0.9189842805320435
0.971894832275612,0.3062810945273632,0.9190850463522772
0.9721970383801752,0.3064967360895244,0.9191858121725112
0.9724992444847386,0.3067122436295836,0.9195888754534463
0.9728014505893019,0.3069276172724449,0.9200927045546151
0.9731036566938652,0.306832298136646,0.9203950020153164
0.9734058627984286,0.30704750077615645,0.9207980652962515
0.9737080689029919,0.30726256983240224,0.9208988311164853
0.9740102750075551,0.30747750542972385,0.9208988311164853
0.9743124811121184,0.3076923076923077,0.920999596936719
0.9746146872166818,0.30790697674418605,0.9209995969367192
0.9749168933212451,0.3078115313081215,0.9209995969367192
0.9752190994258084,0.3080260303687636,0.9231156791616284
0.9755213055303718,0.30824039653035934,0.9236195082627973
0.975823511634935,0.3084546299163828,0.9236195082627973
0.9761257177394983,0.30835913312693497,0.9238210399032648
0.9764279238440616,0.308263695450325,0.9250302297460702
0.976730129948625,0.30816831683168316,0.9256348246674727
0.9770323360531883,0.30807299721620784,0.9256348246674727
0.9773345421577516,0.308286951144094,0.9283555018137847
0.977636748262315,0.308500772797527,0.9286577992744861
0.9779389543668782,0.30871446229913474,0.9288593309149537
0.9782411604714415,0.3086190917516219,0.9290608625554212
0.9785433665760048,0.30852378011117976,0.9315800080612657
0.9788455726805682,0.30873726458783574,0.9320838371624346
0.9791477787851315,0.3089506172839506,0.9321846029826683
0.9794499848896948,0.30916383832150574,0.9323861346231358
0.979752190994258,0.3093769278223319,0.9328899637243048
0.9800543970988214,0.30958988590810976,0.9329907295445384
0.9803566032033847,0.3094944512946979,0.9332930270052398
0.980658809307948,0.3093990755007704,0.9338976219266425
0.9809610154125114,0.3096118299445471,0.9338976219266425
0.9812632215170747,0.30982445334154607,0.9339983877468763
0.981565427621638,0.30972906403940886,0.9344014510278114
0.9818676337262012,0.3096337334564481,0.9349052801289801
0.9821698398307646,0.3098461538461538,0.9350060459492141
0.9824720459353279,0.3097508458935712,0.9352075775896815
0.9827742520398912,0.3096555965559656,0.9353083434099153
0.9830764581444545,0.30986781432523824,0.9355098750503829
0.9833786642490179,0.30977258758451137,0.9361144699717855
0.9836808703535811,0.3096774193548387,0.9362152357920194
0.9839830764581444,0.3095823095823096,0.9366182990729545
0.9842852825627078,0.30979428922321156,0.937323659814591
0.9845874886672711,0.3096992019643953,0.9375251914550585
0.9848896947718344,0.30991101564897205,0.9376259572752922
0.9851919008763977,0.31012269938650305,0.9379282547359935
0.985494106980961,0.31002759889604414,0.9379282547359935
0.9857963130855243,0.3102391171060699,0.9380290205562273
0.9860985191900876,0.3104505056696292,0.9381297863764612
0.986400725294651,0.31066176470588236,0.93863361547763
0.9867029313992143,0.31056661562021437,0.939036678758565
0.9870051375037776,0.31077770973668095,0.9396412736799679
0.9873073436083409,0.31068258340985616,0.9398428053204353
0.9876095497129042,0.3105875152998776,0.9417573559048771
0.9879117558174675,0.31079840929947994,0.9418581217251109
0.9882139619220308,0.3110091743119266,0.9427650141072149
0.9885161680265941,0.31121981045551816,0.94316807738815
0.9888183741311575,0.31143031784841074,0.9437726723095525
0.9891205802357208,0.31133516651390164,0.9439742039500202
0.989422786340284,0.3112400733048259,0.9488109633212415
0.9897249924448474,0.3114503816793893,0.9491132607819427
0.9900271985494107,0.31166056166056166,0.9498186215235792
0.990329404653974,0.31156545620994813,0.949919387343813
0.9906316107585373,0.31177547284929835,0.9500201531640468
0.9909338168631007,0.3116803903629155,0.9506247480854495
0.991236022967664,0.31158536585365854,0.9507255139056832
0.9915382290722272,0.31179518439500153,0.951229343006852
0.9918404351767905,0.3117001828153565,0.9519347037484884
0.9921426412813539,0.3116052391105696,0.9527408303103587
0.9924448473859172,0.3118148599269184,0.9533454252317615
0.9927470534904805,0.3120243531202435,0.9564691656590085
0.9930492595950439,0.3119293974437006,0.9577791213220476
0.9933514656996071,0.31213872832369943,0.958484482063684
0.9936536718041704,0.3123479318734793,0.9598952035469569
0.9939558779087337,0.31225296442687744,0.9612051592099959
0.9942580840132971,0.31246200607902735,0.9618097541313987
0.9945602901178604,0.31267092069279856,0.9622128174123338
0.9948624962224237,0.3125759416767922,0.9623135832325675
0.995164702326987,0.3127846948071667,0.9628174123337363
0.9954669084315503,0.31299332119004253,0.9634220072551392
0.9957691145361136,0.31320182094081944,0.9635227730753728
0.9960713206406769,0.3131067961165049,0.9648327287384119
0.9963735267452403,0.3133151349711859,0.967049576783555
0.9966757328498036,0.3135233474833232,0.9674526400644902
0.9969779389543669,0.31373143376780843,0.9681580008061266
0.9972801450589301,0.31393939393939396,0.9686618299072954
0.9975823511634935,0.31414722811269313,0.9692664248286982
0.9978845572680568,0.3143549364021805,0.9697702539298669
0.9981867633726201,0.3142597638510445,0.9711809754131399
0.9984889694771835,0.31446731234866826,0.9718863361547764
0.9987911755817468,0.31437216338880486,0.9724909310761789
0.99909338168631,0.3142770719903206,0.9735993550987505
0.9993955877908733,0.31448442697308737,0.9745062474808543
0.9996977938954367,0.3143893591293833,0.9793430068520758
1.0,0.31429434874584466,0.9904272470777912
